objectid,region_name,countryside_name,region_id,district_name,district_id,countryside_id_main,shape_Length,shape_Area,name_standardized_main,tin,name,countryside_id_new,sector,name_standardized_new,name_match
1,Andijon viloyati,Barkamol MFY,1703,Andijon shahar,1703401,1703401001.0,2606.0022124184,378264.3677093879,barkamol mfy,,,,,,
26,Andijon viloyati,Sadoqat MFY,1703,Andijon shahar,1703401,1703401037.0,8178.2673116418,2733055.9645307385,sadoqat mfy,,,,,,
27,Andijon viloyati,Iqbol MFY,1703,Andijon shahar,1703401,1703401007.0,3093.7027903527,504336.6723155788,iqbol mfy,,,,,,
31,Andijon viloyati,Yangi xayot MFY,1703,Andijon shahar,1703401,1703401017.0,7978.9445785537,1516301.0839819452,yangi hayot mfy,,,,,,
44,Andijon viloyati,Bekguzar MFY,1703,Andijon shahar,1703401,1703401059.0,8542.5704378372,2245464.8901955634,bekguzar mfy,,,,,,
57,Andijon viloyati,Z.M.Bobur MFY,1703,Andijon shahar,1703401,1703401062.0,3855.9056781508,622021.886854363,zmbobur mfy,,,,,,
59,Andijon viloyati,Xunarmand MFY,1703,Andijon shahar,1703401,1703401050.0,3630.6701414865,510616.1644059957,hunarmand mfy,,,,,,
65,Andijon viloyati,Sholdirama (10-son) MFY,1703,Andijon shahar,1703401,1703401060.0,2422.523502913,274114.8898003825,sholdirama 10son mfy,,,,,,
69,Andijon viloyati,Sog‘lom turmush MFY,1703,Andijon shahar,1703401,1703401055.0,3918.7833706205,465263.4367366346,soglom turmush mfy,,,,,,
112,Andijon viloyati,Alisher Navoiy MFY,1703,Xonabod shahar,1703408,1703408013.0,11565.812594563,3045236.9968609307,alisher navoiy mfy,,,,,,
132,Andijon viloyati,Nurzamin MFY,1703,Buloqboshi tumani,1703210,1703210015.0,12115.2314863336,3426189.405041331,nurzamin mfy,,,,,,
133,Andijon viloyati,Sarbontepa MFY,1703,Buloqboshi tumani,1703210,1703210020.0,29636.0040605497,29533424.797701865,sarbontepa mfy,,,,,,
144,Andijon viloyati,BoyMFY,1703,Buloqboshi tumani,1703210,1703210010.0,10299.1195383524,3517087.709933623,boymfy,,,,,,
145,Andijon viloyati,M.Ismoiliy MFY,1703,Buloqboshi tumani,1703210,1703210004.0,4325.2181945051,821235.7529511086,mismoiliy mfy,,,,,,
151,Andijon viloyati,Yangi O'zbekiston MFY,1703,Xonabod shahar,1703408,1703408016.0,7442.0633694389,1701965.8579306605,yangi ozbekiston mfy,,,,,,
167,Andijon viloyati,Guliston (Beshtol) MFY,1703,Jalaquduq tumani,1703211,1703211022.0,15627.0266108537,9431977.56568946,guliston beshtol mfy,,,,,,
179,Andijon viloyati,Xasanqovoq MFY,1703,Jalaquduq tumani,1703211,1703211031.0,10664.322606977,5194840.88071364,hasanqovoq mfy,,,,,,
183,Andijon viloyati,Oxunboboev MFY,1703,Jalaquduq tumani,1703211,1703211058.0,17477.1072917354,11372231.7440271,ohunboboev mfy,,,,,,
186,Andijon viloyati,Ittifoq Yujniy MFY,1703,Jalaquduq tumani,1703211,1703211063.0,58181.3601874517,50061969.10541309,ittifoq yujniy mfy,,,,,,
192,Andijon viloyati,O‘rg‘i MFY,1703,Jalaquduq tumani,1703211,1703211015.0,14765.8145031856,5949246.275343906,orgi mfy,,,,,,
196,Andijon viloyati,Qorayontoq MFY,1703,Jalaquduq tumani,1703211,1703211011.0,17213.3286414281,9392923.189788738,qorayontoq mfy,,,,,,
201,Andijon viloyati,Navoiy Yujniy MFY,1703,Jalaquduq tumani,1703211,1703211062.0,8718.7571747143,1548998.6572437524,navoiy yujniy mfy,,,,,,
205,Andijon viloyati,Yangichek MFY,1703,Jalaquduq tumani,1703211,1703211061.0,5463.1819940599,1143693.0366900477,yangichek mfy,,,,,,
229,Andijon viloyati,Qo`qonqishloq MFY,1703,Paxtaobod tumani,1703232,1703232005.0,4478.4019086182,564122.733913679,qoqonqishloq mfy,,,,,,
244,Andijon viloyati,Soy bo`yi MFY,1703,Paxtaobod tumani,1703232,1703232021.0,10571.0370604447,2701380.8984658616,soy boyi mfy,,,,,,
286,Andijon viloyati,Yangiobod MFY,1703,Paxtaobod tumani,1703232,1703232065.0,21029.9847549601,15014637.496546373,yangiobod mfy,,,,,,
296,Andijon viloyati,Qovoqto‘pi MFY,1703,Asaka tumani,1703224,1703224022.0,12026.6292298903,5465461.273454147,qovoqtopi mfy,,,,,,
309,Andijon viloyati,Abu Ali Ibn Sino MFY,1703,Asaka tumani,1703224,1703224010.0,8911.5647100625,1006515.570639748,abu ali ibn sino mfy,,,,,,
317,Andijon viloyati,Alisher Navoiy MFY,1703,Asaka tumani,1703224,1703224057.0,23165.6153150088,14474697.903352004,alisher navoiy mfy,,,,,,
340,Andijon viloyati,Do‘rmon MFY,1703,Asaka tumani,1703224,1703224067.0,11258.9795199193,4219518.628152992,dormon mfy,,,,,,
360,Andijon viloyati,Saydobod MFY,1703,Asaka tumani,1703224,1703224056.0,42875.7403276119,40921054.76758065,saydobod mfy,,,,,,
364,Andijon viloyati,Muqumiy MFY,1703,Asaka tumani,1703224,1703224011.0,8059.272561806,1784787.352756839,muqumiy mfy,,,,,,
372,Andijon viloyati,BoyMFY,1703,Izboskan tumani,1703214,1703214033.0,14308.7098110834,7728018.090619368,boymfy,,,,,,
387,Andijon viloyati,Oq oltin MFY,1703,Izboskan tumani,1703214,1703214058.0,10579.2623051551,4692490.044202401,oq oltin mfy,,,,,,
417,Andijon viloyati,Kugay MFY,1703,Izboskan tumani,1703214,1703214022.0,24838.6871552485,17137715.58194832,kugay mfy,,,,,,
419,Andijon viloyati,A.Navoiy MFY,1703,Izboskan tumani,1703214,1703214032.0,4617.434101895,918710.06148753,anavoiy mfy,,,,,,
420,Andijon viloyati,Z.M.Bobur MFY,1703,Izboskan tumani,1703214,1703214053.0,4685.8377502648,865817.5220817052,zmbobur mfy,,,,,,
422,Andijon viloyati,Qashqarliq MFY,1703,Izboskan tumani,1703214,1703214006.0,6769.2151038699,1474747.2073015007,qashqarliq mfy,,,,,,
428,Andijon viloyati,Oq tepa MFY,1703,Oltinko'l tumani,1703202,1703202034.0,11894.9503218884,5991072.42216924,oq tepa mfy,,,,,,
440,Andijon viloyati,Sharq-yulduzi MFY,1703,Oltinko'l tumani,1703202,1703202027.0,12538.1285210506,6297115.205610727,sharqyulduzi mfy,,,,,,
452,Andijon viloyati,Ittifoq (Maslaxat) MFY,1703,Oltinko'l tumani,1703202,1703202033.0,10696.0764383986,3051662.95391449,ittifoq maslahat mfy,,,,,,
480,Andijon viloyati,Yangichek MFY,1703,Oltinko'l tumani,1703202,1703202006.0,7251.5293434737,1483131.450913686,yangichek mfy,,,,,,
495,Andijon viloyati,Yangi obod MFY,1703,Bo'ston tumani,1703209,1703209005.0,28571.3034904156,31205818.60815072,yangi obod mfy,,,,,,
500,Andijon viloyati,Xalkobod MFY,1703,Bo'ston tumani,1703209,1703209010.0,25896.1296758803,28956583.34673708,halkobod mfy,,,,,,
511,Andijon viloyati,Alchazor MFY,1703,Baliqchi tumani,1703206,1703206035.0,24954.5999934575,21763315.38023892,alchazor mfy,,,,,,
516,Andijon viloyati,Do‘ngsaroy MFY,1703,Baliqchi tumani,1703206,1703206022.0,22992.8998171966,10748723.224493785,dongsaroy mfy,,,,,,
521,Andijon viloyati,Istiqlol MFY,1703,Baliqchi tumani,1703206,1703206025.0,7272.0388454493,1484005.0472546527,istiqlol mfy,,,,,,
525,Andijon viloyati,Muqanna MFY,1703,Baliqchi tumani,1703206,1703206026.0,15470.1822130299,10044769.29799831,muqanna mfy,,,,,,
526,Andijon viloyati,Mumtoz MFY,1703,Baliqchi tumani,1703206,1703206027.0,22917.5352718235,13972999.077012084,mumtoz mfy,,,,,,
531,Andijon viloyati,Sirmoq MFY,1703,Baliqchi tumani,1703206,1703206015.0,16480.0355997186,8637586.97123634,sirmoq mfy,,,,,,
535,Andijon viloyati,O‘rta qo‘rg‘on MFY,1703,Baliqchi tumani,1703206,1703206046.0,28836.864824704,20015933.46759026,orta qorgon mfy,,,,,,
544,Andijon viloyati,Aʼlam MFY,1703,Baliqchi tumani,1703206,1703206002.0,36725.263718684,15445513.20818192,aʼlam mfy,,,,,,
563,Andijon viloyati,Oq qo‘rg‘on MFY,1703,Baliqchi tumani,1703206,1703206044.0,5852.3951394378,1766513.2807957851,oq qorgon mfy,,,,,,
566,Andijon viloyati,Avesto MFY,1703,Baliqchi tumani,1703206,1703206034.0,9582.6295485945,3021287.1504391907,avesto mfy,,,,,,
567,Andijon viloyati,Oq tepa MFY,1703,Baliqchi tumani,1703206,1703206013.0,15904.4128958413,6765262.630882204,oq tepa mfy,,,,,,
572,Andijon viloyati,Iftixor MFY,1703,Baliqchi tumani,1703206,1703206053.0,7844.811599377,1810028.5708459248,iftihor mfy,,,,,,
592,Andijon viloyati,Qoraqolpoq MFY,1703,Andijon tumani,1703203,1703203057.0,13514.9046693883,5590545.015952355,qoraqolpoq mfy,,,,,,
594,Andijon viloyati,Yangi obod MFY,1703,Andijon tumani,1703203,1703203050.0,15332.3018902336,11015901.512541542,yangi obod mfy,,,,,,
609,Andijon viloyati,Doʻdir MFY,1703,Andijon tumani,1703203,1703203011.0,15175.8439620166,5498935.037891044,dodir mfy,,,,,,
622,Andijon viloyati,Chem MFY,1703,Andijon tumani,1703203,1703203031.0,14425.2053954581,4438343.274723548,chem mfy,,,,,,
633,Andijon viloyati,Polason MFY,1703,Andijon tumani,1703203,1703203001.0,8985.0975321015,2207629.7148612486,polason mfy,,,,,,
647,Andijon viloyati,Doʻng qishloq MFY,1703,Andijon tumani,1703203,1703203066.0,31956.7317263278,36973032.29891604,dong qishloq mfy,,,,,,
648,Andijon viloyati,Obi hayot MFY,1703,Andijon tumani,1703203,1703203023.0,11193.1776891328,3775216.955061504,obi hayot mfy,,,,,,
658,Andijon viloyati,Ittifoq MFY,1703,Andijon tumani,1703203,1703203017.0,18793.3016273405,6249914.918122195,ittifoq mfy,,,,,,
684,Andijon viloyati,Yangi naynavo MFY,1703,Shahrixon tumani,1703230,1703230039.0,10623.9532776607,6477574.502196576,yangi naynavo mfy,,,,,,
689,Andijon viloyati,Besh MFY,1703,Shahrixon tumani,1703230,1703230058.0,17287.1132322534,12451079.3730574,besh mfy,,,,,,
706,Andijon viloyati,Doʻrman MFY,1703,Shahrixon tumani,1703230,1703230004.0,12177.7339520198,3321862.2154004364,dorman mfy,,,,,,
709,Andijon viloyati,Buvayda MFY,1703,Shahrixon tumani,1703230,1703230059.0,5921.173450588,1862281.61899198,buvayda mfy,,,,,,
711,Andijon viloyati,Nabaxor MFY,1703,Shahrixon tumani,1703230,1703230066.0,5911.6892017143,1813855.0182237944,nabahor mfy,,,,,,
713,Andijon viloyati,Yoshlik MFY,1703,Shahrixon tumani,1703230,1703230078.0,5976.2131085554,1316572.2207251429,yoshlik mfy,,,,,,
714,Andijon viloyati,Terak tagi MFY,1703,Shahrixon tumani,1703230,1703230070.0,6547.4812900277,1556609.354759094,terak tagi mfy,,,,,,
715,Andijon viloyati,Shaxrixonlik MFY,1703,Shahrixon tumani,1703230,1703230072.0,4768.5672161609,1235303.7744196942,shahrihonlik mfy,,,,,,
717,Andijon viloyati,Yakkatut MFY,1703,Shahrixon tumani,1703230,1703230073.0,6577.2716674282,2212920.2212416176,yakkatut mfy,,,,,,
722,Andijon viloyati,Namozgox MFY,1703,Shahrixon tumani,1703230,1703230068.0,6686.7211131021,1307229.3223239735,namozgoh mfy,,,,,,
729,Andijon viloyati,O‘zbegim (Sulton jo‘ra) MFY,1703,Andijon shahar,1703401,1703401013.0,4476.0072566794,852101.9675716934,ozbegim sulton jora mfy,,,,,,
730,Andijon viloyati,Yuksalish (Sulton jo‘ra) MFY,1703,Andijon shahar,1703401,1703401091.0,6329.4253721009,1200997.4595531684,yuksalish sulton jora mfy,,,,,,
733,Andijon viloyati,Yoyilma (1-son) MFY,1703,Andijon shahar,1703401,1703401018.0,3348.5236050172,400574.29423926,yoyilma 1son mfy,,,,,,
734,Andijon viloyati,Yangi Bo‘ston (1-son) MFY,1703,Andijon shahar,1703401,1703401093.0,3104.7330093962,539695.445145016,yangi boston 1son mfy,,,,,,
738,Andijon viloyati,Bunyodkor (9-son) MFY,1703,Andijon shahar,1703401,1703401040.0,3073.962226351,454874.9377395667,bunyodkor 9son mfy,,,,,,
743,Andijon viloyati,Yashnaoobod MFY,1703,Andijon shahar,1703401,1703401094.0,3478.0332439436,249305.3207253919,yashnaoobod mfy,,,,,,
749,Andijon viloyati,Sog‘lom avlod (2-son),1703,Andijon shahar,1703401,1703401012.0,2898.9235470628,390396.0630014382,soglom avlod 2son,,,,,,
756,Andijon viloyati,Orday MFY,1703,Xo'jaobod tumani,1703236,1703236025.0,30075.9809855707,23593838.793262973,orday mfy,,,,,,
766,Farg'ona viloyati,A.Choʻlpon MFY,1730,Quvasoy shahar,1730408,1730408025.0,4659.5734407983,797072.6456908364,acholpon mfy,,,,,,
767,Farg'ona viloyati,A.Temur MFY,1730,Quvasoy shahar,1730408,1730408023.0,8412.0542392716,2644973.020537054,atemur mfy,,,,,,
774,Farg'ona viloyati,X.Olimjon MFY,1730,Quvasoy shahar,1730408,1730408001.0,2433.2176695421,247699.5706299922,holimjon mfy,,,,,,
783,Farg'ona viloyati,Yuqori Muyan MFY,1730,Quvasoy shahar,1730408,1730408007.0,28020.5868080606,20837846.17815316,yuqori muyan mfy,,,,,,
787,Farg'ona viloyati,Muyon MFY,1730,Quvasoy shahar,1730408,1730408003.0,15892.5115864696,8167640.786334333,muyon mfy,,,,,,
795,Farg'ona viloyati,Sayidobod MFY,1730,Bag'dod tumani,1730209,1730209020.0,19665.0449041891,8954056.627076637,sayidobod mfy,,,,,,
800,Farg'ona viloyati,Qo‘shtegirmon 1 MFY,1730,Bag'dod tumani,1730209,1730209041.0,16692.7905146711,3989370.793823345,qoshtegirmon 1 mfy,,,,,,
808,Farg'ona viloyati,Tuvodoq MFY,1730,Bag'dod tumani,1730209,1730209037.0,12702.2766748773,6225918.473233795,tuvodoq mfy,,,,,,
867,Farg'ona viloyati,Oyim qishloq MFY,1730,Buvayda tumani,1730212,1730212012.0,35596.4841154584,18343373.43765728,oyim qishloq mfy,,,,,,
899,Farg'ona viloyati,Qum MFY,1730,Buvayda tumani,1730212,1730212021.0,20077.9913522547,11836552.706973858,qum mfy,,,,,,
957,Farg'ona viloyati,Navro‘z MFY,1730,Marg'ilon shahar,1730412,1730412041.0,20732.9810932919,9125416.74402906,navroz mfy,,,,,,
965,Farg'ona viloyati,Terak tagi MFY,1730,Marg'ilon shahar,1730412,1730412030.0,8532.380849459,1121195.3231541617,terak tagi mfy,,,,,,
986,Farg'ona viloyati,Kashqar MFY,1730,Marg'ilon shahar,1730412,1730412014.0,9016.9839148621,2003303.83718566,kashqar mfy,,,,,,
990,Farg'ona viloyati,Yabgiavlod MFY,1730,Rishton tumani,1730224,1730224064.0,30389.7427763621,16895686.824681196,yabgiavlod mfy,,,,,,
993,Farg'ona viloyati,Mexnatabod MFY,1730,Rishton tumani,1730224,1730224060.0,30254.0188553307,30140130.640084527,mehnatabod mfy,,,,,,
994,Farg'ona viloyati,Jaloyer MFY,1730,Rishton tumani,1730224,1730224045.0,38422.4568135323,18333081.795324355,jaloyer mfy,,,,,,
1001,Farg'ona viloyati,Suxobod MFY,1730,Rishton tumani,1730224,1730224063.0,26587.0817462551,20236938.75898103,suhobod mfy,,,,,,
1015,Farg'ona viloyati,Amirabod MFY,1730,Rishton tumani,1730224,1730224036.0,10404.4738430221,5704488.40401481,amirabod mfy,,,,,,
1034,Farg'ona viloyati,Alisher Navoiy MFY,1730,Rishton tumani,1730224,1730224014.0,9250.2900822333,2431242.5979816527,alisher navoiy mfy,,,,,,
1035,Farg'ona viloyati,Dаxbed MFY,1730,Rishton tumani,1730224,1730224013.0,2077.0049604146,206067.5532341944,dаhbed mfy,,,,,,
1039,Farg'ona viloyati,Anor bo`yi MFY,1730,Rishton tumani,1730224,1730224020.0,6487.076980461,1588744.9416434371,anor boyi mfy,,,,,,
1099,Farg'ona viloyati,Jorqishloq MFY,1730,Toshloq tumani,1730227,1730227017.0,19973.8813678506,10255462.086000515,jorqishloq mfy,,,,,,
1124,Farg'ona viloyati,Yangibog‘ (Buyrak) MFY,1730,Uchko'prik tumani,1730221,1730221045.0,11779.4372426779,4351111.897334346,yangibog buyrak mfy,,,,,,
1141,Farg'ona viloyati,Yangiyo‘l MFY,1730,Uchko'prik tumani,1730221,1730221026.0,10691.7496108289,5751440.972130767,yangiyol mfy,,,,,,
1150,Farg'ona viloyati,Mashad MFY,1730,Uchko'prik tumani,1730221,1730221012.0,12970.6282978417,5506846.574539787,mashad mfy,,,,,,
1156,Farg'ona viloyati,Yangiyer MFY,1730,Uchko'prik tumani,1730221,1730221042.0,23867.4917883556,19399442.29811744,yangiyer mfy,,,,,,
1193,Farg'ona viloyati,Boy mahalla MFY,1730,Farg'ona tumani,1730233,1730233056.0,11991.9660729006,4884553.793801339,boy mahalla mfy,,,,,,
1204,Farg'ona viloyati,Bahor MFY,1730,Farg'ona tumani,1730233,1730233047.0,11985.0187637782,4369166.434645944,bahor mfy,,,,,,
1226,Farg'ona viloyati,Toshkurg‘oni aziz MFY,1730,Farg'ona tumani,1730233,1730233014.0,26784.0911963566,21405710.34076711,toshkurgoni aziz mfy,,,,,,
1233,Farg'ona viloyati,Konchilar MFY,1730,Farg'ona tumani,1730233,1730233075.0,9357.5738285836,2863925.8484932566,konchilar mfy,,,,,,
1314,Farg'ona viloyati,Xonobod MFY,1730,Quva tumani,1730218,1730218052.0,14243.7235599136,6971780.876767863,honobod mfy,,,,,,
1323,Farg'ona viloyati,Yangichek MFY,1730,Quva tumani,1730218,1730218014.0,30360.3838569447,18247799.16596669,yangichek mfy,,,,,,
1342,Farg'ona viloyati,Oltinko‘l MFY,1730,Beshariq tumani,1730215,1730215035.0,36632.4795206857,27328966.434794404,oltinkol mfy,,,,,,
1361,Farg'ona viloyati,Fayziobod MFY,1730,Beshariq tumani,1730215,1730215038.0,5001.5224634318,1334247.101583939,fayziobod mfy,,,,,,
1368,Farg'ona viloyati,Boy MFY,1730,Beshariq tumani,1730215,1730215052.0,4393.2220590591,1090391.654010597,boy mfy,,,,,,
1375,Farg'ona viloyati,Adolat (Tovul) MFY,1730,Beshariq tumani,1730215,1730215012.0,42256.4969704831,65234747.03935599,adolat tovul mfy,,,,,,
1380,Farg'ona viloyati,Iftihor MFY,1730,Beshariq tumani,1730215,1730215016.0,12157.6524642258,6884615.639198427,iftihor mfy,,,,,,
1381,Farg'ona viloyati,Koraqo‘yli MFY,1730,Beshariq tumani,1730215,1730215013.0,12074.6365513019,6566453.222937108,koraqoyli mfy,,,,,,
1385,Farg'ona viloyati,Yakkatut MFY,1730,Beshariq tumani,1730215,1730215007.0,9364.5603260364,4378269.2014318295,yakkatut mfy,,,,,,
1391,Farg'ona viloyati,Andarxon (Chinobod) MFY,1730,Beshariq tumani,1730215,1730215023.0,39790.4440309168,44290164.72200177,andarhon chinobod mfy,,,,,,
1414,Farg'ona viloyati,Qizil qiyaq MFY,1730,Furqat tumani,1730238,1730238017.0,11990.2398405034,6559176.312814114,qizil qiyaq mfy,,,,,,
1433,Farg'ona viloyati,Navro‘z MFY,1730,Uchko'prik tumani,1730221,1730221049.0,53625.1090912864,30521424.16604584,navroz mfy,,,,,,
1438,Farg'ona viloyati,Yangiariq MFY,1730,Qo'shtepa tumani,1730206,1730206044.0,39080.2259489089,39099791.52699102,yangiariq mfy,,,,,,
1504,Farg'ona viloyati,Farovonlik MFY,1730,Oltiariq tumani,1730203,1730203047.0,6844.368614471,2666366.346596157,farovonlik mfy,,,,,,
1526,Farg'ona viloyati,H.Olimjon MFY,1730,Oltiariq tumani,1730203,1730203005.0,5905.4888050418,1435408.8700517756,holimjon mfy,,,,,,
1544,Farg'ona viloyati,Navquron MFY,1730,Oltiariq tumani,1730203,1730203070.0,8967.0938133368,2636923.9046092285,navquron mfy,,,,,,
1553,Farg'ona viloyati,Muqumiy MFY,1730,Oltiariq tumani,1730203,1730203016.0,8424.9581841275,1183034.9232504752,muqumiy mfy,,,,,,
1558,Farg'ona viloyati,Yangihayot MFY,1730,Oltiariq tumani,1730203,1730203002.0,6688.1517686423,1926083.1232340457,yangihayot mfy,,,,,,
1593,Farg'ona viloyati,Alisher Navoiy MFY,1730,Qo'qon shahar,1730405,1730405041.0,3271.3530171988,634753.4678392076,alisher navoiy mfy,,,,,,
1609,Farg'ona viloyati,Yangiobod MFY,1730,Qo'qon shahar,1730405,1730405064.0,3510.8765061882,509225.9952923913,yangiobod mfy,,,,,,
1625,Farg'ona viloyati,G‘ishtko‘prik MFY,1730,Qo'qon shahar,1730405,1730405054.0,4482.4334272203,1003503.9041988166,gishtkoprik mfy,,,,,,
1641,Farg'ona viloyati,Kimyogarlar MFY,1730,Farg'ona shahar,1730401,1730401026.0,2730.8099219271,274505.6945904453,kimyogarlar mfy,,,,,,
1655,Farg'ona viloyati,Navro‘z MFY,1730,Farg'ona shahar,1730401,1730401046.0,6447.4922623284,2005825.2575451208,navroz mfy,,,,,,
1664,Farg'ona viloyati,Zaxiriddin Muxammad Bobur MFY,1730,Farg'ona shahar,1730401,1730401008.0,2658.342062158,345769.1622051256,zahiriddin muhammad bobur mfy,,,,,,
1669,Farg'ona viloyati,Sharof Rashidov MFY,1730,Farg'ona shahar,1730401,1730401063.0,3098.5261351343,429758.5043705308,sharof rashidov mfy,,,,,,
1675,Farg'ona viloyati,Abduraxmon Jomiy MFY,1730,Farg'ona shahar,1730401,1730401007.0,3163.6887925728,352328.3884711353,abdurahmon jomiy mfy,,,,,,
1676,Farg'ona viloyati,Abdulla Qodiriy MFY,1730,Farg'ona shahar,1730401,1730401016.0,3577.0572164143,426071.873934919,abdulla qodiriy mfy,,,,,,
1686,Farg'ona viloyati,Alisher Navoiy MFY,1730,Farg'ona shahar,1730401,1730401061.0,4140.322345767,650970.7776286997,alisher navoiy mfy,,,,,,
1696,Farg'ona viloyati,O‘rta qishloq MFY,1730,O'zbekiston tumani,1730230,1730230031.0,10046.3211599346,2949563.2049976904,orta qishloq mfy,,,,,,
1701,Farg'ona viloyati,Qum (Oydinbuloq) MFY,1730,O'zbekiston tumani,1730230,1730405072.0,12603.2176352962,5322469.371755744,qum oydinbuloq mfy,,,,,,
1704,Farg'ona viloyati,Oqtepa MFY,1730,O'zbekiston tumani,1730230,1730230050.0,7433.2940259812,2136570.329998647,oqtepa mfy,,,,,,
1714,Farg'ona viloyati,Tinchlik (Tovush) MFY,1730,O'zbekiston tumani,1730230,1730230034.0,18995.1119023105,8343660.969931502,tinchlik tovush mfy,,,,,,
1722,Farg'ona viloyati,Mevazor (Oyimchaqaqir) MFY,1730,O'zbekiston tumani,1730230,1730230013.0,12457.1208045125,5481004.792256475,mevazor oyimchaqaqir mfy,,,,,,
1724,Farg'ona viloyati,Karimobod (Karimdevona) MFY,1730,O'zbekiston tumani,1730230,1730230014.0,6640.918401824,2302454.877354379,karimobod karimdevona mfy,,,,,,
1725,Farg'ona viloyati,A.Jomiy MFY,1730,O'zbekiston tumani,1730230,1730230051.0,6121.0386601449,775078.3606627784,ajomiy mfy,,,,,,
1737,Farg'ona viloyati,Yangi Xayot MFY,1730,O'zbekiston tumani,1730230,1730230064.0,34860.2861404226,39177298.00110738,yangi hayot mfy,,,,,,
1740,Farg'ona viloyati,Аvg‘on MFY,1730,O'zbekiston tumani,1730230,1730230025.0,10005.2037007876,3707069.708651639,аvgon mfy,,,,,,
1775,Jizzax viloyati,H.Olimjon MFY,1708,Jizzax shahar,1708401,1708401016.0,6931.0355351335,1634948.9966191256,holimjon mfy,,,,,,
1776,Jizzax viloyati,A.Navioiy MFY,1708,Jizzax shahar,1708401,1708401009.0,6335.2221996164,1753834.662720907,anavioiy mfy,,,,,,
1778,Jizzax viloyati,Hayravod MFY,1708,Jizzax shahar,1708401,1708401010.0,11926.9300709893,2436499.4062374453,hayravod mfy,,,,,,
1780,Jizzax viloyati,Xalqabod MFY,1708,Jizzax shahar,1708401,1708401020.0,6046.1716056484,1180349.0543642782,halqabod mfy,,,,,,
1789,Jizzax viloyati,Uchariq MFY,1708,Jizzax shahar,1708401,1708401017.0,6527.9386741022,1847058.1767090813,uchariq mfy,,,,,,
1800,Jizzax viloyati,Navroʻz MFY,1708,Jizzax shahar,1708401,1708401030.0,6800.4109759645,2060586.185985919,navroz mfy,,,,,,
1804,Jizzax viloyati,M.Ulugʻbek MFY,1708,Jizzax shahar,1708401,1708401006.0,11671.8907905737,3675154.4812364806,mulugbek mfy,,,,,,
1807,Jizzax viloyati,Bunyotkor MFY,1708,Jizzax shahar,1708401,1708401008.0,25200.3481809369,13511020.65627484,bunyotkor mfy,,,,,,
1911,Jizzax viloyati,Sug'diyona MFY,1708,Sh.Rashidov tumani,1708212,1708212013.0,19549.7295715332,16256202.971088735,sugdiyona mfy,,,,,,
1920,Jizzax viloyati,Ravallik MFY,1708,Sh.Rashidov tumani,1708212,1708212024.0,15495.0826517767,5868136.171669405,ravallik mfy,,,,,,
1926,Jizzax viloyati,Qorayontoq MFY,1708,Sh.Rashidov tumani,1708212,1708212032.0,25681.0823118971,9319173.174570687,qorayontoq mfy,,,,,,
1941,Jizzax viloyati,Ravot MFY,1708,Sh.Rashidov tumani,1708212,1708212045.0,36726.0752943005,38636279.08730191,ravot mfy,,,,,,
1944,Jizzax viloyati,Yangi obod MFY,1708,Sh.Rashidov tumani,1708212,1708212047.0,17090.942025495,17116902.264413122,yangi obod mfy,,,,,,
1947,Jizzax viloyati,Fayzobod MFY,1708,Sh.Rashidov tumani,1708212,1708212035.0,37992.7446242245,28977944.09948574,fayzobod mfy,,,,,,
1957,Jizzax viloyati,Borlos MFY,1708,Baxmal tumani,1708204,1708204020.0,30883.2449048025,32812113.9344918,borlos mfy,,,,,,
1967,Jizzax viloyati,Molguzar(Davlat) MFY,1708,Baxmal tumani,1708204,1708204008.0,62868.8727939181,172894250.9182272,molguzardavlat mfy,,,,,,
1972,Jizzax viloyati,Bunyotkor MFY,1708,Baxmal tumani,1708204,1708204028.0,15267.6872686181,8107268.018369927,bunyotkor mfy,,,,,,
1976,Jizzax viloyati,Fazobod MFY,1708,Baxmal tumani,1708204,1708204032.0,41994.1994421862,63171020.15987376,fazobod mfy,,,,,,
1995,Namangan viloyati,Taxta koʻprik MFY,1714,Kosonsoy tumani,1714207,1714207052.0,12390.6746879435,6729976.071589266,tahta koprik mfy,,,,,,
2003,Namangan viloyati,Abduraxmon Jomiy MFY,1714,Kosonsoy tumani,1714207,1714207045.0,7608.9547094355,956268.2520942116,abdurahmon jomiy mfy,,,,,,
2004,Namangan viloyati,Alisher Navoiy MFY,1714,Kosonsoy tumani,1714207,1714207017.0,8770.8416932808,807132.1176287362,alisher navoiy mfy,,,,,,
2006,Namangan viloyati,Maxdumi Aʼzam MFY,1714,Kosonsoy tumani,1714207,1714207039.0,9507.652301149,1180440.5610273057,mahdumi aʼzam mfy,,,,,,
2008,Namangan viloyati,Sa‘diy Sheroziy MFY,1714,Kosonsoy tumani,1714207,1714207025.0,9477.7408681629,1044537.9958408682,sadiy sheroziy mfy,,,,,,
2010,Namangan viloyati,Navboxor-1 MFY,1714,Kosonsoy tumani,1714207,1714207007.0,7740.7578065553,1926996.9099593384,navbohor1 mfy,,,,,,
2011,Namangan viloyati,Navro'z MFY,1714,Kosonsoy tumani,1714207,1714207022.0,4687.2903814871,955564.1948952216,navroz mfy,,,,,,
2015,Namangan viloyati,Bog'ishamol -1 MFY,1714,Kosonsoy tumani,1714207,1714207016.0,4671.9610285503,908237.1696593604,bogishamol 1 mfy,,,,,,
2021,Namangan viloyati,Navboxor MFY,1714,Kosonsoy tumani,1714207,1714207040.0,28599.6432753188,33678702.02584234,navbohor mfy,,,,,,
2033,Namangan viloyati,Bog'i baland MFY,1714,Kosonsoy tumani,1714207,1714207042.0,13952.9817691342,6347187.000889957,bogi baland mfy,,,,,,
2039,Namangan viloyati,Rovot MFY,1714,Kosonsoy tumani,1714207,1714207024.0,20472.3564324226,20124273.29700888,rovot mfy,,,,,,
2041,Namangan viloyati,Korasuv MFY,1714,Kosonsoy tumani,1714207,1714207005.0,42464.4384122171,45073684.63593737,korasuv mfy,,,,,,
2086,Namangan viloyati,Ittifok MFY,1714,Uychi tumani,1714229,1714229003.0,14553.8852139019,6284506.865027164,ittifok mfy,,,,,,
2125,Namangan viloyati,Oq tepa MFY,1714,Yangiqo'rg'on tumani,1714242,1714242016.0,46861.3785346244,50818515.23503972,oq tepa mfy,,,,,,
2133,Namangan viloyati,Moʻgʻol MFY,1714,Yangiqo'rg'on tumani,1714242,1714242001.0,15481.3128194631,8844604.019578882,mogol mfy,,,,,,
2134,Namangan viloyati,Vodiy MFY,1714,Yangiqo'rg'on tumani,1714242,1714242045.0,5355.0013536708,1567931.897641203,vodiy mfy,,,,,,
2179,Namangan viloyati,Xayitabod MFY,1714,Mingbuloq tumani,1714204,1714204039.0,12469.7235919025,4779459.591101942,hayitabod mfy,,,,,,
2209,Namangan viloyati,Yashnaobod (Kurmak) MFY,1714,Namangan tumani,1714212,1714212017.0,9828.7938950732,3546376.834832738,yashnaobod kurmak mfy,,,,,,
2216,Namangan viloyati,Ravnak MFY,1714,Namangan tumani,1714212,1714212026.0,18446.9535839001,12486348.190319078,ravnak mfy,,,,,,
2230,Namangan viloyati,Ok yer MFY,1714,Namangan tumani,1714212,1714212035.0,19324.0138711339,14366503.184762545,ok yer mfy,,,,,,
2239,Namangan viloyati,Navkiron MFY,1714,Namangan tumani,1714212,1714212047.0,10087.0005450983,3678246.698057919,navkiron mfy,,,,,,
2247,Namangan viloyati,Faravon MFY,1714,Namangan tumani,1714212,1714212050.0,14171.0309986414,6091318.08180442,faravon mfy,,,,,,
2253,Namangan viloyati,Oq buloq MFY,1714,Namangan tumani,1714212,1714212009.0,13575.2375816632,5129701.305181315,oq buloq mfy,,,,,,
2255,Namangan viloyati,Yangi yoʻl MFY,1714,Namangan tumani,1714212,1714212029.0,7440.9769745972,1265876.0861080189,yangi yol mfy,,,,,,
2262,Namangan viloyati,Istiqbol MFY,1714,Namangan shahar,1714401,1714401106.0,8992.1139305531,3321618.7826735694,istiqbol mfy,,,,,,
2263,Namangan viloyati,Ishonch MFY,1714,Namangan shahar,1714401,1714401105.0,9666.8557254134,3160227.793216398,ishonch mfy,,,,,,
2264,Namangan viloyati,Sherbuloq MFY,1714,Namangan shahar,1714401,1714401108.0,18286.4254965379,10224863.495018125,sherbuloq mfy,,,,,,
2265,Namangan viloyati,Kelajak tongi MFY,1714,Namangan shahar,1714401,1714401107.0,8705.2391623668,2806915.567589741,kelajak tongi mfy,,,,,,
2271,Namangan viloyati,Yangi yoʻl MFY,1714,Namangan shahar,1714401,1714401020.0,4634.1982293507,888031.2884330803,yangi yol mfy,,,,,,
2273,Namangan viloyati,A.R Beruniy MFY,1714,Namangan shahar,1714401,1714401097.0,8403.5525387592,1166360.0831191011,ar beruniy mfy,,,,,,
2274,Namangan viloyati,Furqat MFY,1714,Namangan shahar,1714401,1714401094.0,6905.2354068176,1856140.1510129063,furqat mfy,,,,,,
2275,Namangan viloyati,Mexnatobod MFY,1714,Namangan shahar,1714401,1714401099.0,10229.5282730091,3653918.085833251,mehnatobod mfy,,,,,,
2276,Namangan viloyati,Chamanzor MFY,1714,Namangan shahar,1714401,1714401103.0,6510.0317608753,1899461.2512808363,chamanzor mfy,,,,,,
2277,Namangan viloyati,Goʻzal MFY,1714,Namangan shahar,1714401,1714401102.0,12493.0395016306,4585080.250101143,gozal mfy,,,,,,
2279,Namangan viloyati,Atangan guzar MFY,1714,Namangan shahar,1714401,1714401104.0,17474.0761966195,6162175.39779051,atangan guzar mfy,,,,,,
2281,Namangan viloyati,Bogʻ MFY,1714,Namangan shahar,1714401,1714401083.0,7572.6134842688,1891282.244883499,bog mfy,,,,,,
2283,Namangan viloyati,Guliston MFY,1714,Namangan shahar,1714401,1714401096.0,4142.5990063964,625451.8040868407,guliston mfy,,,,,,
2284,Namangan viloyati,Gulobod MFY,1714,Namangan shahar,1714401,1714401066.0,6023.1826015068,1479889.1036890834,gulobod mfy,,,,,,
2285,Namangan viloyati,Iftixor MFY,1714,Namangan shahar,1714401,1714401035.0,5301.404200938,1069587.7097584612,iftihor mfy,,,,,,
2286,Namangan viloyati,Gulshan MFY,1714,Namangan shahar,1714401,1714401063.0,7728.4685616043,2951038.834827894,gulshan mfy,,,,,,
2288,Namangan viloyati,Yoshlik MFY,1714,Namangan shahar,1714401,1714401088.0,18196.1988692019,8359857.648982315,yoshlik mfy,,,,,,
2290,Namangan viloyati,Irvadon MFY,1714,Namangan shahar,1714401,1714401067.0,5983.8946164473,1222263.4090205582,irvadon mfy,,,,,,
2291,Namangan viloyati,Quyi Gʻirvon MFY,1714,Namangan shahar,1714401,1714401080.0,6127.229159474,842028.7578579928,quyi girvon mfy,,,,,,
2292,Namangan viloyati,Quyi Rovuston MFY,1714,Namangan shahar,1714401,1714401070.0,9098.5506753659,3471925.8995775296,quyi rovuston mfy,,,,,,
2294,Namangan viloyati,Boboraxim Mashrab MFY,1714,Namangan shahar,1714401,1714401093.0,6948.6241959322,1915191.5588173184,boborahim mashrab mfy,,,,,,
2295,Namangan viloyati,Binokor MFY,1714,Namangan shahar,1714401,1714401116.0,12222.4065611906,4832288.205787608,binokor mfy,,,,,,
2296,Namangan viloyati,Sadoqat MFY,1714,Namangan shahar,1714401,1714401118.0,7304.0909705688,1857881.953491422,sadoqat mfy,,,,,,
2297,Namangan viloyati,Nurli kelajak MFY,1714,Namangan shahar,1714401,1714401117.0,8207.1666156989,2820411.992541358,nurli kelajak mfy,,,,,,
2298,Namangan viloyati,Mingchinor MFY,1714,Namangan shahar,1714401,1714401092.0,10705.6399428498,6096742.897311597,mingchinor mfy,,,,,,
2299,Namangan viloyati,Mustaqillikning 5 yilligi MFY,1714,Namangan shahar,1714401,1714401086.0,16285.1652708801,9777630.095346805,mustaqillikning 5 yilligi mfy,,,,,,
2300,Namangan viloyati,Navroʻz MFY,1714,Namangan shahar,1714401,1714401064.0,7675.0884588865,2141704.050335593,navroz mfy,,,,,,
2301,Namangan viloyati,Anorzor MFY,1714,Namangan shahar,1714401,,5213.573025204,982087.8449339296,anorzor mfy,,,,,,
2302,Namangan viloyati,Nurobod MFY,1714,Namangan shahar,1714401,1714401062.0,12794.3149123861,4212428.38991642,nurobod mfy,,,,,,
2304,Namangan viloyati,Obi xayot MFY,1714,Namangan shahar,1714401,1714401027.0,7217.550140916,2352993.6313929497,obi hayot mfy,,,,,,
2308,Namangan viloyati,Orzu MFY,1714,Namangan shahar,1714401,1714401060.0,15050.753718166,11235683.30438101,orzu mfy,,,,,,
2310,Namangan viloyati,Soxil MFY,1714,Namangan shahar,1714401,1714401109.0,11544.7333007705,4361978.262868809,sohil mfy,,,,,,
2312,Namangan viloyati,Tinchlik MFY,1714,Namangan shahar,1714401,1714401089.0,7624.7713818383,2825629.668583395,tinchlik mfy,,,,,,
2315,Namangan viloyati,Shishaki MFY,1714,Namangan shahar,1714401,1714401082.0,11008.6684234472,2702000.3273733906,shishaki mfy,,,,,,
2316,Namangan viloyati,Elabod MFY,1714,Namangan shahar,1714401,1714401081.0,7076.0448968688,1546905.7045788337,elabod mfy,,,,,,
2317,Namangan viloyati,Yuqori Gʻirvon MFY,1714,Namangan shahar,1714401,1714401078.0,16891.4665795959,5384480.8419590695,yuqori girvon mfy,,,,,,
2321,Namangan viloyati,Yangi zamin MFY,1714,Namangan shahar,1714401,1714401098.0,10253.2329872492,2954972.9598825914,yangi zamin mfy,,,,,,
2323,Namangan viloyati,Oʻrta Rovuston MFY,1714,Namangan shahar,1714401,1714401069.0,13979.7116291201,4889038.223579583,orta rovuston mfy,,,,,,
2325,Namangan viloyati,Yangi obod MFY,1714,Namangan shahar,1714401,1714401058.0,7849.5488378373,2636501.6783858114,yangi obod mfy,,,,,,
2329,Namangan viloyati,Mustaqillik MFY,1714,Namangan shahar,1714401,1714401075.0,3548.2015878042,671749.9011661303,mustaqillik mfy,,,,,,
2330,Namangan viloyati,Navbaxor MFY,1714,Namangan shahar,1714401,1714401076.0,9289.5829259423,1769250.0664843426,navbahor mfy,,,,,,
2331,Namangan viloyati,Porloq MFY,1714,Namangan shahar,1714401,1714401077.0,8042.0842524572,2976795.234209011,porloq mfy,,,,,,
2333,Namangan viloyati,Sixatgox MFY,1714,Namangan shahar,1714401,1714401101.0,2400.8538617602,306034.1488503673,sihatgoh mfy,,,,,,
2334,Namangan viloyati,Toʻquvchi MFY,1714,Namangan shahar,1714401,1714401071.0,20029.0682986239,7584295.476759854,toquvchi mfy,,,,,,
2335,Namangan viloyati,Umid MFY,1714,Namangan shahar,1714401,1714401072.0,3024.3062583624,582870.6053348567,umid mfy,,,,,,
2336,Namangan viloyati,Axsikent MFY,1714,Namangan shahar,1714401,1714401090.0,8074.1656629315,2552499.287319932,ahsikent mfy,,,,,,
2338,Namangan viloyati,Xalqlar Doʻstligi MFY,1714,Namangan shahar,1714401,1714401074.0,4799.6771551732,659107.74005035,halqlar dostligi mfy,,,,,,
2339,Namangan viloyati,Istiqlol MFY,1714,Namangan shahar,1714401,1714401115.0,2986.142067808,443761.7344302419,istiqlol mfy,,,,,,
2341,Namangan viloyati,Davlatobod MFY,1714,Namangan shahar,1714401,1714401084.0,4478.6175690319,888721.0004082675,davlatobod mfy,,,,,,
2343,Namangan viloyati,Ma‘naviyat MFY,1714,Namangan shahar,1714401,1714401095.0,3008.3198866083,394841.7622941709,manaviyat mfy,,,,,,
2345,Namangan viloyati,Baynalminal MFY,1714,Namangan shahar,1714401,1714401019.0,3566.7911267739,501171.1230158611,baynalminal mfy,,,,,,
2356,Namangan viloyati,Oromgox MFY,1714,Namangan shahar,1714401,1714401100.0,7182.9121348462,1365812.0608398714,oromgoh mfy,,,,,,
2360,Namangan viloyati,Mingterak MFY,1714,Namangan shahar,1714401,1714401087.0,15861.0625857753,11919077.189318627,mingterak mfy,,,,,,
2361,Namangan viloyati,Tadbirkor MFY,1714,Namangan shahar,1714401,1714401114.0,13327.2302306797,5713422.541379205,tadbirkor mfy,,,,,,
2362,Namangan viloyati,Yelxon MFY,1714,Namangan shahar,1714401,1714401061.0,9450.1330406913,3603372.328505185,yelhon mfy,,,,,,
2363,Namangan viloyati,Oʻrta Gʻirvon MFY,1714,Namangan shahar,1714401,1714401079.0,3683.9297422152,800908.4535874947,orta girvon mfy,,,,,,
2366,Namangan viloyati,Yukori Rovuston MFY,1714,Namangan shahar,1714401,1714401068.0,15837.4925902632,7204911.267593637,yukori rovuston mfy,,,,,,
2368,Namangan viloyati,Saxovat MFY,1714,Namangan shahar,1714401,1714401091.0,27289.3800361025,30542215.00825267,sahovat mfy,,,,,,
2370,Namangan viloyati,Ijodkor MFY,1714,Namangan shahar,1714401,1714401065.0,11663.8474471602,4208213.019370156,ijodkor mfy,,,,,,
2371,Namangan viloyati,Bunyodkor MFY,1714,Namangan shahar,1714401,1714401085.0,14928.1301992466,11764424.72294518,bunyodkor mfy,,,,,,
2372,Namangan viloyati,Chaman MFY,1714,Namangan shahar,1714401,1714401112.0,5233.691871241,949730.4141327832,chaman mfy,,,,,,
2376,Namangan viloyati,Yuksalish MFY,1714,Namangan shahar,1714401,1714401059.0,12599.03139994,5210126.7848191615,yuksalish mfy,,,,,,
2377,Namangan viloyati,Yangi tong MFY,1714,Namangan shahar,1714401,1714401073.0,2962.4261286825,467191.4587601278,yangi tong mfy,,,,,,
2378,Namangan viloyati,Ibratli MFY,1714,Namangan shahar,1714401,1714401015.0,3838.5184707776,835088.4050022349,ibratli mfy,,,,,,
2399,Navoiy viloyati,Shorq OFY,1712,Tomdi tumani,1712244,1712244002.0,375261.2925558603,6181524655.556333,shorq ofy,,,,,,
2405,Navoiy viloyati,Iftixor OFY,1712,Uchquduq tumani,1712248,1712248004.0,30585.0963984113,11365722.06758978,iftihor ofy,,,,,,
2428,Navoiy viloyati,Uchtepa OFY,1712,Konimex tumani,1712211,1712211015.0,422549.5221618552,5922570800.827004,uchtepa ofy,,,,,,
2429,Navoiy viloyati,Zafarabod MFY,1712,Konimex tumani,1712211,1712211011.0,88579.2558403526,174584779.38934487,zafarabod mfy,,,,,,
2440,Navoiy viloyati,Oq masjid MFY,1712,Nurota tumani,1712238,1712238004.0,8058.3111446186,1268149.279285925,oq masjid mfy,,,,,,
2443,Navoiy viloyati,Said ota MFY,1712,Nurota tumani,1712238,1712238003.0,2852.4888195669,274996.52824384,said ota mfy,,,,,,
2449,Navoiy viloyati,Nurobot MFY,1712,Nurota tumani,1712238,1712238031.0,11329.3770946798,3125559.072914613,nurobot mfy,,,,,,
2462,Navoiy viloyati,Yangi turmush MFY,1712,Nurota tumani,1712238,1712238019.0,88715.3908042164,214565151.81201845,yangi turmush mfy,,,,,,
2469,Navoiy viloyati,Ziyokor MFY,1712,Qiziltepa tumani,1712216,1712216022.0,31563.2666855172,29654674.12530056,ziyokor mfy,,,,,,
2489,Qashqadaryo viloyati,Paxtazor-1 MFY,1710,Qarshi shahar,1710401,1710401041.0,3419.8939309102,651931.1084352793,pahtazor1 mfy,,,,,,
2491,Qashqadaryo viloyati,A.Temur MFY,1710,Qarshi shahar,1710401,1710401001.0,3363.398587374,650741.5715648585,atemur mfy,,,,,,
2492,Qashqadaryo viloyati,Xaramjo‘y MFY,1710,Qarshi shahar,1710401,1710401014.0,6626.4856438568,2115518.697300948,haramjoy mfy,,,,,,
2500,Qashqadaryo viloyati,Gʻ.Gʻulom MFY,1710,Qarshi shahar,1710401,1710401019.0,12135.1892897728,5380792.72383793,ggulom mfy,,,,,,
2502,Qashqadaryo viloyati,Oqtepa ( F.Xujaev) MFY,1710,Qarshi shahar,1710401,1710401026.0,4640.9962545019,978081.6967409812,oqtepa fhujaev mfy,,,,,,
2506,Qashqadaryo viloyati,Yangi Turmush MFY,1710,Qarshi shahar,1710401,1710401043.0,4252.5796035263,517086.4878372937,yangi turmush mfy,,,,,,
2510,Qashqadaryo viloyati,Naqshab (U.Yusupov) MFY,1710,Qarshi shahar,1710401,1710401025.0,4977.3210593205,1313391.445426887,naqshab uyusupov mfy,,,,,,
2516,Qashqadaryo viloyati,Komilon ( S.Raximov) MFY,1710,Qarshi shahar,1710401,1710401008.0,4189.512927375,993135.6717767155,komilon srahimov mfy,,,,,,
2544,Qashqadaryo viloyati,Mirzаtup MFY,1710,Chiroqchi tuman,1710242,1710242082.0,39159.9614066249,40741631.325550295,mirzаtup mfy,,,,,,
2547,Qashqadaryo viloyati,Oq tosh MFY,1710,Chiroqchi tuman,1710242,1710242078.0,29201.9476851093,27078273.230556976,oq tosh mfy,,,,,,
2548,Qashqadaryo viloyati,Yashnаobod MFY,1710,Chiroqchi tuman,1710242,1710242077.0,28966.8622410557,27800798.29523004,yashnаobod mfy,,,,,,
2549,Qashqadaryo viloyati,Beshbulok MFY,1710,Chiroqchi tuman,1710242,1710242081.0,37546.0952131045,56676690.58218363,beshbulok mfy,,,,,,
2555,Qashqadaryo viloyati,Jаr MFY,1710,Chiroqchi tuman,1710242,1710242027.0,44982.2658376889,30378805.694465227,jаr mfy,,,,,,
2556,Qashqadaryo viloyati,Аmir Temur MFY,1710,Chiroqchi tuman,1710242,1710242028.0,13875.1600870224,3902495.226076424,аmir temur mfy,,,,,,
2558,Qashqadaryo viloyati,Mustаqillik MFY,1710,Chiroqchi tuman,1710242,1710242056.0,22542.329191811,16782638.929525264,mustаqillik mfy,,,,,,
2559,Qashqadaryo viloyati,Qаxrаmon MFY,1710,Chiroqchi tuman,1710242,1710242058.0,30515.2045732678,27091628.539061733,qаhrаmon mfy,,,,,,
2563,Qashqadaryo viloyati,Pаxtаobod MFY,1710,Chiroqchi tuman,1710242,1710242045.0,12351.4318075642,4975182.661445957,pаhtаobod mfy,,,,,,
2566,Qashqadaryo viloyati,Bogʼishаmol MFY,1710,Chiroqchi tuman,1710242,1710242062.0,7819.5641922802,1224955.6978454725,bogʼishаmol mfy,,,,,,
2567,Qashqadaryo viloyati,Nаvoiy MFY,1710,Chiroqchi tuman,1710242,1710242066.0,6298.7503512115,1388165.775921967,nаvoiy mfy,,,,,,
2568,Qashqadaryo viloyati,Chаmbil MFY,1710,Chiroqchi tuman,1710242,1710242069.0,41315.873196964,53535570.0914622,chаmbil mfy,,,,,,
2569,Qashqadaryo viloyati,Gаlаbek MFY,1710,Chiroqchi tuman,1710242,1710242070.0,59862.0401879034,77304613.0240907,gаlаbek mfy,,,,,,
2570,Qashqadaryo viloyati,Qаlqаmа MFY,1710,Chiroqchi tuman,1710242,1710242067.0,23054.2946952526,20077921.88491544,qаlqаmа mfy,,,,,,
2573,Qashqadaryo viloyati,Lаngаr MFY,1710,Chiroqchi tuman,1710242,1710242071.0,73134.6070395603,184274587.3845825,lаngаr mfy,,,,,,
2574,Qashqadaryo viloyati,Tаrаgʼаy MFY,1710,Chiroqchi tuman,1710242,1710242073.0,54844.438930075,82939353.46578011,tаrаgʼаy mfy,,,,,,
2576,Qashqadaryo viloyati,Аrаbbаndi MFY,1710,Chiroqchi tuman,1710242,1710242083.0,53747.9842684627,94578043.5739822,аrаbbаndi mfy,,,,,,
2580,Qashqadaryo viloyati,Chorshаnbа MFY,1710,Chiroqchi tuman,1710242,1710242026.0,39064.0577456852,45023388.36442284,chorshаnbа mfy,,,,,,
2581,Qashqadaryo viloyati,Olmаzor MFY,1710,Chiroqchi tuman,1710242,1710242048.0,18382.5336561088,10945334.039607253,olmаzor mfy,,,,,,
2583,Qashqadaryo viloyati,Dаm MFY,1710,Chiroqchi tuman,1710242,1710242050.0,12590.3909023777,8464705.42378833,dаm mfy,,,,,,
2584,Qashqadaryo viloyati,Pаkаndi MFY,1710,Chiroqchi tuman,1710242,1710242052.0,12960.7101037543,6955783.845656319,pаkаndi mfy,,,,,,
2586,Qashqadaryo viloyati,Zаrbdor MFY,1710,Chiroqchi tuman,1710242,1710242054.0,17049.2760116881,9801865.660068795,zаrbdor mfy,,,,,,
2587,Qashqadaryo viloyati,Choshtepа MFY,1710,Chiroqchi tuman,1710242,1710242064.0,10827.5396884488,3844990.386272341,choshtepа mfy,,,,,,
2590,Qashqadaryo viloyati,Oʼzbekiston MFY,1710,Chiroqchi tuman,1710242,1710242043.0,6278.1050005065,972383.6089811806,oʼzbekiston mfy,,,,,,
2591,Qashqadaryo viloyati,Shаkаrbuloq MFY,1710,Chiroqchi tuman,1710242,1710242032.0,21720.6363807632,19795995.146097098,shаkаrbuloq mfy,,,,,,
2592,Qashqadaryo viloyati,Nаvroʼz MFY,1710,Chiroqchi tuman,1710242,1710242033.0,51237.9182983867,104684767.49580936,nаvroʼz mfy,,,,,,
2594,Qashqadaryo viloyati,Yangi Dаm MFY,1710,Chiroqchi tuman,1710242,1710242051.0,13355.7717517438,6438020.806133988,yangi dаm mfy,,,,,,
2595,Qashqadaryo viloyati,Bаrаkа MFY,1710,Chiroqchi tuman,1710242,1710242053.0,13068.4496790169,4330329.003013521,bаrаkа mfy,,,,,,
2598,Qashqadaryo viloyati,Xalqobod MFY,1710,Chiroqchi tuman,1710242,1710242094.0,29243.9079127511,40194122.30486249,halqobod mfy,,,,,,
2600,Qashqadaryo viloyati,Fаrovon Kelаjаk MFY,1710,Chiroqchi tuman,1710242,1710242095.0,41698.1211379875,76669230.4759265,fаrovon kelаjаk mfy,,,,,,
2605,Qashqadaryo viloyati,Navbaxor QFY,1710,Mirishkor tuman,1710233,1710233018.0,60781.9350117958,128419278.81457362,navbahor qfy,,,,,,
2613,Qashqadaryo viloyati,Аyzabod MFY,1710,Mirishkor tuman,1710233,1710233015.0,17600.1329375714,11896938.224174192,аyzabod mfy,,,,,,
2616,Qashqadaryo viloyati,Boʻston QFY,1710,Mirishkor tuman,1710233,1710233021.0,208565.1783077593,1140740520.176022,boston qfy,,,,,,
2619,Qashqadaryo viloyati,Obod QFY,1710,Mirishkor tuman,1710233,1710233019.0,41612.6401297247,103878210.8202608,obod qfy,,,,,,
2620,Qashqadaryo viloyati,Yangiobod QFY,1710,Mirishkor tuman,1710233,1710233020.0,30832.1205290799,60036750.238748655,yangiobod qfy,,,,,,
2621,Qashqadaryo viloyati,Guliston QFY,1710,Mirishkor tuman,1710233,1710233039.0,44384.8616038904,83183880.15307757,guliston qfy,,,,,,
2636,Qashqadaryo viloyati,Yangi ariq MFY,1710,Mirishkor tuman,1710233,1710233011.0,22476.9052764985,21820335.230505973,yangi ariq mfy,,,,,,
2640,Qashqadaryo viloyati,Oltin Boshok MFY,1710,Mirishkor tuman,1710233,1710233025.0,47093.6427421544,59557566.899472,oltin boshok mfy,,,,,,
2646,Qashqadaryo viloyati,Xalkobod MFY,1710,G'uzor tumani,1710207,1710207019.0,12492.4405212256,4775159.024602429,halkobod mfy,,,,,,
2666,Qashqadaryo viloyati,Obi Xayot MFY,1710,G'uzor tumani,1710207,1710207030.0,49441.9347422739,110204945.60864204,obi hayot mfy,,,,,,
2671,Qashqadaryo viloyati,Аmir Temur MFY,1710,G'uzor tumani,1710207,1710207041.0,12787.8114510827,3474574.225165461,аmir temur mfy,,,,,,
2685,Qashqadaryo viloyati,Chumichli MFY,1710,G'uzor tumani,1710207,1710207044.0,34920.6477230129,36269118.132885456,chumichli mfy,,,,,,
2719,Qashqadaryo viloyati,Oydin Yoʼl MFY,1710,Dexqonobod tumani,1710212,1710212023.0,12228.2185859576,6026056.608217676,oydin yoʼl mfy,,,,,,
2723,Qashqadaryo viloyati,Yashnabod MFY,1710,Dexqonobod tumani,1710212,1710212012.0,86837.7546517306,223630315.80278105,yashnabod mfy,,,,,,
2724,Qashqadaryo viloyati,Boʼston MFY,1710,Dexqonobod tumani,1710212,1710212016.0,7906.571898596,2518109.7002797644,boʼston mfy,,,,,,
2733,Qashqadaryo viloyati,Doʼstlik MFY,1710,Dexqonobod tumani,1710212,1710212024.0,7734.5978204401,2348985.637141734,doʼstlik mfy,,,,,,
2735,Qashqadaryo viloyati,Qoʼngirot MFY,1710,Dexqonobod tumani,1710212,1710212049.0,76866.0155774018,119999061.24848785,qoʼngirot mfy,,,,,,
2738,Qashqadaryo viloyati,Zafarabod MFY,1710,Dexqonobod tumani,1710212,1710212054.0,62102.8647074087,159636049.0401322,zafarabod mfy,,,,,,
2739,Qashqadaryo viloyati,Ingichka (Farovon) MFY,1710,Dexqonobod tumani,1710212,1710212031.0,37766.9822068585,60964835.06073696,ingichka farovon mfy,,,,,,
2744,Qashqadaryo viloyati,Yangi Oʼzbekiston QFY,1710,Dexqonobod tumani,1710212,1710212050.0,67848.8488874356,104285591.94321571,yangi oʼzbekiston qfy,,,,,,
2751,Qashqadaryo viloyati,Аbziyot MFY,1710,Shaxrisabz tumani,1710245,1710245010.0,28445.1993126978,24787844.625375737,аbziyot mfy,,,,,,
2759,Qashqadaryo viloyati,Xalkabod MFY,1710,Shaxrisabz tumani,1710245,1710245036.0,25361.1767686409,22229904.048464708,halkabod mfy,,,,,,
2763,Qashqadaryo viloyati,Oʻrtaqurgʻon MFY,1710,Shaxrisabz tumani,1710245,1710245031.0,13728.0038125411,7737867.19826562,ortaqurgon mfy,,,,,,
2789,Qashqadaryo viloyati,Аmir Temur MFY,1710,Shaxrisabz tumani,1710245,1710245049.0,20670.8024327234,16372768.307811445,аmir temur mfy,,,,,,
2804,Qashqadaryo viloyati,Cho'lquvar Qfy,1710,Kasbi tumani,1710237,1710237033.0,67665.4888410212,142452071.67909357,cholquvar qfy,,,,,,
2818,Qashqadaryo viloyati,Gʼalaba MFY,1710,Kasbi tumani,1710237,1710237006.0,29634.2546932896,40714710.53109963,gʼalaba mfy,,,,,,
2819,Qashqadaryo viloyati,Qaratepa MFY,1710,Kasbi tumani,1710237,1710237041.0,23137.1281814321,25867983.23259442,qaratepa mfy,,,,,,
2820,Qashqadaryo viloyati,Doʼstlik MFY,1710,Kasbi tumani,1710237,1710237042.0,21771.5882747107,18812018.9391152,doʼstlik mfy,,,,,,
2836,Qashqadaryo viloyati,Qatag'an MFY,1710,Kasbi tumani,1710237,1710237015.0,32802.0227388901,29294918.79235176,qatagan mfy,,,,,,
2844,Qashqadaryo viloyati,Xo'jakarlik MFY,1710,Kasbi tumani,1710237,1710237007.0,37990.6644425454,46258569.821610965,hojakarlik mfy,,,,,,
2853,Navoiy viloyati,Oboddiyor MFY,1712,Qiziltepa tumani,1712216,1712216016.0,23034.2458177157,10727358.990365904,oboddiyor mfy,,,,,,
2864,Navoiy viloyati,Oq machit MFY,1712,Qiziltepa tumani,1712216,1712216023.0,15590.5834768799,6944225.998711857,oq machit mfy,,,,,,
2870,Navoiy viloyati,Okrabot MFY,1712,Qiziltepa tumani,1712216,1712216007.0,13391.1270147011,3520539.943654422,okrabot mfy,,,,,,
2873,Navoiy viloyati,Xumo MFY,1712,Qiziltepa tumani,1712216,1712216013.0,22967.5866872577,16164841.32048669,humo mfy,,,,,,
2877,Navoiy viloyati,Yashnaobod MFY,1712,Qiziltepa tumani,1712216,1712216049.0,16540.0913757129,7229460.461448735,yashnaobod mfy,,,,,,
2895,Qashqadaryo viloyati,Qumbangi MFY,1710,Mirishkor tuman,1710233,1710233006.0,10728.6445957151,4475480.629124875,qumbangi mfy,,,,,,
2913,Qashqadaryo viloyati,Ali Kushchi MFY,1710,Kitob tuman,1710232,1710232045.0,6881.0414650086,1759881.0123638476,ali kushchi mfy,,,,,,
2955,Qashqadaryo viloyati,Ibn-Sino MFY,1710,Nishon tuman,1710235,1710235029.0,33428.541956697,60539764.414847486,ibnsino mfy,,,,,,
2962,Qashqadaryo viloyati,Obi-Hayot MFY,1710,Nishon tuman,1710235,1710235023.0,9438.7379826781,3384601.510180871,obihayot mfy,,,,,,
2993,Qashqadaryo viloyati,Xujamurod Baxshi MFY,1710,Shahrisabz shahar,1710405,1710405026.0,5241.9704253996,1127775.3523041646,hujamurod bahshi mfy,,,,,,
2995,Qashqadaryo viloyati,Gʼalaba MFY,1710,Shahrisabz shahar,1710405,1710405028.0,3803.6634324961,647629.7588179929,gʼalaba mfy,,,,,,
2997,Qashqadaryo viloyati,Navroʼz MFY,1710,Shahrisabz shahar,1710405,1710405005.0,4765.5131785103,805029.5373515157,navroʼz mfy,,,,,,
2999,Qashqadaryo viloyati,Oʼrda MFY,1710,Shahrisabz shahar,1710405,1710405001.0,4958.924374075,730364.21491944,oʼrda mfy,,,,,,
3005,Qashqadaryo viloyati,Kunchikar MFY,1710,Shahrisabz shahar,1710405,1710405034.0,3978.3408005797,685095.4913072274,kunchikar mfy,,,,,,
3006,Qashqadaryo viloyati,Qoʼshxovuz MFY,1710,Shahrisabz shahar,1710405,1710405011.0,3985.264952446,707491.8497141534,qoʼshhovuz mfy,,,,,,
3008,Qashqadaryo viloyati,Boʼston MFY,1710,Shahrisabz shahar,1710405,1710405004.0,5949.1241139458,1657022.7695574337,boʼston mfy,,,,,,
3009,Qashqadaryo viloyati,Teparlik MFY,1710,Shahrisabz shahar,1710405,1710405040.0,6638.0811166437,2095585.0536773868,teparlik mfy,,,,,,
3014,Qashqadaryo viloyati,Yagnixayot MFY,1710,Shahrisabz shahar,1710405,1710405036.0,12984.8745586057,4824924.3260495765,yagnihayot mfy,,,,,,
3015,Qashqadaryo viloyati,Bogʻibaxor MFY,1710,Shahrisabz shahar,1710405,1710405032.0,6501.6492589266,1762597.158137238,bogibahor mfy,,,,,,
3017,Qashqadaryo viloyati,Uymavut MFY,1710,Shahrisabz shahar,1710405,1710405021.0,11685.0796560894,7100550.821195781,uymavut mfy,,,,,,
3026,Qashqadaryo viloyati,Qayrogʻoch MFY,1710,Yakkabog tumani,1710250,1710250033.0,80769.7238603584,171800133.3012376,qayrogoch mfy,,,,,,
3038,Qashqadaryo viloyati,Choydori MFY,1710,Yakkabog tumani,1710250,1710250010.0,27990.651761517,26852623.920178607,choydori mfy,,,,,,
3052,Qashqadaryo viloyati,Shirozi MFY,1710,Yakkabog tumani,1710250,1710250045.0,22135.5598293869,16617906.183784928,shirozi mfy,,,,,,
3056,Qashqadaryo viloyati,Navro'z MFY,1710,Yakkabog tumani,1710250,1710250038.0,62658.1423136251,97532720.19638918,navroz mfy,,,,,,
3062,Qashqadaryo viloyati,Xonaka MFY,1710,Yakkabog tumani,1710250,1710250042.0,47593.8197265115,78468310.8586292,honaka mfy,,,,,,
3072,Qashqadaryo viloyati,Ibn Sino MFY,1710,Yakkabog tumani,1710250,1710250032.0,9698.1005540208,2203020.6155828903,ibn sino mfy,,,,,,
3075,Qashqadaryo viloyati,Oktosh MFY,1710,Yakkabog tumani,1710250,1710250055.0,13053.637157857,4588482.74276862,oktosh mfy,,,,,,
3148,Qashqadaryo viloyati,Alisher Navoiy MFY,1710,Qarshi tumani,1710224,1710224024.0,6352.4138372161,1201977.5767036097,alisher navoiy mfy,,,,,,
3155,Qashqadaryo viloyati,Fayzobod MFY,1710,Qarshi tumani,1710224,1710224042.0,14340.3736269574,8243236.708106164,fayzobod mfy,,,,,,
3163,Qashqadaryo viloyati,Kuchkak MFY,1710,Qarshi tumani,1710224,1710224012.0,25686.0379629537,32400377.56081041,kuchkak mfy,,,,,,
3173,Qashqadaryo viloyati,Omontepa MFY,1710,Qarshi tumani,1710224,1710224008.0,42225.7176377551,48527249.99476402,omontepa mfy,,,,,,
3175,Qashqadaryo viloyati,Paxtakor MFY,1710,Qarshi tumani,1710224,1710224002.0,12962.3388313771,6859446.965426115,pahtakor mfy,,,,,,
3191,Qashqadaryo viloyati,Tinchlik MFY,1710,Qarshi tumani,1710224,1710224017.0,24722.1373220901,17869235.607125975,tinchlik mfy,,,,,,
3198,Qashqadaryo viloyati,Yangihayot MFY,1710,Qarshi tumani,1710224,1710224007.0,23010.4294434524,16916096.093616545,yangihayot mfy,,,,,,
3199,Qashqadaryo viloyati,Guliston MFY,1710,Qarshi tumani,1710224,1710224016.0,35147.4787496572,23035785.838642582,guliston mfy,,,,,,
3208,Qashqadaryo viloyati,Mashʼal MFY,1710,Muborak tuman,1710234,1710234023.0,8706.4604952097,3739615.674721168,mashʼal mfy,,,,,,
3209,Qashqadaryo viloyati,А.Navoiy MFY,1710,Muborak tuman,1710234,1710234001.0,7254.0935111838,2540360.346265356,аnavoiy mfy,,,,,,
3213,Qashqadaryo viloyati,Karlik MFY,1710,Muborak tuman,1710234,1710234011.0,56909.8272782188,57375706.03069159,karlik mfy,,,,,,
3215,Qashqadaryo viloyati,А.Temur MFY,1710,Muborak tuman,1710234,1710234007.0,63972.8441340643,209647747.419616,аtemur mfy,,,,,,
3221,Qashqadaryo viloyati,Yashnaobod MFY,1710,Muborak tuman,1710234,1710234019.0,17141.4350081,12458825.8615072,yashnaobod mfy,,,,,,
3233,Qashqadaryo viloyati,Аyronchi MFY,1710,Koson tuman,1710229,1710229001.0,16901.2244718817,12094484.77401412,аyronchi mfy,,,,,,
3243,Qashqadaryo viloyati,Beshqo'tan MFY,1710,Koson tuman,1710229,1710229005.0,34793.7034774609,49970135.72223701,beshqotan mfy,,,,,,
3244,Qashqadaryo viloyati,Farovan MFY,1710,Koson tuman,1710229,1710229056.0,11242.6529069556,3045699.847278933,farovan mfy,,,,,,
3262,Qashqadaryo viloyati,Kazokli MFY,1710,Koson tuman,1710229,1710229020.0,28616.3121032213,42413453.52973366,kazokli mfy,,,,,,
3264,Qashqadaryo viloyati,Boyterak MFY,1710,Koson tuman,1710229,1710229008.0,27277.4464014438,22372201.92791402,boyterak mfy,,,,,,
3290,Qashqadaryo viloyati,Аrabxona MFY,1710,Koson tuman,1710229,1710229003.0,42111.3556623087,28162560.641077265,аrabhona mfy,,,,,,
3299,Qashqadaryo viloyati,Mashʼal MFY,1710,Koson tuman,1710229,1710229028.0,10732.3392108588,4729833.9917290285,mashʼal mfy,,,,,,
3345,Qoraqolpog'iston Respublikasi,Turon MFY,1735,Nukus shahar,1735401,1735401025.0,9270.731471487,2244940.395725148,turon mfy,,,,,,
3346,Qoraqolpog'iston Respublikasi,Temiryo‘l MFY,1735,Nukus shahar,1735401,1735401027.0,4067.4450290638,806548.3713422618,temiryol mfy,,,,,,
3353,Qoraqolpog'iston Respublikasi,Do‘stlik MFY,1735,Nukus shahar,1735401,1735401009.0,4597.0960336199,1107315.057270595,dostlik mfy,,,,,,
3356,Qoraqolpog'iston Respublikasi,Bog‘chilik MFY,1735,Nukus shahar,1735401,1735401030.0,4346.4382603575,913299.0114456388,bogchilik mfy,,,,,,
3362,Qoraqolpog'iston Respublikasi,Navro‘z MFY,1735,Nukus shahar,1735401,1735401035.0,13516.1071179123,8303353.359965896,navroz mfy,,,,,,
3365,Qoraqolpog'iston Respublikasi,Navkanbog‘ MFY,1735,Nukus shahar,1735401,1735401036.0,12696.6364595637,5962511.987223319,navkanbog mfy,,,,,,
3366,Qoraqolpog'iston Respublikasi,Navbahor MFY,1735,Nukus shahar,1735401,1735401052.0,12976.2689281475,7386351.800715295,navbahor mfy,,,,,,
3368,Qoraqolpog'iston Respublikasi,Qurilishchi MFY,1735,Nukus shahar,1735401,1735401012.0,6544.5357142258,2151710.67634573,qurilishchi mfy,,,,,,
3369,Qoraqolpog'iston Respublikasi,Qumbizovul MFY,1735,Nukus shahar,1735401,1735401047.0,14987.9544121417,5340376.454489332,qumbizovul mfy,,,,,,
3376,Qoraqolpog'iston Respublikasi,Yelobod MFY,1735,Nukus shahar,1735401,1735401015.0,3934.3005673259,848376.2643115718,yelobod mfy,,,,,,
3380,Qoraqolpog'iston Respublikasi,Boyterak MFY,1735,Nukus shahar,1735401,1735401017.0,8182.1187803069,2407818.117539996,boyterak mfy,,,,,,
3386,Qoraqolpog'iston Respublikasi,Aqotov MFY,1735,Nukus shahar,1735401,1735401048.0,2058.3062171132,224076.151039839,aqotov mfy,,,,,,
3388,Qoraqolpog'iston Respublikasi,Gulzor MFY,1735,Nukus shahar,1735401,1735401057.0,3065.8118526691,554701.7794261323,gulzor mfy,,,,,,
3389,Qoraqolpog'iston Respublikasi,Barakat MFY,1735,Nukus shahar,1735401,1735401050.0,2083.059281782,260811.2764718432,barakat mfy,,,,,,
3391,Qoraqolpog'iston Respublikasi,Anasoy MFY,1735,Nukus shahar,1735401,1735401043.0,7150.66240042,2263538.579787827,anasoy mfy,,,,,,
3396,Qoraqolpog'iston Respublikasi,Otamakon MFY,1735,Nukus shahar,1735401,1735401061.0,6551.2981462969,2724229.486515198,otamakon mfy,,,,,,
3406,Qoraqolpog'iston Respublikasi,To‘ktov MFY,1735,Nukus tumani,1735225,1735225008.0,9700.2663118094,5458348.443651813,toktov mfy,,,,,,
3408,Qoraqolpog'iston Respublikasi,Kirantov OFY,1735,Nukus tumani,1735225,1735225002.0,71196.642569143,179742224.72305033,kirantov ofy,,,,,,
3410,Qoraqolpog'iston Respublikasi,Samanboy OFY,1735,Nukus tumani,1735225,1735225010.0,71663.202679538,89029258.3117848,samanboy ofy,,,,,,
3414,Qoraqolpog'iston Respublikasi,Yesim MFY,1735,Qorao‘zak tumani,1735211,1735211001.0,13190.1720759326,6808454.185512846,yesim mfy,,,,,,
3415,Qoraqolpog'iston Respublikasi,Otamakon MFY,1735,Qorao‘zak tumani,1735211,1735211008.0,7430.3644110784,2995747.5700039435,otamakon mfy,,,,,,
3420,Qoraqolpog'iston Respublikasi,Madaniyat OFY,1735,Qorao‘zak tumani,1735211,1735211010.0,90142.1863334237,274134555.8707457,madaniyat ofy,,,,,,
3425,Qoraqolpog'iston Respublikasi,G‘arezsizlik guzari MFY,1735,Qorao‘zak tumani,1735211,1735211009.0,6086.0002964631,1708175.3375596467,garezsizlik guzari mfy,,,,,,
3426,Qoraqolpog'iston Respublikasi,Qorao‘zak MFY,1735,Qorao‘zak tumani,1735211,1735211007.0,9682.9129299682,2115900.1751091825,qoraozak mfy,,,,,,
3429,Qoraqolpog'iston Respublikasi,Qorako‘l MFY,1735,Chimboy tumani,1735240,1735240006.0,10623.2204775782,3801522.45204269,qorakol mfy,,,,,,
3430,Qoraqolpog'iston Respublikasi,Berdaq MFY,1735,Chimboy tumani,1735240,1735240018.0,7212.9441426638,1777854.6343645744,berdaq mfy,,,,,,
3434,Qoraqolpog'iston Respublikasi,Do‘stlik MFY,1735,Chimboy tumani,1735240,1735240019.0,15250.5425008793,8907913.325333951,dostlik mfy,,,,,,
3437,Qoraqolpog'iston Respublikasi,Abat makon MFY,1735,Chimboy tumani,1735240,1735240017.0,7531.1983154927,1745387.7468730593,abat makon mfy,,,,,,
3444,Qoraqolpog'iston Respublikasi,Qamisariq OFY,1735,Chimboy tumani,1735240,1735240016.0,71611.9901851558,220988977.2422861,qamisariq ofy,,,,,,
3482,Qoraqolpog'iston Respublikasi,Navro‘z MFY,1735,Beruniy tumani,1735207,1735207014.0,3163.4924735364,581958.6353280196,navroz mfy,,,,,,
3485,Qoraqolpog'iston Respublikasi,Beruniy OFY,1735,Beruniy tumani,1735207,1735207002.0,49481.9539871795,65866986.492778935,beruniy ofy,,,,,,
3489,Qoraqolpog'iston Respublikasi,Qiyot MFY,1735,Beruniy tumani,1735207,1735207006.0,7262.1329267773,2533046.326868067,qiyot mfy,,,,,,
3498,Qoraqolpog'iston Respublikasi,Bo‘ston MFY,1735,Beruniy tumani,1735207,1735207012.0,15887.7923474033,4615394.263453193,boston mfy,,,,,,
3500,Qoraqolpog'iston Respublikasi,Do‘stlik OFY,1735,Beruniy tumani,1735207,1735207029.0,57724.926139335,108639429.40352651,dostlik ofy,,,,,,
3504,Qoraqolpog'iston Respublikasi,Sariko‘l MFY,1735,Beruniy tumani,1735207,1735207040.0,13803.4025686375,5344432.567358424,sarikol mfy,,,,,,
3506,Qoraqolpog'iston Respublikasi,Tinchlik OFY,1735,Beruniy tumani,1735207,1735207018.0,71070.5561465732,138400062.24048656,tinchlik ofy,,,,,,
3507,Qoraqolpog'iston Respublikasi,Navoiy OFY,1735,Beruniy tumani,1735207,1735207013.0,54537.8942899932,92010228.69258836,navoiy ofy,,,,,,
3508,Qoraqolpog'iston Respublikasi,Mahtumquli OFY,1735,Beruniy tumani,1735207,1735207025.0,48876.6724414206,63975275.064527415,mahtumquli ofy,,,,,,
3509,Qoraqolpog'iston Respublikasi,Ozod OFY,1735,Beruniy tumani,1735207,1735207027.0,57418.4678335012,93226902.92783244,ozod ofy,,,,,,
3513,Qoraqolpog'iston Respublikasi,Ibn Sino MFY,1735,Beruniy tumani,1735207,1735207031.0,30559.3986979699,31149403.62551058,ibn sino mfy,,,,,,
3514,Qoraqolpog'iston Respublikasi,Shabboz OFY,1735,Beruniy tumani,1735207,1735207036.0,19437.6743006118,12402972.419177404,shabboz ofy,,,,,,
3519,Qoraqolpog'iston Respublikasi,Mashʼal MFY,1735,To‘rtko‘l tumani,1735233,1735223014.0,21320.2363627734,14606914.799737755,mashʼal mfy,,,,,,
3536,Qoraqolpog'iston Respublikasi,Ko‘kcha OFY,1735,To‘rtko‘l tumani,1735233,1735223024.0,87217.1342407678,160094828.20832902,kokcha ofy,,,,,,
3543,Qoraqolpog'iston Respublikasi,Paxtaobod OFY,1735,To‘rtko‘l tumani,1735233,1735223017.0,71986.2863358723,180863439.20760065,pahtaobod ofy,,,,,,
3551,Qoraqolpog'iston Respublikasi,Uchsoy OFY,1735,Mo‘ynoq tumani,1735222,1735222006.0,100682.7582852044,348940740.35087043,uchsoy ofy,,,,,,
3555,Qoraqolpog'iston Respublikasi,Doʻstlik MFY,1735,Mo‘ynoq tumani,1735222,1735222005.0,14685.5483061409,11076292.833866036,dostlik mfy,,,,,,
3556,Qoraqolpog'iston Respublikasi,Qoraoy OFY,1735,Taxtako‘pir tumani,1735230,1735230009.0,95564.9298879406,152103749.14392814,qoraoy ofy,,,,,,
3561,Qoraqolpog'iston Respublikasi,Taxtako‘pir SHFY,1735,Taxtako‘pir tumani,1735230,1735230012.0,11810.8811187952,7828373.297403482,tahtakopir shfy,,,,,,
3562,Qoraqolpog'iston Respublikasi,Davr MFY,1735,Taxtako‘pir tumani,1735230,1735230003.0,11406.9905560957,4315960.162318654,davr mfy,,,,,,
3566,Qoraqolpog'iston Respublikasi,Beltov OFY,1735,Taxtako‘pir tumani,1735230,1735230007.0,75955.8320605055,198543511.47665432,beltov ofy,,,,,,
3569,Qoraqolpog'iston Respublikasi,Dovudsoy MFY,1735,Taxtako‘pir tumani,1735230,1735230016.0,10781.7695849009,4858527.106014566,dovudsoy mfy,,,,,,
3611,Qoraqolpog'iston Respublikasi,Do‘rmon OFY,1735,Amudaryo tumani,1735204,1735204019.0,20214.8116933496,24145678.33778046,dormon ofy,,,,,,
3619,Qoraqolpog'iston Respublikasi,Alisher Navoiy MFY,1735,Amudaryo tumani,1735204,1735204044.0,8241.380479492,2696678.8124714624,alisher navoiy mfy,,,,,,
3631,Qoraqolpog'iston Respublikasi,Xitoy OFY,1735,Amudaryo tumani,1735204,1735204041.0,20496.1685246602,14085583.658535523,hitoy ofy,,,,,,
3635,Qoraqolpog'iston Respublikasi,To‘lqin OFY,1735,Amudaryo tumani,1735204,1735204009.0,49558.6784777482,64315879.36817909,tolqin ofy,,,,,,
3636,Qoraqolpog'iston Respublikasi,Qumyop MFY,1735,Amudaryo tumani,1735204,1735204043.0,46782.9405358996,45438919.95233675,qumyop mfy,,,,,,
3638,Qoraqolpog'iston Respublikasi,Qangli OFY,1735,Amudaryo tumani,1735204,1735204042.0,32792.0461874491,40334483.73563601,qangli ofy,,,,,,
3641,Qoraqolpog'iston Respublikasi,Oq oltin OFY,1735,Amudaryo tumani,1735204,1735204038.0,53701.7397954624,94773555.76535746,oq oltin ofy,,,,,,
3642,Qoraqolpog'iston Respublikasi,Jumirovul MFY,1735,Amudaryo tumani,1735204,1735204033.0,34913.039411225,50148521.40426545,jumirovul mfy,,,,,,
3645,Qoraqolpog'iston Respublikasi,Daryobo‘yi MFY,1735,Amudaryo tumani,1735204,1735204004.0,14065.8207901479,8748199.057496894,daryoboyi mfy,,,,,,
3649,Qoraqolpog'iston Respublikasi,Z.M.Bobur OFY,1735,Amudaryo tumani,1735204,1735204035.0,25607.3163401314,18381646.674344,zmbobur ofy,,,,,,
3655,Qoraqolpog'iston Respublikasi,Beshtom MFY,1735,Amudaryo tumani,1735204,1735204001.0,75323.9884536135,176466016.09949824,beshtom mfy,,,,,,
3659,Qoraqolpog'iston Respublikasi,Janabozor OFY,1735,Kegeyli tumani,1735212,1735212005.0,78257.0031505771,218047038.66958973,janabozor ofy,,,,,,
3660,Qoraqolpog'iston Respublikasi,Aqto‘ba OFY,1735,Kegeyli tumani,1735212,1735212012.0,102772.9193274749,284944775.01734084,aqtoba ofy,,,,,,
3662,Qoraqolpog'iston Respublikasi,Nurlibo‘ston MFY,1735,Kegeyli tumani,1735212,1735212002.0,9863.538767676,2354984.30657398,nurliboston mfy,,,,,,
3663,Qoraqolpog'iston Respublikasi,Abatmakon MFY,1735,Kegeyli tumani,1735212,1735212013.0,9525.6057357019,3082991.2241479056,abatmakon mfy,,,,,,
3666,Qoraqolpog'iston Respublikasi,Ichanqalʼa OFY,1735,Kegeyli tumani,1735212,1735212004.0,84457.1921468559,156477853.02924576,ichanqalʼa ofy,,,,,,
3668,Qoraqolpog'iston Respublikasi,Baxtli MFY,1735,Kegeyli tumani,1735212,1735212014.0,12464.4194339337,4704935.192799869,bahtli mfy,,,,,,
3669,Qoraqolpog'iston Respublikasi,Xalqabat MFY,1735,Kegeyli tumani,1735212,1735212010.0,6686.7599557128,2129280.925280367,halqabat mfy,,,,,,
3670,Qoraqolpog'iston Respublikasi,Ko‘ko‘zak OFY,1735,Kegeyli tumani,1735212,1735212011.0,90701.8335261022,312430822.3272125,kokozak ofy,,,,,,
3684,Qoraqolpog'iston Respublikasi,Saxtiyon SHFY,1735,Ellikqal'a tumani,1735250,1735250005.0,35178.886012835,24691226.72451901,sahtiyon shfy,,,,,,
3685,Qoraqolpog'iston Respublikasi,Oq oltin MFY,1735,Ellikqal'a tumani,1735250,1735250010.0,32264.3158207983,44972995.87020224,oq oltin mfy,,,,,,
3688,Qoraqolpog'iston Respublikasi,Tuproqqalʼa OFY,1735,Ellikqal'a tumani,1735250,1735250017.0,26977.8422796847,30347930.75778245,tuproqqalʼa ofy,,,,,,
3692,Qoraqolpog'iston Respublikasi,Ibn Sino MFY,1735,Ellikqal'a tumani,1735250,1735250031.0,13105.9484150759,3006537.575274347,ibn sino mfy,,,,,,
3698,Qoraqolpog'iston Respublikasi,Qizilqum OFY,1735,Ellikqal'a tumani,1735250,1735250006.0,627379.6337955454,8231825316.612112,qizilqum ofy,,,,,,
3705,Qoraqolpog'iston Respublikasi,Sharq yulduzi OFY,1735,Ellikqal'a tumani,1735250,1735250016.0,46224.5603885577,72928139.01469277,sharq yulduzi ofy,,,,,,
3707,Qoraqolpog'iston Respublikasi,Navoiy OFY,1735,Ellikqal'a tumani,1735250,1735250012.0,48895.8337747749,70539027.75374414,navoiy ofy,,,,,,
3709,Qoraqolpog'iston Respublikasi,Guliston OFY,1735,Ellikqal'a tumani,1735250,1735250008.0,79156.4069499524,197311608.41946456,guliston ofy,,,,,,
3711,Qoraqolpog'iston Respublikasi,Do‘stlik OFY,1735,Ellikqal'a tumani,1735250,1735250018.0,67928.0619145631,89326529.99703732,dostlik ofy,,,,,,
3717,Qoraqolpog'iston Respublikasi,Amirobod OFY,1735,Ellikqal'a tumani,1735250,1735250019.0,27562.9238550568,15270606.218435382,amirobod ofy,,,,,,
3719,Qoraqolpog'iston Respublikasi,Amudaryo OFY,1735,Xo‘jayli tumani,1735236,1735236020.0,102970.5895352518,279486238.5907429,amudaryo ofy,,,,,,
3720,Qoraqolpog'iston Respublikasi,Ko‘lob OFY,1735,Xo‘jayli tumani,1735236,1735236012.0,41582.637198303,78605044.26812832,kolob ofy,,,,,,
3721,Qoraqolpog'iston Respublikasi,Mustaqillik OFY,1735,Xo‘jayli tumani,1735236,1735236006.0,52062.9198218021,48334136.28109592,mustaqillik ofy,,,,,,
3725,Qoraqolpog'iston Respublikasi,Abod MFY,1735,Xo‘jayli tumani,1735236,1735236001.0,5541.5289490814,1658353.0600616965,abod mfy,,,,,,
3733,Qoraqolpog'iston Respublikasi,Somonko‘l OFY,1735,Xo‘jayli tumani,1735236,1735236007.0,70127.8737225384,84293560.3563884,somonkol ofy,,,,,,
3734,Qoraqolpog'iston Respublikasi,Jayxun SHFY,1735,Xo‘jayli tumani,1735236,1735236025.0,18691.8056925906,11039076.621922694,jayhun shfy,,,,,,
3739,Qoraqolpog'iston Respublikasi,Tinchlik MFY,1735,Xo‘jayli tumani,1735236,1735236010.0,4490.5951785926,1129833.3119083776,tinchlik mfy,,,,,,
3741,Qoraqolpog'iston Respublikasi,Boyterak MFY,1735,Xo‘jayli tumani,1735236,1735236008.0,4277.5804721455,1015556.7572021154,boyterak mfy,,,,,,
3743,Qoraqolpog'iston Respublikasi,Nurliyo‘l MFY,1735,Xo‘jayli tumani,1735236,1735236002.0,4345.5022169621,931532.7717916556,nurliyol mfy,,,,,,
3744,Qoraqolpog'iston Respublikasi,Qumovul MFY,1735,Nukus shahar,1735401,1735401023.0,7667.0360493333,2950637.010318228,qumovul mfy,,,,,,
3746,Qoraqolpog'iston Respublikasi,Bo‘zovul MFY,1735,Nukus shahar,1735401,1735401045.0,10354.5105124983,4101895.771825506,bozovul mfy,,,,,,
3749,Qoraqolpog'iston Respublikasi,Oqqamish OFY,1735,To‘rtko‘l tumani,1735233,1735223020.0,48348.084356185,100944936.69190042,oqqamish ofy,,,,,,
3751,Qoraqolpog'iston Respublikasi,Kaltaminor OFY,1735,To‘rtko‘l tumani,1735233,1735223012.0,52050.918460414,96015656.66258526,kaltaminor ofy,,,,,,
3752,Qoraqolpog'iston Respublikasi,Paxtachi OFY,1735,To‘rtko‘l tumani,1735233,1735223006.0,48490.0161461619,48409863.83472556,pahtachi ofy,,,,,,
3759,Samarqand viloyati,Chandir MFY,1718,Pastdarg'om tumani,1718227,1718227104.0,7172.0251096393,1679554.7197473252,chandir mfy,,,,,,
3765,Samarqand viloyati,Sazogʻon MFY,1718,Pastdarg'om tumani,1718227,1718227070.0,4306.7052719375,858533.9541117294,sazogon mfy,,,,,,
3778,Samarqand viloyati,Sinchi (Oʻrikzor) MFY,1718,Pastdarg'om tumani,1718227,1718227047.0,20443.2516555259,9154067.401534935,sinchi orikzor mfy,,,,,,
3832,Samarqand viloyati,Mashʼal (Usku) MFY,1718,Pastdarg'om tumani,1718227,1718227019.0,29038.7439914337,28641142.060586773,mashʼal usku mfy,,,,,,
3846,Samarqand viloyati,Marakanda MFY,1718,Pastdarg'om tumani,1718227,1718227094.0,35942.6405329761,33791557.76971436,marakanda mfy,,,,,,
3864,Qoraqolpog'iston Respublikasi,Abatmakon MFY,1735,Taxiatosh tumani,1735228,1735228001.0,9860.7370904388,2861310.281589701,abatmakon mfy,,,,,,
3866,Qoraqolpog'iston Respublikasi,Do‘stlik MFY,1735,Taxiatosh tumani,1735228,1735228005.0,9841.1568913394,4780686.562428931,dostlik mfy,,,,,,
3870,Qoraqolpog'iston Respublikasi,Markaziy MFY,1735,Taxiatosh tumani,1735228,1735228009.0,8174.8195950391,3565368.916546936,markaziy mfy,,,,,,
3874,Qoraqolpog'iston Respublikasi,Saroyko‘l OFY,1735,Taxiatosh tumani,1735228,1735228013.0,60265.1109275306,104192550.50571609,saroykol ofy,,,,,,
3887,Qoraqolpog'iston Respublikasi,Yashnaobod QFY,1735,To‘rtko‘l tumani,1735233,1735223039.0,28347.8877266346,14411700.40864205,yashnaobod qfy,,,,,,
3888,Qoraqolpog'iston Respublikasi,Nurliyo'l MFY,1735,To‘rtko‘l tumani,1735233,1735223040.0,15537.2500998941,8632755.288021496,nurliyol mfy,,,,,,
3890,Qoraqolpog'iston Respublikasi,Tozabuzyop MFY,1735,To‘rtko‘l tumani,1735233,1735223043.0,19622.8560906248,16795637.162176475,tozabuzyop mfy,,,,,,
4025,Samarqand viloyati,Bahshitepa (Nurli yo'l) MFY,1718,Toyloq tuman,1718238,1718238023.0,23491.4984445997,14476405.887569737,bahshitepa nurli yol mfy,,,,,,
4034,Samarqand viloyati,Ilimobod MFY,1718,Toyloq tuman,1718238,1718238042.0,15133.6458294724,10320460.9617437,ilimobod mfy,,,,,,
4071,Samarqand viloyati,Dexkonobod MFY,1718,Bulung'ur tumani,1718206,1718206017.0,13882.7896503767,7477847.403518235,dehkonobod mfy,,,,,,
4074,Samarqand viloyati,Soxibkor MFY,1718,Bulung'ur tumani,1718206,1718206039.0,19295.2389995468,11447201.619439073,sohibkor mfy,,,,,,
4075,Samarqand viloyati,Oktosh MFY,1718,Bulung'ur tumani,1718206,1718206010.0,29867.8997332097,35286154.61452519,oktosh mfy,,,,,,
4082,Samarqand viloyati,Oktepa MFY,1718,Bulung'ur tumani,1718206,1718206048.0,25415.5923728185,19605829.75075587,oktepa mfy,,,,,,
4090,Samarqand viloyati,Sarkipchok MFY,1718,Bulung'ur tumani,1718206,1718206026.0,10903.6083941379,5806112.588373742,sarkipchok mfy,,,,,,
4093,Samarqand viloyati,Yangiarik MFY,1718,Bulung'ur tumani,1718206,1718206042.0,34110.3297001292,31847889.88200554,yangiarik mfy,,,,,,
4094,Samarqand viloyati,Kattakishlok MFY,1718,Bulung'ur tumani,1718206,1718206041.0,86747.385795218,167066213.3279079,kattakishlok mfy,,,,,,
4103,Samarqand viloyati,Samarkand MFY,1718,Bulung'ur tumani,1718206,1718206049.0,4684.0486680075,1201306.0107468723,samarkand mfy,,,,,,
4109,Samarqand viloyati,Istiklol MFY,1718,Bulung'ur tumani,1718206,1718206006.0,8939.3157332998,1764965.8988421697,istiklol mfy,,,,,,
4113,Samarqand viloyati,Beshkuvi MFY,1718,Bulung'ur tumani,1718206,1718206044.0,17658.9966463798,14723023.402651984,beshkuvi mfy,,,,,,
4119,Samarqand viloyati,Kirkshodi MFY,1718,Bulung'ur tumani,1718206,1718206022.0,20750.4262051099,16966400.75772047,kirkshodi mfy,,,,,,
4132,Samarqand viloyati,Soʻxmon MFY,1718,Jomboy tuman,1718209,1718209037.0,25431.3409607187,16985343.863867443,sohmon mfy,,,,,,
4141,Samarqand viloyati,Qoʻlbosti (Mehnatobod) MFY,1718,Jomboy tuman,1718209,1718209016.0,54464.0159265571,96482766.1433138,qolbosti mehnatobod mfy,,,,,,
4143,Samarqand viloyati,Nogahon (Navbahor) MFY,1718,Jomboy tuman,1718209,1718209017.0,34854.8488052339,21057631.211001165,nogahon navbahor mfy,,,,,,
4148,Samarqand viloyati,Taldirazzoq (Hurriyat) MFY,1718,Jomboy tuman,1718209,1718209005.0,24566.3849731947,13730771.831777403,taldirazzoq hurriyat mfy,,,,,,
4151,Samarqand viloyati,Toʻqqizboy MFY,1718,Jomboy tuman,1718209,1718209006.0,25180.9190715012,19574424.72437839,toqqizboy mfy,,,,,,
4171,Samarqand viloyati,Xalqobod MFY,1718,Narpay tuman,1718218,1718218056.0,4533.3971581491,703818.5845988685,halqobod mfy,,,,,,
4181,Samarqand viloyati,Muqumiy MFY,1718,Narpay tuman,1718218,1718218048.0,13898.1840489378,4689105.70953894,muqumiy mfy,,,,,,
4187,Samarqand viloyati,Xaqiqat MFY,1718,Narpay tuman,1718218,1718218025.0,38300.4800793576,28630215.322489586,haqiqat mfy,,,,,,
4190,Samarqand viloyati,Nug'oy MFY,1718,Narpay tuman,1718218,1718218010.0,15451.341487778,8358887.479004149,nugoy mfy,,,,,,
4200,Samarqand viloyati,Xo'jakarson MFY,1718,Narpay tuman,1718218,1718218027.0,29331.3008499343,14042142.849962078,hojakarson mfy,,,,,,
4202,Samarqand viloyati,Turon MFY,1718,Narpay tuman,1718218,1718218015.0,23200.837116119,16967367.807275943,turon mfy,,,,,,
4208,Samarqand viloyati,Obixayot MFY,1718,Narpay tuman,1718218,1718218021.0,26435.3466830467,14603321.990151135,obihayot mfy,,,,,,
4212,Samarqand viloyati,Oq oltin MFY,1718,Narpay tuman,1718218,1718218035.0,22790.8437437201,11899751.409299487,oq oltin mfy,,,,,,
4216,Samarqand viloyati,Navro'z MFY,1718,Narpay tuman,1718218,1718218009.0,14631.1770496977,6705303.6984111415,navroz mfy,,,,,,
4217,Samarqand viloyati,Yangiariq MFY,1718,Narpay tuman,1718218,1718218018.0,17761.9701733985,8247879.943425227,yangiariq mfy,,,,,,
4245,Samarqand viloyati,Amir Temur MFY,1718,Oqdaryo tumani,1718203,1718203017.0,31530.6981419085,24607248.505715404,amir temur mfy,,,,,,
4252,Samarqand viloyati,Alisher Navoiy MFY,1718,Oqdaryo tumani,1718203,1718203011.0,5533.0127452138,1648748.6315389106,alisher navoiy mfy,,,,,,
4275,Samarqand viloyati,O.Miriy MFY,1718,Kattaqo‘rg‘on shahar,1718406,1718406030.0,2403.6781897323,126660.5414407685,omiriy mfy,,,,,,
4304,Samarqand viloyati,Barlos MFY,1718,Ishtixon tumani,1718212,1718212018.0,41840.7992155902,40091499.59269329,barlos mfy,,,,,,
4307,Samarqand viloyati,Zarbulok MFY,1718,Ishtixon tumani,1718212,1718212050.0,23670.7593418334,14019201.45613714,zarbulok mfy,,,,,,
4314,Samarqand viloyati,Xonaka MFY,1718,Ishtixon tumani,1718212,1718212030.0,21735.6651460503,9371484.342353066,honaka mfy,,,,,,
4316,Samarqand viloyati,Mirzaqul MFY,1718,Ishtixon tumani,1718212,1718212054.0,22196.9962188096,13558220.972608265,mirzaqul mfy,,,,,,
4319,Samarqand viloyati,Yangirovot MFY,1718,Ishtixon tumani,1718212,1718212062.0,18514.2732802259,12210972.841163415,yangirovot mfy,,,,,,
4320,Samarqand viloyati,Qorakishlok MFY,1718,Ishtixon tumani,1718212,1718212040.0,26639.9613156645,15210258.368751807,qorakishlok mfy,,,,,,
4323,Samarqand viloyati,Chokar MFY,1718,Ishtixon tumani,1718212,1718212013.0,30467.6264207617,21528500.911933407,chokar mfy,,,,,,
4389,Samarqand viloyati,Z.M.Bobur MFY,1718,Payariq tumani,1718224,1718224049.0,17525.5850547565,12680863.771208648,zmbobur mfy,,,,,,
4411,Samarqand viloyati,Mojar MFY,1718,Paxtachi tumani,1718230,1718230036.0,9710.4412191882,4041875.097642639,mojar mfy,,,,,,
4412,Samarqand viloyati,Amirabod MFY,1718,Paxtachi tumani,1718230,1718230031.0,10156.7895433957,3342021.921601722,amirabod mfy,,,,,,
4426,Samarqand viloyati,Urgʻuch (Oʻrikzor) MFY,1718,Paxtachi tumani,1718230,1718230027.0,16775.3795542274,7613829.451781303,urguch orikzor mfy,,,,,,
4462,Samarqand viloyati,Xalkabod MFY,1718,Nurobod tumani,1718235,1718235019.0,50500.2984617979,73698821.05813506,halkabod mfy,,,,,,
4472,Samarqand viloyati,Mashʼal MFY,1718,Nurobod tumani,1718235,1718235024.0,68642.0260496956,82865365.83782363,mashʼal mfy,,,,,,
4484,Samarqand viloyati,Jom MFY,1718,Nurobod tumani,1718235,1718235014.0,155257.6571294059,567836113.793908,jom mfy,,,,,,
4494,Samarqand viloyati,Oltinsoy MFY,1718,Nurobod tumani,1718235,1718235015.0,58927.3381602713,108054373.22611926,oltinsoy mfy,,,,,,
4512,Samarqand viloyati,Qiyqim MFY,1718,Qo`shrabot tumani,1718216,1718216001.0,39717.7539983333,39349032.13892002,qiyqim mfy,,,,,,
4526,Samarqand viloyati,Oʻrtasoy MFY,1718,Qo`shrabot tumani,1718216,1718216021.0,80010.0653589844,187166371.1986432,ortasoy mfy,,,,,,
4530,Samarqand viloyati,Qoʻshtamgʻoli MFY,1718,Qo`shrabot tumani,1718216,1718216013.0,34448.6497849408,58103527.10253912,qoshtamgoli mfy,,,,,,
4558,Samarqand viloyati,Yangi qo'rg'on MFY,1718,Samarqand shahar,1718401,1718401040.0,3934.8978108604,598572.1269703916,yangi qorgon mfy,,,,,,
4567,Samarqand viloyati,Al Buxoriy MFY,1718,Samarqand shahar,1718401,1718401118.0,3378.0052370058,388370.367360953,al buhoriy mfy,,,,,,
4569,Samarqand viloyati,Damarik-1 MFY,1718,Samarqand shahar,1718401,1718401128.0,3448.184133901,317597.2183022235,damarik1 mfy,,,,,,
4583,Samarqand viloyati,Alizoda MFY,1718,Samarqand shahar,1718401,1718401119.0,2454.0933362461,345685.6701716293,alizoda mfy,,,,,,
4586,Samarqand viloyati,Galaosiyo MFY,1718,Samarqand shahar,1718401,1718401056.0,7394.0225922082,1567270.7749560387,galaosiyo mfy,,,,,,
4616,Samarqand viloyati,Sadaf MFY,1718,Samarqand shahar,1718401,1718401145.0,2385.2018867565,292965.3727202852,sadaf mfy,,,,,,
4637,Samarqand viloyati,Koʻl (Tashabbuskorlar) MFY,1718,Samarqand shahar,1718401,1718401033.0,4313.7248085413,652912.3004853377,kol tashabbuskorlar mfy,,,,,,
4639,Samarqand viloyati,Maʼrifat MFY,1718,Samarqand shahar,1718401,1718401175.0,7112.3630920227,1996798.164581176,maʼrifat mfy,,,,,,
4648,Samarqand viloyati,Gʻofur Gʻulom MFY,1718,Samarqand shahar,1718401,1718401054.0,3917.4650913715,567414.897007798,gofur gulom mfy,,,,,,
4654,Samarqand viloyati,Chaqar (Ustozlar) MFY,1718,Samarqand shahar,1718401,1718401095.0,3943.6879548689,483444.125161427,chaqar ustozlar mfy,,,,,,
4676,Samarqand viloyati,Saʼdi Sheroziy MFY,1718,Samarqand shahar,1718401,1718401028.0,2236.2079134588,251823.5834715982,saʼdi sheroziy mfy,,,,,,
4683,Samarqand viloyati,Mashʼal MFY,1718,Samarqand shahar,1718401,1718401140.0,2296.2556753212,207803.551174982,mashʼal mfy,,,,,,
4691,Samarqand viloyati,Mehriobod MFY,1718,Samarqand shahar,1718401,1718401141.0,2747.9960572081,242872.25542815,mehriobod mfy,,,,,,
4694,Samarqand viloyati,Xoʻja qishloq MFY,1718,Samarqand shahar,1718401,1718401179.0,6740.4494560308,1763234.1443557793,hoja qishloq mfy,,,,,,
4700,Samarqand viloyati,Koʻkmaschid MFY,1718,Samarqand shahar,1718401,1718401072.0,2540.2150146449,362403.9378556171,kokmaschid mfy,,,,,,
4710,Samarqand viloyati,Sevali MFY,1718,Samarqand shahar,1718401,1718401204.0,5146.2424071361,462222.0007613274,sevali mfy,,,,,,
4757,Samarqand viloyati,Shodiyono MFY,1718,Samarqand shahar,1718401,1718401214.0,5818.3074845528,1410813.6634467838,shodiyono mfy,,,,,,
4761,Samarqand viloyati,G'ofur G'ulom MFY,1718,Ishtixon tumani,1718212,1718212035.0,7088.2214628489,2217521.1436348422,gofur gulom mfy,,,,,,
4766,Samarqand viloyati,Yangirovot MFY,1718,Kattaqoʼrgʼon tumani,1718215,1718215023.0,19316.5633398572,14754119.23376264,yangirovot mfy,,,,,,
4767,Samarqand viloyati,Tornov MFY,1718,Kattaqoʼrgʼon tumani,1718215,1718215028.0,33423.2406302874,24607727.586894207,tornov mfy,,,,,,
4772,Samarqand viloyati,Alisher Navoiy MFY,1718,Kattaqoʼrgʼon tumani,1718215,1718215018.0,7563.602251145,1651861.4207245265,alisher navoiy mfy,,,,,,
4779,Samarqand viloyati,Chogʼotoy MFY,1718,Kattaqoʼrgʼon tumani,1718215,1718215060.0,23698.1286519276,14139736.807540247,chogʼotoy mfy,,,,,,
4783,Samarqand viloyati,Zarqoʼrgʼon MFY,1718,Kattaqoʼrgʼon tumani,1718215,1718215032.0,27885.4558143394,29343240.31651056,zarqoʼrgʼon mfy,,,,,,
4784,Samarqand viloyati,Goʼzal MFY,1718,Kattaqoʼrgʼon tumani,1718215,1718215048.0,23335.9883628938,12424895.784648905,goʼzal mfy,,,,,,
4790,Samarqand viloyati,Qoʼshtepa MFY,1718,Kattaqoʼrgʼon tumani,1718215,1718215009.0,20152.4374037222,12118572.965835769,qoʼshtepa mfy,,,,,,
4791,Samarqand viloyati,Doʼstlik MFY,1718,Kattaqoʼrgʼon tumani,1718215,1718215016.0,5704.9882202723,1629385.4593388774,doʼstlik mfy,,,,,,
4792,Samarqand viloyati,Chorogʼon MFY,1718,Kattaqoʼrgʼon tumani,1718215,1718215017.0,8544.5405181975,2014250.820970026,chorogʼon mfy,,,,,,
4806,Samarqand viloyati,Qoʼshxovuz MFY,1718,Kattaqoʼrgʼon tumani,1718215,1718215069.0,54731.4997149696,93346047.69933154,qoʼshhovuz mfy,,,,,,
4809,Samarqand viloyati,Yakkabogʼ MFY,1718,Kattaqoʼrgʼon tumani,1718215,1718215039.0,26398.4796514507,16932336.323123757,yakkabogʼ mfy,,,,,,
4813,Samarqand viloyati,Yangi xayot MFY,1718,Kattaqoʼrgʼon tumani,1718215,1718215040.0,22602.7676246658,15235246.970554816,yangi hayot mfy,,,,,,
4821,Samarqand viloyati,Аlijon MFY,1718,Kattaqoʼrgʼon tumani,1718215,1718215046.0,61206.7061746448,45142280.9754336,аlijon mfy,,,,,,
4836,Samarqand viloyati,B.Chordara MFY,1718,Kattaqo‘rg‘on shahar,1718406,1718406011.0,3122.7779520928,665682.1027356089,bchordara mfy,,,,,,
4845,Samarqand viloyati,Xoʻja Ahrori Valiy MFY,1718,Samarqand tuman,1718233,1718233012.0,6489.3559331385,1423213.2260128984,hoja ahrori valiy mfy,,,,,,
4895,Samarqand viloyati,Qorasuv MFY,1718,Samarqand tuman,1718233,1718233042.0,31237.5910752699,18801071.954541,qorasuv mfy,,,,,,
4923,Sirdaryo viloyati,Alisher Navoiy MFY,1724,Oqoltin tumani,1724206,1724206001.0,36066.2544050292,55043166.97107674,alisher navoiy mfy,,,,,,
4944,Sirdaryo viloyati,Alisher Navoiy MFY,1724,Sirdaryo tumani,1724231,1724231019.0,16229.0361268897,13407485.487739176,alisher navoiy mfy,,,,,,
4964,Sirdaryo viloyati,Besh bulok MFY,1724,Sirdaryo tumani,1724231,1724231033.0,23954.1928127955,23302821.18279356,besh bulok mfy,,,,,,
4965,Sirdaryo viloyati,Alisher Navoiy MFY,1724,Boyovut tumani,1724212,1724212022.0,31274.6992102244,27202660.587177426,alisher navoiy mfy,,,,,,
4985,Sirdaryo viloyati,Mukumiy MFY,1724,Boyovut tumani,1724212,1724212007.0,24022.0090176668,32870266.76322385,mukumiy mfy,,,,,,
4987,Sirdaryo viloyati,Navroʻz MFY,1724,Boyovut tumani,1724212,1724212002.0,8510.4429652401,2397111.4000348668,navroz mfy,,,,,,
5003,Sirdaryo viloyati,Yangiobod MFY,1724,Boyovut tumani,1724212,1724212033.0,49221.1493355847,103241835.4460358,yangiobod mfy,,,,,,
5011,Sirdaryo viloyati,Ittifok MFY,1724,Sayxunobod tumani,1724216,1724216006.0,31540.8535939112,37348568.80303739,ittifok mfy,,,,,,
5042,Sirdaryo viloyati,Oq oltin MFY,1724,Mirzaobod tumani,1724228,1724228013.0,23358.9494330948,26910020.810803022,oq oltin mfy,,,,,,
5055,Sirdaryo viloyati,Ota yurt MFY,1724,Sardoba tumani,1724226,1724226004.0,42410.0818968026,97812025.65488651,ota yurt mfy,,,,,,
5056,Sirdaryo viloyati,Xalqaobod MFY,1724,Sardoba tumani,1724226,1724226007.0,26979.5282096503,31207764.00417832,halqaobod mfy,,,,,,
5060,Sirdaryo viloyati,Rovot MFY,1724,Sardoba tumani,1724226,1724226014.0,37900.9777452777,43876188.730058976,rovot mfy,,,,,,
5070,Sirdaryo viloyati,Beshbuloq QFY,1724,Guliston tumani,1724220,1724220017.0,48220.1773547454,56908731.21814823,beshbuloq qfy,,,,,,
5086,Sirdaryo viloyati,Yangi davr (Do‘stlik) MFY,1724,Oqoltin tumani,1724206,1724206011.0,4687.4735329463,969310.6235557536,yangi davr dostlik mfy,,,,,,
5116,Sirdaryo viloyati,T.Malik MFY,1724,Yangiyer shahar,1724413,1724413002.0,11335.3696017248,4185738.994175309,tmalik mfy,,,,,,
5117,Sirdaryo viloyati,Z.M.Bobur MFY,1724,Yangiyer shahar,1724413,1724413001.0,8024.4946463849,3199001.838271969,zmbobur mfy,,,,,,
5158,Surxondaryo viloyati,Yangi kent MFY,1722,Qiziriq tumani,1722215,1722215025.0,16343.627853631,14496284.427381027,yangi kent mfy,,,,,,
5167,Surxondaryo viloyati,Bogʼiston MFY,1722,Qiziriq tumani,1722215,1722215011.0,25563.2390605638,19250062.2206402,bogʼiston mfy,,,,,,
5173,Surxondaryo viloyati,Doʼstlik MFY,1722,Qiziriq tumani,1722215,1722215029.0,4712.7418869507,1364137.764920144,doʼstlik mfy,,,,,,
5180,Surxondaryo viloyati,Navroʼz MFY,1722,Qiziriq tumani,1722215,1722215006.0,22508.6061817893,22036948.88167136,navroʼz mfy,,,,,,
5192,Surxondaryo viloyati,Oʼzbekiston MFY,1722,Angor tumani,1722202,1722202034.0,8203.5745833954,1508437.768534549,oʼzbekiston mfy,,,,,,
5193,Surxondaryo viloyati,Navroʼz MFY,1722,Angor tumani,1722202,1722202033.0,11365.1512078438,3210101.9153128583,navroʼz mfy,,,,,,
5194,Surxondaryo viloyati,Qorabogʼ MFY,1722,Angor tumani,1722202,1722202029.0,17034.1522702845,11845692.288289975,qorabogʼ mfy,,,,,,
5199,Surxondaryo viloyati,Oxunboboev (Doʼstlik) MFY,1722,Angor tumani,1722202,1722202020.0,16384.5470322592,7676518.264022805,ohunboboev doʼstlik mfy,,,,,,
5200,Surxondaryo viloyati,Farovon MFY,1722,Angor tumani,1722202,1722202030.0,26151.018783137,25156285.52604742,farovon mfy,,,,,,
5207,Surxondaryo viloyati,Qoʼshtegirmon MFY,1722,Angor tumani,1722202,1722202026.0,22610.0250508681,15347806.153165556,qoʼshtegirmon mfy,,,,,,
5208,Surxondaryo viloyati,Yangiturmush MFY,1722,Angor tumani,1722202,1722202028.0,15058.1701730292,4773692.442838269,yangiturmush mfy,,,,,,
5210,Surxondaryo viloyati,Ilgʼor MFY,1722,Angor tumani,1722202,1722202031.0,29668.0112523857,21567490.72160251,ilgʼor mfy,,,,,,
5211,Surxondaryo viloyati,Toʼlqin MFY,1722,Angor tumani,1722202,1722202008.0,26371.0317829316,19224897.152193543,toʼlqin mfy,,,,,,
5214,Surxondaryo viloyati,Ulugʼbek MFY,1722,Angor tumani,1722202,1722202001.0,22149.6928059745,15113798.513194166,ulugʼbek mfy,,,,,,
5223,Surxondaryo viloyati,Faravon MFY,1722,Bandixon tumani,1722203,1722203017.0,30070.4692140737,29223076.600791983,faravon mfy,,,,,,
5234,Surxondaryo viloyati,Xujaipok MFY,1722,Bandixon tumani,1722203,1722203014.0,46767.3391213291,66183886.17724683,hujaipok mfy,,,,,,
5239,Surxondaryo viloyati,Navroʼz MFY,1722,Bandixon tumani,1722203,1722203012.0,54645.0493890153,78744301.75890456,navroʼz mfy,,,,,,
5246,Surxondaryo viloyati,Chagʼatoy MFY,1722,Sherobod tumani,1722223,1722223019.0,12300.3634451394,3829975.155395841,chagʼatoy mfy,,,,,,
5252,Surxondaryo viloyati,Chorbogʼ MFY,1722,Sherobod tumani,1722223,1722223047.0,177349.3419721964,828870151.096545,chorbogʼ mfy,,,,,,
5253,Surxondaryo viloyati,Kattabogʼ MFY,1722,Sherobod tumani,1722223,1722223032.0,22424.8760876933,19411514.92553332,kattabogʼ mfy,,,,,,
5261,Surxondaryo viloyati,Oq-tepa MFY,1722,Sherobod tumani,1722223,1722223034.0,35362.0610176116,40169441.86796548,oqtepa mfy,,,,,,
5263,Surxondaryo viloyati,Bogʼiobod MFY,1722,Sherobod tumani,1722223,1722223043.0,44787.4524857938,71925379.16263366,bogʼiobod mfy,,,,,,
5269,Surxondaryo viloyati,Doʼstlik MFY,1722,Sherobod tumani,1722223,1722223007.0,9654.9057522079,2484742.8073550914,doʼstlik mfy,,,,,,
5270,Surxondaryo viloyati,Buyuk ipak yoʼli MFY,1722,Sherobod tumani,1722223,1722223004.0,4744.5627743799,1035364.3006817315,buyuk ipak yoʼli mfy,,,,,,
5287,Surxondaryo viloyati,Qorabogʼ MFY,1722,Sherobod tumani,1722223,1722223037.0,139842.4352353228,384186051.189308,qorabogʼ mfy,,,,,,
5294,Surxondaryo viloyati,Koʻlqamish MFY,1722,Boysun tumani,1722204,1722204012.0,54191.9674043641,115557453.08233672,kolqamish mfy,,,,,,
5313,Surxondaryo viloyati,Qoʼrgʼon MFY,1722,Sherobod tumani,1722223,1722223003.0,11088.6720382658,1666819.357388472,qoʼrgʼon mfy,,,,,,
5318,Surxondaryo viloyati,Qorakoʼz MFY,1722,Denov tumani,1722210,1722210060.0,23597.8085806358,10863165.101724098,qorakoʼz mfy,,,,,,
5319,Surxondaryo viloyati,Zartepa MFY,1722,Denov tumani,1722210,1722210056.0,18977.1299446799,6671223.057357698,zartepa mfy,,,,,,
5323,Surxondaryo viloyati,Vodiy MFY,1722,Denov tumani,1722210,1722210022.0,13263.7209999758,4535758.949809257,vodiy mfy,,,,,,
5324,Surxondaryo viloyati,Bogʼishamol MFY,1722,Denov tumani,1722210,1722210018.0,11986.4971309085,5163026.208217934,bogʼishamol mfy,,,,,,
5330,Surxondaryo viloyati,Ushor MFY,1722,Denov tumani,1722210,1722210097.0,88167.9700930229,152057750.1916459,ushor mfy,,,,,,
5334,Surxondaryo viloyati,Nomozgox MFY,1722,Denov tumani,1722210,1722210066.0,22292.3215585072,8863377.776928185,nomozgoh mfy,,,,,,
5342,Surxondaryo viloyati,Soʻfiy Ollohyor MFY,1722,Denov tumani,1722210,1722210042.0,4316.7690583299,804122.068713533,sofiy ollohyor mfy,,,,,,
5344,Surxondaryo viloyati,Z.M.Bobur MFY,1722,Denov tumani,1722210,1722210026.0,5745.5137628191,1678335.3128522155,zmbobur mfy,,,,,,
5345,Surxondaryo viloyati,Boxoriston MFY,1722,Denov tumani,1722210,1722210053.0,5273.1806753727,1047052.004912099,bohoriston mfy,,,,,,
5347,Surxondaryo viloyati,Ibin-Sino MFY,1722,Denov tumani,1722210,1722210027.0,14128.6181496104,4063944.539599276,ibinsino mfy,,,,,,
5348,Surxondaryo viloyati,Oʼrikzor MFY,1722,Denov tumani,1722210,1722210012.0,4660.808165321,669223.1709800467,oʼrikzor mfy,,,,,,
5351,Surxondaryo viloyati,Oʼzgarish MFY,1722,Denov tumani,1722210,1722210044.0,27547.3970558041,15560164.846429124,oʼzgarish mfy,,,,,,
5353,Surxondaryo viloyati,Oʼrta qishloq MFY,1722,Denov tumani,1722210,1722210045.0,15380.2528369626,9716153.919328706,oʼrta qishloq mfy,,,,,,
5359,Surxondaryo viloyati,Lupon MFY,1722,Denov tumani,1722210,1722210033.0,41787.6621282683,27818459.239818856,lupon mfy,,,,,,
5365,Surxondaryo viloyati,Fayzil MFY,1722,Denov tumani,1722210,1722210046.0,20179.9892721742,7566615.008334108,fayzil mfy,,,,,,
5366,Surxondaryo viloyati,Guliston 13-son MFY,1722,Denov tumani,1722210,1722210052.0,17041.9827691279,8342639.004835682,guliston 13son mfy,,,,,,
5368,Surxondaryo viloyati,Surxod MFY,1722,Denov tumani,1722210,1722210073.0,15790.1301215404,4953340.527526967,surhod mfy,,,,,,
5370,Surxondaryo viloyati,Navboxor MFY,1722,Denov tumani,1722210,1722210009.0,21259.9232247722,16474652.25335882,navbohor mfy,,,,,,
5374,Surxondaryo viloyati,Lolazar MFY,1722,Denov tumani,1722210,1722210089.0,14462.0915462636,4566051.94812198,lolazar mfy,,,,,,
5376,Surxondaryo viloyati,Ostana MFY,1722,Denov tumani,1722210,1722210070.0,18940.863756768,11248734.773337863,ostana mfy,,,,,,
5385,Surxondaryo viloyati,Bogʼi eram MFY,1722,Denov tumani,1722210,1722210002.0,10294.1803691668,4192498.697639532,bogʼi eram mfy,,,,,,
5399,Surxondaryo viloyati,Doʼslik MFY,1722,Denov tumani,1722210,1722210025.0,7495.2355128477,1906076.274600246,doʼslik mfy,,,,,,
5400,Surxondaryo viloyati,Obodturush MFY,1722,Denov tumani,1722210,1722210067.0,11131.908334491,4853314.684247544,obodturush mfy,,,,,,
5402,Surxondaryo viloyati,Mingbuloq MFY,1722,Denov tumani,1722210,1722210063.0,15425.7279629489,9062208.204296064,mingbuloq mfy,,,,,,
5406,Surxondaryo viloyati,Sevzor MFY,1722,Denov tumani,1722210,1722210041.0,18365.9947034183,9021359.442524755,sevzor mfy,,,,,,
5409,Surxondaryo viloyati,Pojur MFY,1722,Denov tumani,1722210,1722210040.0,72750.6247213107,151017394.8105731,pojur mfy,,,,,,
5411,Surxondaryo viloyati,Koʼkbuloq MFY,1722,Denov tumani,1722210,1722210088.0,30151.9101251772,13623777.148450838,koʼkbuloq mfy,,,,,,
5412,Surxondaryo viloyati,Аvlod MFY,1722,Boysun tumani,1722204,1722204040.0,23540.0266008939,12995188.08026018,аvlod mfy,,,,,,
5433,Toshkent shahar,Mashʼal MFY,1726,Yangihayot tumani,1726292,1726292011.0,4302.8663065494,1104542.1296137257,mashʼal mfy,,,,,,
5454,Toshkent shahar,Chortoq MFY,1726,Yangihayot tumani,1726292,1726292030.0,10892.2195248128,4466510.170107136,chortoq mfy,,,,,,
5470,Toshkent shahar,Bogʻ koʻcha MFY,1726,Shayxontoxur tumani,1726277,1726277031.0,2923.2967421797,535475.6730195173,bog kocha mfy,,,,,,
5497,Toshkent shahar,Kamolon MFY,1726,Shayxontoxur tumani,1726277,1726277038.0,3317.159051622,456846.0725081306,kamolon mfy,,,,,,
5498,Toshkent shahar,Katta bogʻ MFY,1726,Shayxontoxur tumani,1726277,1726277042.0,3849.5848501178,497410.2805614685,katta bog mfy,,,,,,
5501,Toshkent shahar,Yangiobod MFY,1726,Shayxontoxur tumani,1726277,1726277039.0,4136.3173255977,781441.3681631688,yangiobod mfy,,,,,,
5513,Toshkent shahar,Oqqurgʻon MFY,1726,Mirzo Ulugʻbek tumani,1726269,1726269043.0,3690.3578102386,679816.7070422582,oqqurgon mfy,,,,,,
5539,Toshkent shahar,Mirzakalon Ismoiliy MFY,1726,Mirzo Ulugʻbek tumani,1726269,1726269039.0,4139.7727813771,831852.8057845986,mirzakalon ismoiliy mfy,,,,,,
5558,Toshkent shahar,Shoʻrtepa MFY,1726,Mirzo Ulugʻbek tumani,1726269,1726269012.0,4197.9281120694,872470.5842615393,shortepa mfy,,,,,,
5572,Toshkent shahar,Alisher Navoiy MFY,1726,Mirzo Ulugʻbek tumani,1726269,1726269002.0,6236.9463492583,995048.5683010024,alisher navoiy mfy,,,,,,
5574,Toshkent shahar,Xamid Olimjon MFY,1726,Mirzo Ulugʻbek tumani,1726269,1726269047.0,3645.1785202892,695147.0103982025,hamid olimjon mfy,,,,,,
5580,Toshkent shahar,Mustaqil yurt MFY,1726,Olmazor tumani,1726280,1726280001.0,2760.8010854677,371337.8484197098,mustaqil yurt mfy,,,,,,
5594,Toshkent shahar,Kaykavus MFY,1726,Olmazor tumani,1726280,1726280062.0,1842.1773607065,171794.96571809,kaykavus mfy,,,,,,
5610,Toshkent shahar,Oltinsoy MFY,1726,Olmazor tumani,1726280,1726280028.0,3379.0064654468,468004.2686671907,oltinsoy mfy,,,,,,
5678,Toshkent shahar,Bogʻi boʻston MFY,1726,Yunusobod tumani,1726266,1726266050.0,9681.1636742438,2771253.048265768,bogi boston mfy,,,,,,
5681,Toshkent shahar,Jomiy MFY,1726,Yunusobod tumani,1726266,1726266037.0,4422.6454078692,802918.7962200502,jomiy mfy,,,,,,
5706,Toshkent shahar,Madadkor MFY,1726,Sergeli tumani,1726283,1726283009.0,2917.8675409789,500430.0862373221,madadkor mfy,,,,,,
5711,Toshkent shahar,Sohibqiron MFY,1726,Sergeli tumani,1726283,1726283012.0,2292.5916050726,278183.2776919886,sohibqiron mfy,,,,,,
5721,Toshkent shahar,Shukrona MFY,1726,Sergeli tumani,1726283,1726283036.0,3221.2179093263,432318.6573839686,shukrona mfy,,,,,,
5730,Toshkent shahar,Nogʻay-qoʻrgon MFY,1726,Sergeli tumani,1726283,1726283045.0,6374.4479123147,1410032.0778061217,nogayqorgon mfy,,,,,,
5747,Toshkent shahar,Xonabod MFY,1726,Sergeli tumani,1726283,1726283031.0,9853.5447773241,2594297.3284420115,honabod mfy,,,,,,
5795,Toshkent shahar,Hilol MFY,1726,Yashnobod tumani,1726290,1726290011.0,4981.6603855973,1419302.0292076904,hilol mfy,,,,,,
5804,Toshkent shahar,Koʻksaroy (Qadriyat) MFY,1726,Yashnobod tumani,1726290,1726290025.0,6788.0703228329,1083295.8763490347,koksaroy qadriyat mfy,,,,,,
5810,Toshkent shahar,Yangiqoʻrgʻon MFY,1726,Yashnobod tumani,1726290,1726290057.0,6038.6727267841,2028562.9623354329,yangiqorgon mfy,,,,,,
5816,Toshkent shahar,Maʼrifat MFY,1726,Yashnobod tumani,1726290,1726290048.0,10650.3231335174,3024646.871811079,maʼrifat mfy,,,,,,
5829,Toshkent shahar,Muxtor Ashrafiy MFY,1726,Yashnobod tumani,1726290,1726290047.0,6477.2390544233,1188814.5709000223,muhtor ashrafiy mfy,,,,,,
5830,Toshkent shahar,Ahmad Yassaviy MFY,1726,Yashnobod tumani,1726290,1726290045.0,5602.3187859368,1836362.481786796,ahmad yassaviy mfy,,,,,,
5836,Toshkent shahar,Yosh avlod  (Iqbol) MFY,1726,Yashnobod tumani,1726290,1726290056.0,10332.1359997632,2427007.682509512,yosh avlod iqbol mfy,,,,,,
5844,Toshkent shahar,Baynalmilal MFY,1726,Mirobod tumani,1726273,1726273022.0,5884.4699395379,1262947.098481211,baynalmilal mfy,,,,,,
5847,Toshkent shahar,Abdulla Avloniy MFY,1726,Mirobod tumani,1726273,1726273019.0,3014.2060291795,534005.732851441,abdulla avloniy mfy,,,,,,
5862,Toshkent shahar,Yangi zamon MFY,1726,Mirobod tumani,1726273,1726273002.0,2961.4952645246,550736.60512273,yangi zamon mfy,,,,,,
5866,Toshkent shahar,Salor MFY,1726,Mirobod tumani,1726273,1726273015.0,5243.8038050714,1068812.3002093805,salor mfy,,,,,,
5870,Toshkent shahar,Oq uy MFY,1726,Mirobod tumani,1726273,1726273008.0,5897.9644134452,1258805.6317270545,oq uy mfy,,,,,,
5896,Toshkent shahar,Qatortol-2 MFY,1726,Chilonzor tumani,1726294,1726294042.0,2574.6175610537,309371.5817025454,qatortol2 mfy,,,,,,
5902,Toshkent shahar,Oqtepa MFY,1726,Chilonzor tumani,1726294,1726294036.0,2725.1030692162,359433.7492571824,oqtepa mfy,,,,,,
5905,Toshkent shahar,Xayrobod MFY,1726,Chilonzor tumani,1726294,1726294008.0,5061.2984384271,696887.4675062249,hayrobod mfy,,,,,,
5910,Toshkent shahar,Charx Kamolon-2 MFY,1726,Chilonzor tumani,1726294,1726294016.0,4356.7776222099,852253.596531757,charh kamolon2 mfy,,,,,,
5911,Toshkent shahar,Charx Kamolon-3 MFY,1726,Chilonzor tumani,1726294,1726294017.0,4408.7183666375,917341.4074203678,charh kamolon3 mfy,,,,,,
5918,Toshkent shahar,Katta Chilonzor-3 MFY,1726,Chilonzor tumani,1726294,1726294023.0,4830.5130623044,787795.837700249,katta chilonzor3 mfy,,,,,,
5926,Toshkent shahar,Qatortol-1 MFY,1726,Chilonzor tumani,1726294,1726294027.0,3238.1991502535,476723.4802339603,qatortol1 mfy,,,,,,
5994,Toshkent shahar,Oqmasjid MFY,1726,Uchtepa tumani,1726262,1726263030.0,2733.0921403658,443084.1328896821,oqmasjid mfy,,,,,,
6001,Toshkent shahar,Bogʻobod MFY,1726,Uchtepa tumani,1726262,1726263001.0,4254.8474214457,875684.342785683,bogobod mfy,,,,,,
6018,Toshkent viloyati,Yangi xayot MFY,1727,Yuqorichirchiq tumani,1727239,1727239003.0,56222.2987126352,59756396.86102987,yangi hayot mfy,,,,,,
6019,Toshkent viloyati,Qizilsoy MFY,1727,Yuqorichirchiq tumani,1727239,1727239004.0,28969.0716582612,23053865.7832683,qizilsoy mfy,,,,,,
6020,Toshkent viloyati,A.Yassaviy MFY,1727,Yuqorichirchiq tumani,1727239,1727239001.0,27769.6239908058,25543686.273269724,ayassaviy mfy,,,,,,
6032,Toshkent viloyati,T.G.Xvan MFY,1727,Yuqorichirchiq tumani,1727239,1727239037.0,22871.0412939851,21669674.17347473,tghvan mfy,,,,,,
6033,Toshkent viloyati,Uch chinor MFY,1727,Yuqorichirchiq tumani,1727239,1727239038.0,24596.0571668401,25225789.67291634,uch chinor mfy,,,,,,
6048,Toshkent viloyati,Maʼrifat MFY,1727,Yuqorichirchiq tumani,1727239,1727239023.0,6928.2240558245,1500373.5145503285,maʼrifat mfy,,,,,,
6069,Toshkent viloyati,Fayzobod MFY,1727,Yangiyo'l shahar,1727424,1727424020.0,7712.83588946,1512595.4801032394,fayzobod mfy,,,,,,
6082,Toshkent viloyati,Yangibog' MFY,1727,Yangiyo'l shahar,1727424,1727424016.0,6011.1422995345,1523342.8053243293,yangibog mfy,,,,,,
6090,Toshkent viloyati,Хumo MFY,1727,Chinoz tumani,1727256,1727256050.0,7494.6649948311,1567755.2243367413,хumo mfy,,,,,,
6095,Toshkent viloyati,Yangi Хayot MFY,1727,Chinoz tumani,1727256,1727256002.0,12983.4587153341,8418665.936295616,yangi хayot mfy,,,,,,
6107,Toshkent viloyati,Samarkand MFY,1727,Chinoz tumani,1727256,1727256030.0,18915.0068189933,17004813.918666176,samarkand mfy,,,,,,
6114,Toshkent viloyati,Sut-Bulok MFY,1727,Chinoz tumani,1727256,1727256052.0,15304.9166268604,12388301.123150224,sutbulok mfy,,,,,,
6122,Toshkent viloyati,Хamza MFY,1727,Chinoz tumani,1727256,1727256039.0,4023.6141166304,697280.8174266514,хamza mfy,,,,,,
6137,Toshkent viloyati,Хoʻja MFY,1727,Chinoz tumani,1727256,1727256015.0,8009.6598321767,2028649.9543850424,хoja mfy,,,,,,
6141,Toshkent viloyati,Хujaobod MFY,1727,Yangiyo'l tumani,1727259,1727259040.0,31746.6237174043,14862086.690619027,хujaobod mfy,,,,,,
6145,Toshkent viloyati,Sayid-ota MFY,1727,Yangiyo'l tumani,1727259,1727259008.0,20060.499397486,17202589.88229104,sayidota mfy,,,,,,
6176,Toshkent viloyati,Mingbulok MFY,1727,Yangiyo'l tumani,1727259,1727259036.0,14964.6253741006,11266490.52523897,mingbulok mfy,,,,,,
6179,Toshkent viloyati,Kesken MFY,1727,Yangiyo'l tumani,1727259,1727259021.0,22215.478956991,15663958.16198484,kesken mfy,,,,,,
6204,Toshkent viloyati,Bodamzor MFY,1727,Zangiota tumani,1727237,1727237065.0,10107.999267632,5293829.227424856,bodamzor mfy,,,,,,
6207,Toshkent viloyati,Yangi xayot MFY,1727,Zangiota tumani,1727237,1727237059.0,8650.1556956984,2173912.120270496,yangi hayot mfy,,,,,,
6238,Toshkent viloyati,Хarakat MFY,1727,Zangiota tumani,1727237,1727237041.0,12642.1451737642,7038549.510619112,хarakat mfy,,,,,,
6267,Toshkent viloyati,A.Temur MFY,1727,Zangiota tumani,1727237,1727237025.0,2998.4128177425,425555.4653494221,atemur mfy,,,,,,
6276,Toshkent viloyati,Kensoy MFY,1727,Toshkent tumani,1727265,1727265055.0,22039.4727463541,7979777.19539387,kensoy mfy,,,,,,
6277,Toshkent viloyati,Oqtom MFY,1727,Toshkent tumani,1727265,1727265068.0,20950.4682721486,16100637.38981666,oqtom mfy,,,,,,
6280,Toshkent viloyati,Gʻisht koʻprik MFY,1727,Toshkent tumani,1727265,1727265029.0,12534.2368073928,3396629.594486061,gisht koprik mfy,,,,,,
6288,Toshkent viloyati,Хasanboy MFY,1727,Toshkent tumani,1727265,1727265054.0,16385.4293092045,6539885.697548774,хasanboy mfy,,,,,,
6291,Toshkent viloyati,Oydin-Хayot MFY,1727,Toshkent tumani,1727265,1727265034.0,18395.8168827039,8969810.130142253,oydinхayot mfy,,,,,,
6298,Toshkent viloyati,Хuvaydo MFY,1727,Toshkent tumani,1727265,1727265041.0,5610.2850624425,812498.5066765352,хuvaydo mfy,,,,,,
6299,Toshkent viloyati,Qora saroy MFY,1727,Toshkent tumani,1727265,1727265051.0,9234.5602940987,4009757.413843157,qora saroy mfy,,,,,,
6303,Toshkent viloyati,Zax-arik MFY,1727,Toshkent tumani,1727265,1727265021.0,17453.921022181,5090780.3496294925,zaharik mfy,,,,,,
6306,Toshkent viloyati,Oltin tepa MFY,1727,Toshkent tumani,1727265,1727265064.0,10632.9289778832,4582741.568102089,oltin tepa mfy,,,,,,
6308,Toshkent viloyati,Oqtosh MFY,1727,Toshkent tumani,1727265,1727265065.0,10469.8254118793,6258130.328179499,oqtosh mfy,,,,,,
6314,Toshkent viloyati,Хiyobon MFY,1727,Toshkent tumani,1727265,1727265013.0,8594.4129366281,3114393.796075909,хiyobon mfy,,,,,,
6329,Toshkent viloyati,Gulabod MFY,1727,Toshkent tumani,1727265,1727265005.0,5308.5647250729,1399974.2374861694,gulabod mfy,,,,,,
6331,Toshkent viloyati,Uch chinor MFY,1727,Toshkent tumani,1727265,1727265001.0,5899.2601537605,1518320.704642136,uch chinor mfy,,,,,,
6333,Toshkent viloyati,Kir-arik MFY,1727,Toshkent tumani,1727265,1727265050.0,18305.8420176671,10872626.176361842,kirarik mfy,,,,,,
6350,Toshkent viloyati,Хamid Olimjon MFY,1727,Oqqo'rg'on tumani,1727206,1727206013.0,34277.8063714912,23600283.9840384,хamid olimjon mfy,,,,,,
6361,Toshkent viloyati,Хonobod MFY,1727,Oqqo'rg'on tumani,1727206,1727206009.0,24345.6197095152,12788562.282840364,хonobod mfy,,,,,,
6368,Toshkent viloyati,U.Normat MFY,1727,Oqqo'rg'on tumani,1727206,1727206025.0,8768.8033087889,2018276.792784356,unormat mfy,,,,,,
6371,Toshkent viloyati,Хamzabod MFY,1727,Oqqo'rg'on tumani,1727206,1727206022.0,8836.106803619,2615206.809456324,хamzabod mfy,,,,,,
6388,Toshkent viloyati,Yangibod MFY,1727,Nurafshon shahar,1727401,1727401004.0,10455.5776558197,4797972.078909901,yangibod mfy,,,,,,
6392,Toshkent viloyati,Хurriyat MFY,1727,Nurafshon shahar,1727401,1727401014.0,12891.2642504575,5311733.154643357,хurriyat mfy,,,,,,
6398,Toshkent viloyati,Semurgʻ MFY,1727,Chirchiq shahar,1727419,1727419017.0,3017.0794607491,316013.9694349305,semurg mfy,,,,,,
6401,Toshkent viloyati,Kamolot MFY,1727,Chirchiq shahar,1727419,1727419037.0,4559.603331858,457365.9725810592,kamolot mfy,,,,,,
6403,Toshkent viloyati,Turon MFY,1727,Chirchiq shahar,1727419,1727419041.0,6491.5231843393,1063404.8626265032,turon mfy,,,,,,
6404,Toshkent viloyati,Guliston MFY,1727,Chirchiq shahar,1727419,1727419007.0,4792.5885138211,573708.1621024302,guliston mfy,,,,,,
6406,Toshkent viloyati,Хumo MFY,1727,Chirchiq shahar,1727419,1727419015.0,3350.1221279912,444872.2339760441,хumo mfy,,,,,,
6407,Toshkent viloyati,Chinor MFY,1727,Chirchiq shahar,1727419,1727419016.0,3686.6780847718,431944.1588755646,chinor mfy,,,,,,
6408,Toshkent viloyati,Yulduz MFY,1727,Chirchiq shahar,1727419,1727419030.0,4124.5911327709,311520.1957213525,yulduz mfy,,,,,,
6410,Toshkent viloyati,Lola MFY,1727,Chirchiq shahar,1727419,1727419032.0,4060.6290460781,384398.3322032777,lola mfy,,,,,,
6416,Toshkent viloyati,Bobur MFY,1727,Chirchiq shahar,1727419,1727419011.0,5652.8718403021,993699.7377184556,bobur mfy,,,,,,
6419,Toshkent viloyati,Iqbol MFY,1727,Chirchiq shahar,1727419,1727419008.0,8497.9539271775,2047657.8941666395,iqbol mfy,,,,,,
6420,Toshkent viloyati,Umid MFY,1727,Chirchiq shahar,1727419,1727419009.0,9313.8642203754,2539796.2508035568,umid mfy,,,,,,
6422,Toshkent viloyati,Gulzor MFY,1727,Chirchiq shahar,1727419,1727419010.0,6358.3105600776,1842631.4590145368,gulzor mfy,,,,,,
6423,Toshkent viloyati,Adolat MFY,1727,Chirchiq shahar,1727419,1727419018.0,8004.8991342202,1898491.465577576,adolat mfy,,,,,,
6424,Toshkent viloyati,Navbahor MFY,1727,Chirchiq shahar,1727419,1727419019.0,8635.347240038,1254524.160881662,navbahor mfy,,,,,,
6425,Toshkent viloyati,Bahor MFY,1727,Chirchiq shahar,1727419,1727419027.0,4061.5693661832,415488.1659736646,bahor mfy,,,,,,
6426,Toshkent viloyati,Baxt MFY,1727,Chirchiq shahar,1727419,1727419047.0,7562.265267971,1459296.290724215,baht mfy,,,,,,
6428,Toshkent viloyati,Sharq MFY,1727,Chirchiq shahar,1727419,1727419044.0,5524.0228384111,1092410.9564765804,sharq mfy,,,,,,
6429,Toshkent viloyati,A.Temur MFY,1727,Chirchiq shahar,1727419,1727419026.0,3989.2855569236,622418.6298485677,atemur mfy,,,,,,
6430,Toshkent viloyati,Kimyogarlar MFY,1727,Chirchiq shahar,1727419,1727419023.0,17088.089736292,10981002.524059989,kimyogarlar mfy,,,,,,
6431,Toshkent viloyati,Hamza MFY,1727,Chirchiq shahar,1727419,1727419042.0,11318.0470273451,2740334.6797326505,hamza mfy,,,,,,
6435,Toshkent viloyati,Nur MFY,1727,Chirchiq shahar,1727419,1727419021.0,8291.863261956,953643.3267959866,nur mfy,,,,,,
6436,Toshkent viloyati,Хayot guli MFY,1727,Chirchiq shahar,1727419,1727419035.0,11633.9178688233,1337091.061154124,хayot guli mfy,,,,,,
6437,Toshkent viloyati,Mir G'olib MFY,1727,Chirchiq shahar,1727419,1727419020.0,12064.4755054544,4823751.44396894,mir golib mfy,,,,,,
6439,Toshkent viloyati,Ma'rifat MFY,1727,Chirchiq shahar,1727419,1727419043.0,13820.834468996,4303349.356834032,marifat mfy,,,,,,
6449,Toshkent viloyati,Al-Хorazmiy MFY,1727,Bekobod shahar,1727413,1727413034.0,8764.6009165988,2374779.159859712,alхorazmiy mfy,,,,,,
6451,Toshkent viloyati,Q.Farmonov MFY,1727,Bekobod shahar,1727413,1727413012.0,9704.1109053938,3082125.4302922715,qfarmonov mfy,,,,,,
6459,Toshkent viloyati,Хamid Olimjon MFY,1727,Bekobod shahar,1727413,1727413020.0,4588.8498521599,1162216.6790045002,хamid olimjon mfy,,,,,,
6467,Toshkent viloyati,Muqumiy MFY,1727,Bekobod shahar,1727413,1727413009.0,6728.6470086457,2032223.269122756,muqumiy mfy,,,,,,
6484,Toshkent viloyati,Yangi bog' MFY,1727,Bo'ka tumani,1727228,1727228022.0,33462.9223236965,21930257.217738952,yangi bog mfy,,,,,,
6491,Toshkent viloyati,Yangi qo'rg'on MFY,1727,Bo'ka tumani,1727228,1727228024.0,20328.9929269915,20386089.12042289,yangi qorgon mfy,,,,,,
6503,Toshkent viloyati,Yangi xayot MFY,1727,Bo'ka tumani,1727228,1727228007.0,8470.2156354149,2310077.567250733,yangi hayot mfy,,,,,,
6517,Toshkent viloyati,Хo'jaqo'rg'on MFY,1727,Bo'ka tumani,1727228,1727228023.0,28885.9014290866,16318464.054949507,хojaqorgon mfy,,,,,,
6522,Toshkent viloyati,Ohunboboyev MFY,1727,Ohangaron shahar,1727415,1727415014.0,2343.1364067127,269750.3968524876,ohunboboyev mfy,,,,,,
6524,Toshkent viloyati,Хonobod MFY,1727,Ohangaron shahar,1727415,1727415010.0,6049.8602239198,1598358.5008345712,хonobod mfy,,,,,,
6540,Toshkent viloyati,Yuqoriovul MFY,1727,O'rtachirchiq tumani,1727253,1727253043.0,19414.3293962812,15301031.3160698,yuqoriovul mfy,,,,,,
6555,Toshkent viloyati,Yangiyo'l MFY,1727,O'rtachirchiq tumani,1727253,1727253029.0,31637.4903630952,25859121.28599672,yangiyol mfy,,,,,,
6567,Toshkent viloyati,Fayzabod MFY,1727,O'rtachirchiq tumani,1727253,1727253025.0,17704.770318201,13305013.527327264,fayzabod mfy,,,,,,
6607,Xorazm viloyati,Yuqoriovul MFY,1733,Urganch tumani,1733217,1733217058.0,27058.9233904722,17958243.325153474,yuqoriovul mfy,,,,,,
6616,Xorazm viloyati,Yangiyop MFY,1733,Yangibozor tumani,1733236,1733236023.0,9185.3714615198,2723596.648993656,yangiyop mfy,,,,,,
6626,Xorazm viloyati,Ocha-qal‘a MFY,1733,Yangibozor tumani,1733236,1733236004.0,24160.0135483541,22133747.77616961,ochaqala mfy,,,,,,
6652,Xorazm viloyati,Oqtepa MFY,1733,Bog‘ot tumani,1733204,1733204023.0,11190.7783584263,3887932.9411258944,oqtepa mfy,,,,,,
6653,Xorazm viloyati,Hurruyat MFY,1733,Bog‘ot tumani,1733204,1733204019.0,8455.7288401164,2405350.915252137,hurruyat mfy,,,,,,
6658,Xorazm viloyati,Kattabog‘ MFY,1733,Urganch tumani,1733217,1733217018.0,15801.9406504856,13671602.17808869,kattabog mfy,,,,,,
6661,Xorazm viloyati,Qumravot MFY,1733,Urganch tumani,1733217,1733217026.0,29204.3823985611,9141417.948013728,qumravot mfy,,,,,,
6690,Xorazm viloyati,Oq oltin MFY,1733,Urganch tumani,1733217,1733217036.0,22516.3145380734,14031521.118990274,oq oltin mfy,,,,,,
6692,Xorazm viloyati,Chondir MFY,1733,Urganch tumani,1733217,1733217051.0,8892.357954871,2908136.325771973,chondir mfy,,,,,,
6711,Xorazm viloyati,Ortiq Otajonov MFY,1733,Bog‘ot tumani,1733204,1733204037.0,27201.2234991428,30237188.447133724,ortiq otajonov mfy,,,,,,
6715,Xorazm viloyati,Burloq MFY,1733,Qo‘shko‘pir tumani,1733212,1733212039.0,24700.7961282561,22626002.027265485,burloq mfy,,,,,,
6733,Xorazm viloyati,Mesit MFY,1733,Qo‘shko‘pir tumani,1733212,1733212034.0,19602.8872876593,18296698.089963324,mesit mfy,,,,,,
6744,Xorazm viloyati,J. Manguberdi MFY,1733,Hazorasp tumani,1733220,1733220034.0,6023.9525763085,1311981.8823161784,j manguberdi mfy,,,,,,
6752,Xorazm viloyati,Yangiobod MFY,1733,Hazorasp tumani,1733220,1733220009.0,33503.4709958131,24830071.482720427,yangiobod mfy,,,,,,
6759,Xorazm viloyati,Yangihayot MFY,1733,Hazorasp tumani,1733220,1733220037.0,36018.886388771,35100826.292295255,yangihayot mfy,,,,,,
6780,Xorazm viloyati,Yangibinokor MFY,1733,Xiva shahri,1733406,1733406014.0,6141.2847385808,1181324.9771526763,yangibinokor mfy,,,,,,
6782,Xorazm viloyati,Yangihayot MFY,1733,Xiva shahri,1733406,1733406011.0,6987.9652877165,1212578.9031490623,yangihayot mfy,,,,,,
6783,Xorazm viloyati,Tozabog‘ MFY,1733,Xiva shahri,1733406,1733406019.0,5047.128034626,831025.4005419716,tozabog mfy,,,,,,
6787,Xorazm viloyati,Ichan qal'a MFY,1733,Xiva shahri,1733406,1733406002.0,3990.3545042263,675167.8883474643,ichan qala mfy,,,,,,
6788,Xorazm viloyati,Yangiturmush MFY,1733,Xiva shahri,1733406,1733406001.0,6296.4834900041,1369839.1599482817,yangiturmush mfy,,,,,,
6808,Xorazm viloyati,Mayli MFY,1733,Gurlan tumani,1733208,1733208043.0,17549.8220355574,13008149.220237004,mayli mfy,,,,,,
6810,Xorazm viloyati,Nurliyo‘l MFY,1733,Gurlan tumani,1733208,1733208031.0,22569.7944556626,20345027.912947588,nurliyol mfy,,,,,,
6817,Xorazm viloyati,Beshuy MFY,1733,Gurlan tumani,1733208,1733208034.0,32965.1281204624,25990394.36053152,beshuy mfy,,,,,,
6821,Xorazm viloyati,Yangibog‘ MFY,1733,Gurlan tumani,1733208,1733208001.0,4447.596585744,1056299.867083361,yangibog mfy,,,,,,
6826,Xorazm viloyati,Qushloq MFY,1733,Yangiariq tumani,1733233,1733233017.0,10544.7230640534,6095147.660534492,qushloq mfy,,,,,,
6829,Xorazm viloyati,Chaqir MFY,1733,Yangiariq tumani,1733233,1733233019.0,12781.5096938559,8681035.115785223,chaqir mfy,,,,,,
6830,Xorazm viloyati,Oqmasjid MFY,1733,Yangiariq tumani,1733233,1733233002.0,18109.2090168817,12474295.802185643,oqmasjid mfy,,,,,,
6831,Xorazm viloyati,Angiarik MFY,1733,Yangiariq tumani,1733233,1733233003.0,18396.7652415585,12957231.59856641,angiarik mfy,,,,,,
6833,Xorazm viloyati,Sevgan MFY,1733,Yangiariq tumani,1733233,1733233034.0,20693.9577441853,12624331.034065122,sevgan mfy,,,,,,
6837,Xorazm viloyati,Ogohiy MFY,1733,Yangiariq tumani,1733233,1733233022.0,6189.2165092028,1523066.0555859215,ogohiy mfy,,,,,,
6843,Xorazm viloyati,Tomo MFY,1733,Xonqa tumani,1733223,1733223017.0,18953.6470688758,18239043.224442065,tomo mfy,,,,,,
6871,Xorazm viloyati,Yangihayot MFY,1733,Urganch shahri,1733401,1733401013.0,5976.2928212959,1398511.50765589,yangihayot mfy,,,,,,
6874,Xorazm viloyati,Obi hayot MFY,1733,Urganch shahri,1733401,1733401020.0,8348.8091459908,2543362.4612405,obi hayot mfy,,,,,,
6875,Xorazm viloyati,Mirzo Bobur MFY,1733,Urganch shahri,1733401,1733401019.0,5002.3621372758,1538085.3644782607,mirzo bobur mfy,,,,,,
6881,Xorazm viloyati,Tozabog‘ MFY,1733,Urganch shahri,1733401,1733401024.0,2622.1785307505,434643.8941756302,tozabog mfy,,,,,,
6896,Xorazm viloyati,Yangiobod MFY,1733,Urganch shahri,1733401,1733401016.0,7511.996073502,1232352.4475420823,yangiobod mfy,,,,,,
6898,Xorazm viloyati,Baynalmilalchilar MFY,1733,Urganch shahri,1733401,1733401029.0,5366.1559059977,734124.2783514897,baynalmilalchilar mfy,,,,,,
6903,Xorazm viloyati,Ashxobod MFY,1733,Urganch shahri,1733401,1733401014.0,30192.1892066802,13400491.9228261,ashhobod mfy,,,,,,
6904,Xorazm viloyati,Ma’rifatchilar MFY,1733,Urganch shahri,1733401,1733401003.0,8402.7620556664,2745603.920570147,marifatchilar mfy,,,,,,
6907,Xorazm viloyati,Temiryo‘lchilar MFY,1733,Urganch shahri,1733401,1733401028.0,3670.3524077111,609730.5020923505,temiryolchilar mfy,,,,,,
6926,Xorazm viloyati,Qatqal'a MFY,1733,Shovot tumani,1733230,1733230047.0,12442.4603276036,5592519.370524253,qatqala mfy,,,,,,
6928,Xorazm viloyati,Archazor MFY,1733,Shovot tumani,1733230,1733230035.0,16118.3665716042,10842409.714566544,archazor mfy,,,,,,
6942,Xorazm viloyati,Yangi yo‘l MFY,1733,Shovot tumani,1733230,1733230028.0,22849.9514433791,13789667.159786953,yangi yol mfy,,,,,,
6948,Xorazm viloyati,Ogohiy MFY,1733,Shovot tumani,1733230,1733230025.0,28375.689842799,31323382.427432034,ogohiy mfy,,,,,,
6952,Xorazm viloyati,Qumyop MFY,1733,Shovot tumani,1733230,1733230019.0,22410.6216175091,17124585.565732382,qumyop mfy,,,,,,
6983,Xorazm viloyati,Jaloyir MFY,1733,Gurlan tumani,1733208,1733208048.0,17197.5843631058,11957520.141313286,jaloyir mfy,,,,,,
6990,Xorazm viloyati,Jaloyir MFY,1733,Yangiariq tumani,1733233,1733233014.0,13572.540849863,8549695.345966851,jaloyir mfy,,,,,,
7021,Xorazm viloyati,Xunarmandlar MFY,1733,Xiva shahri,1733406,1733406023.0,13249.9664745432,3714570.695967381,hunarmandlar mfy,,,,,,
7023,Xorazm viloyati,Matbo‘g‘ot MFY,1733,Gurlan tumani,1733208,1733208009.0,17155.7857590695,14110198.716589125,matbogot mfy,,,,,,
7031,Xorazm viloyati,Saburzon MFY,1733,Yangiariq tumani,1733233,1733233029.0,19210.5314640396,15923769.54977194,saburzon mfy,,,,,,
7035,Xorazm viloyati,Yangiyer MFY,1733,Yangiariq tumani,1733233,1733233026.0,52470.5620186019,98848068.99116062,yangiyer mfy,,,,,,
7039,Xorazm viloyati,Yoshkuch MFY,1733,Xonqa tumani,1733223,1733223041.0,58400.9797023883,29539763.963138923,yoshkuch mfy,,,,,,
7048,Xorazm viloyati,Bog‘bon MFY,1733,Shovot tumani,1733230,1733230045.0,27563.9940159543,17378564.38280617,bogbon mfy,,,,,,
7075,Xorazm viloyati,Oq yop MFY,1733,Xiva tumani,1733226,1733226005.0,32457.4013180217,50269485.53003365,oq yop mfy,,,,,,
7076,Xorazm viloyati,Galdimiyon MFY,1733,Xiva tumani,1733226,1733226014.0,19126.5535053855,9075745.33694828,galdimiyon mfy,,,,,,
7085,Xorazm viloyati,Shayx Najmiddin Kubro MFY,1733,Xiva tumani,1733226,1733226021.0,33982.7872799039,44166262.10344473,shayh najmiddin kubro mfy,,,,,,
7086,Xorazm viloyati,Sayot MFY,1733,Xiva tumani,1733226,1733226020.0,18333.3340815713,15502275.28094875,sayot mfy,,,,,,
7087,Xorazm viloyati,Al-Xorazmiy MFY,1733,Xiva tumani,1733226,1733226032.0,55460.8337847859,77118864.67015904,alhorazmiy mfy,,,,,,
7094,Xorazm viloyati,Qora qum MFY,1733,Xiva tumani,1733226,1733226001.0,60069.6423626304,102515625.69408602,qora qum mfy,,,,,,
7100,Xorazm viloyati,Tuproqqal’a maskani MFY,1733,Tuproqqa’la tumani,1733221,1733221013.0,173801.7417341447,1370882874.5678086,tuproqqala maskani mfy,,,,,,
7106,Xorazm viloyati,Ostona MFY,1733,Shovot tumani,1733230,1733230043.0,39411.2114084809,33832623.531387344,ostona mfy,,,,,,
7131,Jizzax viloyati,Sarimich MFY,1708,Yangiobod tumani,1708237,1708237007.0,89873.5732630063,222961606.30482984,sarimich mfy,,,,,,
7133,Xorazm viloyati,Raxmatjon Qurbonov MFY,1733,Xiva shahri,1733406,1733406022.0,9698.6833255697,4901096.555898899,rahmatjon qurbonov mfy,,,,,,
7134,Samarqand viloyati,Shoʼrak MFY,1718,Kattaqoʼrgʼon tumani,1718215,1718215043.0,13927.0132323358,6136882.379428733,shoʼrak mfy,,,,,,
7138,Navoiy viloyati,Buyuk ipak yoʼli MFY,1712,Karmana tumani,1712234,1712234009.0,11259.6020719531,3696399.729492333,buyuk ipak yoʼli mfy,,,,,,
7142,Navoiy viloyati,Аyronchi MFY,1712,Karmana tumani,1712234,1712234002.0,11174.1313547537,4074350.036336375,аyronchi mfy,,,,,,
7148,Navoiy viloyati,Аllon MFY,1712,Karmana tumani,1712234,1712234004.0,56939.8957896271,39672320.57533287,аllon mfy,,,,,,
7152,Navoiy viloyati,Аrg'un MFY,1712,Karmana tumani,1712234,1712234006.0,8601.5032294699,2404698.571309733,аrgun mfy,,,,,,
7156,Navoiy viloyati,Аzamat MFY,1712,Karmana tumani,1712234,1712234001.0,14427.693432902,7175286.671384207,аzamat mfy,,,,,,
7160,Navoiy viloyati,Yangi hayot MFY,1712,Karmana tumani,1712234,1712234042.0,30645.6133651679,27376376.2150023,yangi hayot mfy,,,,,,
7166,Navoiy viloyati,А.Navoiy MFY,1712,Karmana tumani,1712234,1712234003.0,4559.9576998269,881224.5129306464,аnavoiy mfy,,,,,,
7172,Navoiy viloyati,Аrabxona MFY,1712,Karmana tumani,1712234,1712234005.0,41407.5687564212,22227760.507525925,аrabhona mfy,,,,,,
7194,Navoiy viloyati,Yangiyoʻl MFY,1712,Navbaxor tumani,1712230,1712230040.0,21264.8091709242,13311203.073754406,yangiyol mfy,,,,,,
7210,Navoiy viloyati,M.Ulugʻbek MFY,1712,Navbaxor tumani,1712230,1712230025.0,261596.5051302515,1787753631.4313326,mulugbek mfy,,,,,,
7219,Navoiy viloyati,G'alaba_MFY,1712,Navoiy shahar,1712401,1712401025.0,3347.948747087,497630.0798252524,galaba_mfy,,,,,,
7229,Navoiy viloyati,Do'stlik MFY,1712,Navoiy shahar,1712401,1712401019.0,4902.9499720387,889539.0700663157,dostlik mfy,,,,,,
7234,Navoiy viloyati,Yangi xayot MFY,1712,Navoiy shahar,1712401,1712401034.0,3531.7149259847,790770.113283987,yangi hayot mfy,,,,,,
7244,Navoiy viloyati,Meʼmor MFY,1712,Navoiy shahar,1712401,1712401022.0,3247.5515423934,578509.331674657,meʼmor mfy,,,,,,
7245,Navoiy viloyati,Farovon MFY,1712,Navoiy shahar,1712401,1712401033.0,5715.0586976953,1421020.8054378384,farovon mfy,,,,,,
7247,Navoiy viloyati,Maʼrifat MFY,1712,Navoiy shahar,1712401,1712401036.0,2190.1475249082,238232.52194401,maʼrifat mfy,,,,,,
7263,Navoiy viloyati,Xo'jako'rg'on MFY,1712,Xatirchi tumani,1712251,1712251029.0,23311.1926052056,9433492.868739784,hojakorgon mfy,,,,,,
7264,Navoiy viloyati,Miyonkol MFY,1712,Xatirchi tumani,1712251,1712251025.0,22476.1113570282,12664679.880404482,miyonkol mfy,,,,,,
7265,Navoiy viloyati,A.Temur MFY,1712,Xatirchi tumani,1712251,1712251032.0,14926.6900442899,7240533.886355588,atemur mfy,,,,,,
7266,Navoiy viloyati,Uchtepa MFY,1712,Xatirchi tumani,1712251,1712251046.0,13100.8303203463,5359656.739803364,uchtepa mfy,,,,,,
7271,Navoiy viloyati,Mirishkor MFY,1712,Xatirchi tumani,1712251,1712251048.0,18123.3648742236,12534606.451605115,mirishkor mfy,,,,,,
7291,Navoiy viloyati,Oltinsoy MFY,1712,Xatirchi tumani,1712251,1712251062.0,49295.3310309333,123162475.6844612,oltinsoy mfy,,,,,,
7293,Navoiy viloyati,Samarkand MFY,1712,Xatirchi tumani,1712251,1712251012.0,4861.7080885453,965709.5570245192,samarkand mfy,,,,,,
7301,Navoiy viloyati,Toshkulok MFY,1712,Xatirchi tumani,1712251,1712251015.0,19976.8760227868,12647291.915631045,toshkulok mfy,,,,,,
7311,Navoiy viloyati,Navro'z MFY,1712,Xatirchi tumani,1712251,1712251007.0,34879.6756341437,23269050.29324206,navroz mfy,,,,,,
7314,Navoiy viloyati,M.Ulugbek MFY,1712,Xatirchi tumani,1712251,1712251043.0,22175.1209147288,11415831.19991293,mulugbek mfy,,,,,,
7318,Navoiy viloyati,Faravon MFY,1712,Xatirchi tumani,1712251,1712251049.0,4124.7872595402,850964.5293295936,faravon mfy,,,,,,
7319,Navoiy viloyati,A.Navoiy MFY,1712,Xatirchi tumani,1712251,1712251018.0,20960.2573350649,15314509.7681492,anavoiy mfy,,,,,,
7330,Jizzax viloyati,Qayrma MFY,1708,Zomin tumani,1708218,1708218002.0,39513.1782017246,50586771.94313185,qayrma mfy,,,,,,
7332,Jizzax viloyati,Xalqabod MFY,1708,Zomin tumani,1708218,1708218006.0,11090.4644988663,4853569.530679242,halqabod mfy,,,,,,
7333,Jizzax viloyati,Sh.Rashidov MFY,1708,Zomin tumani,1708218,1708218007.0,13201.2504759089,6588909.281006407,shrashidov mfy,,,,,,
7339,Jizzax viloyati,Chilanzor MFY,1708,Zomin tumani,1708218,1708218029.0,46015.7078938472,116522723.6473113,chilanzor mfy,,,,,,
7342,Jizzax viloyati,H.Olimjon MFY,1708,Zomin tumani,1708218,1708218024.0,10959.1166825215,4434105.744724139,holimjon mfy,,,,,,
7344,Jizzax viloyati,Bunyotkor MFY,1708,Zomin tumani,1708218,1708218025.0,11535.1151981859,5473538.928308823,bunyotkor mfy,,,,,,
7349,Jizzax viloyati,Obi hayot MFY,1708,Zomin tumani,1708218,1708218032.0,34530.5777713096,61297688.91928765,obi hayot mfy,,,,,,
7350,Jizzax viloyati,Tukman MFY,1708,Zomin tumani,1708218,1708218036.0,104830.4627495349,360272557.26199913,tukman mfy,,,,,,
7354,Jizzax viloyati,A.Navioiy MFY,1708,Zomin tumani,1708218,1708218014.0,143264.3760036644,479523051.88057727,anavioiy mfy,,,,,,
7381,Jizzax viloyati,G'alaba MFY,1708,Arnasoy tumani,1708201,1708201011.0,26816.1648548973,30004412.59410984,galaba mfy,,,,,,
7383,Jizzax viloyati,G'.G'ulom MFY,1708,Arnasoy tumani,1708201,1708201009.0,16532.4955670927,15273358.872711709,ggulom mfy,,,,,,
7385,Jizzax viloyati,Yangi Bo'ston MFY,1708,Arnasoy tumani,1708201,1708201005.0,38126.256169546,87120841.96358708,yangi boston mfy,,,,,,
7388,Jizzax viloyati,Baxtli MFY,1708,Arnasoy tumani,1708201,1708201012.0,40596.9998805666,56621756.02133057,bahtli mfy,,,,,,
7398,Jizzax viloyati,Yassikechuv MFY,1708,Forish tumani,1708235,1708235024.0,66766.4932349405,155450053.03192967,yassikechuv mfy,,,,,,
7403,Jizzax viloyati,O'xum MFY,1708,Forish tumani,1708235,1708235023.0,140447.442328992,767798469.4087185,ohum mfy,,,,,,
7410,Jizzax viloyati,Oqtepa MFY,1708,Forish tumani,1708235,1708235003.0,50416.7530204811,110222925.17600682,oqtepa mfy,,,,,,
7433,Andijon viloyati,A.Yassaviy MFY,1703,Qo'rg'ontepa tumani,1703220,1703220033.0,8749.8638020331,2808420.563177575,ayassaviy mfy,,,,,,
7469,Andijon viloyati,Oltinsoy MFY,1703,Qo'rg'ontepa tumani,1703220,1703220045.0,26126.9023555194,14204042.000608437,oltinsoy mfy,,,,,,
7473,Andijon viloyati,Mustakillik MFY,1703,Qo'rg'ontepa tumani,1703220,1703220032.0,14882.6996994227,5895054.390455346,mustakillik mfy,,,,,,
7475,Andijon viloyati,A.Temur MFY,1703,Qo'rg'ontepa tumani,1703220,1703220034.0,11590.5224956718,5543701.923196771,atemur mfy,,,,,,
7477,Andijon viloyati,M.Ulug‘bek MFY,1703,Qo'rg'ontepa tumani,1703220,1703220029.0,4849.2630302779,1471064.4642249916,mulugbek mfy,,,,,,
7487,Andijon viloyati,Mustakillik MFY,1703,Qo'rg'ontepa tumani,1703220,1703220063.0,5345.9823906993,663568.3807757932,mustakillik mfy,,,,,,
7492,Andijon viloyati,Fayzobod MFY,1703,Ulug'nor tumani,1703217,1703217009.0,21342.6007981231,14213699.385282565,fayzobod mfy,,,,,,
7495,Andijon viloyati,Mingbuloq MFY,1703,Ulug'nor tumani,1703217,1703217007.0,33148.143208672,20248853.57047061,mingbuloq mfy,,,,,,
7527,Andijon viloyati,Rovvot MFY,1703,Marhamat tumani,1703227,1703227011.0,27890.169155911,21518301.64891228,rovvot mfy,,,,,,
7564,Surxondaryo viloyati,Temir yoʻlchi MFY,1722,Termiz shahar,1722401,1722401012.0,10162.3419221903,1916782.778705025,temir yolchi mfy,,,,,,
7566,Surxondaryo viloyati,Buston MFY,1722,Termiz shahar,1722401,1722401028.0,3434.758860103,460192.8444635224,buston mfy,,,,,,
7569,Surxondaryo viloyati,A.Avloniy MFY,1722,Termiz shahar,1722401,1722401036.0,1849.8412168131,210561.1678049695,aavloniy mfy,,,,,,
7575,Surxondaryo viloyati,A.Navoiy MFY,1722,Termiz shahar,1722401,1722401033.0,6424.8984853006,1839406.1603641056,anavoiy mfy,,,,,,
7581,Surxondaryo viloyati,Faravon xayot MFY,1722,Termiz shahar,1722401,1722401003.0,3393.0169467214,691928.3242378962,faravon hayot mfy,,,,,,
7582,Surxondaryo viloyati,Tuprokkurgon MFY,1722,Termiz shahar,1722401,1722401006.0,5056.9374212418,1334340.6274095774,tuprokkurgon mfy,,,,,,
7587,Surxondaryo viloyati,Mexrabod MFY,1722,Termiz shahar,1722401,1722401005.0,3692.4240382849,875774.2395968052,mehrabod mfy,,,,,,
7589,Surxondaryo viloyati,Maʼrifat MFY,1722,Termiz shahar,1722401,1722401023.0,6707.8920182154,1552472.6731512242,maʼrifat mfy,,,,,,
7590,Surxondaryo viloyati,Abduraxmon-Jomiy MFY,1722,Termiz shahar,1722401,1722401019.0,7621.9718918954,1722066.4162069596,abdurahmonjomiy mfy,,,,,,
7593,Surxondaryo viloyati,Juyijangal MFY,1722,Termiz shahar,1722401,1722401021.0,7253.586728384,2232955.815584792,juyijangal mfy,,,,,,
7596,Surxondaryo viloyati,Ravon (Yulduz) MFY,1722,Termiz shahar,1722401,1722401030.0,6769.2287932815,1627746.6713658874,ravon yulduz mfy,,,,,,
7599,Surxondaryo viloyati,Kattabog' MFY,1722,Termiz shahar,1722401,1722401035.0,8631.9891051486,1886976.0658297483,kattabog mfy,,,,,,
7602,Surxondaryo viloyati,Qoʼngʼirot MFY,1722,Termiz tumani,1722220,1722220004.0,13883.8517712252,7448810.405361654,qoʼngʼirot mfy,,,,,,
7605,Surxondaryo viloyati,Navroʼz MFY,1722,Termiz tumani,1722220,1722220028.0,13172.7795817436,9420351.879082335,navroʼz mfy,,,,,,
7606,Surxondaryo viloyati,Joʼyjangal MFY,1722,Termiz tumani,1722220,1722220029.0,45511.7313170611,42284358.117648646,joʼyjangal mfy,,,,,,
7609,Surxondaryo viloyati,Doʼstlik MFY,1722,Termiz tumani,1722220,1722220015.0,18767.7680102383,13726989.286824398,doʼstlik mfy,,,,,,
7614,Surxondaryo viloyati,Yangi xayot MFY,1722,Termiz tumani,1722220,1722220019.0,19122.8118805899,14493792.998370934,yangi hayot mfy,,,,,,
7631,Surxondaryo viloyati,Dexkonobod MFY,1722,Muzrabot tumani,1722207,1722207015.0,26300.3034527117,28194096.09837578,dehkonobod mfy,,,,,,
7633,Surxondaryo viloyati,At Termiziy MFY,1722,Muzrabot tumani,1722207,1722207023.0,61920.1365905994,113630456.18830328,at termiziy mfy,,,,,,
7635,Surxondaryo viloyati,Mexnatabod MFY,1722,Muzrabot tumani,1722207,1722207030.0,30086.1699786985,30675060.171536826,mehnatabod mfy,,,,,,
7648,Surxondaryo viloyati,Mustakillik MFY,1722,Muzrabot tumani,1722207,1722207012.0,16193.3160878332,9407556.351578742,mustakillik mfy,,,,,,
7654,Surxondaryo viloyati,Yakkatol MFY,1722,Muzrabot tumani,1722207,1722207019.0,18494.3836430125,7775146.954356268,yakkatol mfy,,,,,,
7656,Surxondaryo viloyati,Yangier MFY,1722,Muzrabot tumani,1722207,1722207032.0,19999.6174776387,23822189.87126182,yangier mfy,,,,,,
7679,Surxondaryo viloyati,Yangi arik MFY,1722,Sho`rchi tumani,1722226,1722226012.0,22924.5952997563,12431129.971281512,yangi arik mfy,,,,,,
7681,Surxondaryo viloyati,Tula MFY,1722,Sho`rchi tumani,1722226,1722226011.0,17029.638931855,9889910.417541338,tula mfy,,,,,,
7683,Surxondaryo viloyati,Okkamar MFY,1722,Sho`rchi tumani,1722226,1722226038.0,22413.678538637,17342483.248720516,okkamar mfy,,,,,,
7685,Surxondaryo viloyati,Kora-arik MFY,1722,Sho`rchi tumani,1722226,1722226023.0,34288.5898114573,24133641.593630712,koraarik mfy,,,,,,
7686,Surxondaryo viloyati,Oynakul MFY,1722,Sho`rchi tumani,1722226,1722226020.0,31672.9333453188,27603764.11617708,oynakul mfy,,,,,,
7691,Surxondaryo viloyati,Dustlik MFY,1722,Sho`rchi tumani,1722226,1722226026.0,16678.5856992952,6908793.994335375,dustlik mfy,,,,,,
7695,Surxondaryo viloyati,Saurtepa MFY,1722,Sho`rchi tumani,1722226,1722226022.0,11734.8674463829,4175741.857041456,saurtepa mfy,,,,,,
7696,Surxondaryo viloyati,Shaldirok MFY,1722,Sho`rchi tumani,1722226,1722226028.0,92690.3269881929,158748798.738747,shaldirok mfy,,,,,,
7698,Surxondaryo viloyati,Gʼarmakurgon MFY,1722,Sho`rchi tumani,1722226,1722226019.0,13481.0263358857,4210077.417760469,gʼarmakurgon mfy,,,,,,
7701,Surxondaryo viloyati,Buston MFY,1722,Sho`rchi tumani,1722226,1722226044.0,5254.462361454,978004.8023140545,buston mfy,,,,,,
7702,Surxondaryo viloyati,Kokaydi MFY,1722,Sho`rchi tumani,1722226,1722226037.0,15047.6697267207,9865785.697521038,kokaydi mfy,,,,,,
7705,Surxondaryo viloyati,Kuklam MFY,1722,Sho`rchi tumani,1722226,1722226018.0,9199.5814072018,1903394.8193425925,kuklam mfy,,,,,,
7706,Surxondaryo viloyati,Navruz MFY,1722,Sho`rchi tumani,1722226,1722226002.0,8058.9109458936,1730033.2884840153,navruz mfy,,,,,,
7709,Surxondaryo viloyati,Okkurgon MFY,1722,Sho`rchi tumani,1722226,1722226039.0,15374.9138220022,7440156.194149679,okkurgon mfy,,,,,,
7711,Surxondaryo viloyati,Kushtegirmon MFY,1722,Sho`rchi tumani,1722226,1722226008.0,14296.4192722278,10432752.531619327,kushtegirmon mfy,,,,,,
7716,Surxondaryo viloyati,Jarkishlok MFY,1722,Sho`rchi tumani,1722226,1722226040.0,74026.8339328553,99105484.50372346,jarkishlok mfy,,,,,,
7728,Surxondaryo viloyati,Xalqobod MFY,1722,Oltinsoy tumani,1722201,1722201007.0,16343.0011648329,7049985.481840077,halqobod mfy,,,,,,
7732,Surxondaryo viloyati,Shodlik (A.Boʻtayev) MFY,1722,Oltinsoy tumani,1722201,1722201005.0,16363.8572811719,7190111.676290143,shodlik abotayev mfy,,,,,,
7741,Surxondaryo viloyati,Ipok MFY,1722,Oltinsoy tumani,1722201,1722201041.0,50780.1551940398,33479840.774421103,ipok mfy,,,,,,
7750,Surxondaryo viloyati,Olmazar MFY,1722,Oltinsoy tumani,1722201,1722201031.0,17266.390076527,9461508.319318945,olmazar mfy,,,,,,
7758,Surxondaryo viloyati,Paxlovon MFY,1722,Oltinsoy tumani,1722201,1722201026.0,41026.5095037514,34543318.77940942,pahlovon mfy,,,,,,
7762,Surxondaryo viloyati,Yangi qurylish MFY,1722,Oltinsoy tumani,1722201,1722201018.0,12578.373862943,6019904.29305504,yangi qurylish mfy,,,,,,
7764,Surxondaryo viloyati,Nurofshon (Jobu) MFY,1722,Oltinsoy tumani,1722201,1722201039.0,23094.2474204674,8497706.09592793,nurofshon jobu mfy,,,,,,
7766,Surxondaryo viloyati,Yakka tut MFY,1722,Oltinsoy tumani,1722201,1722201029.0,21284.0325690796,10310066.5033536,yakka tut mfy,,,,,,
7769,Surxondaryo viloyati,Togʻay Murod MFY,1722,Oltinsoy tumani,1722201,1722201027.0,11671.3914850364,5647649.441666847,togay murod mfy,,,,,,
7777,Surxondaryo viloyati,Xojaqishloq MFY,1722,Qumqo`rg`on tumani,1722214,1722214026.0,19129.6389557121,8252983.513572273,hojaqishloq mfy,,,,,,
7784,Surxondaryo viloyati,Yangihayot MFY,1722,Qumqo`rg`on tumani,1722214,1722214059.0,22590.0397184917,13150046.518925548,yangihayot mfy,,,,,,
7795,Surxondaryo viloyati,Yuksalish MFY,1722,Qumqo`rg`on tumani,1722214,1722214016.0,40705.6092811209,62804958.11823783,yuksalish mfy,,,,,,
7801,Surxondaryo viloyati,Xunarmandlar MFY,1722,Qumqo`rg`on tumani,1722214,1722214050.0,18292.8140859577,10898525.075687531,hunarmandlar mfy,,,,,,
7819,Surxondaryo viloyati,Buston MFY,1722,Qumqo`rg`on tumani,1722214,1722214002.0,68864.6866531723,127646768.34828836,buston mfy,,,,,,
7822,Surxondaryo viloyati,Yangiavlod MFY,1722,Qumqo`rg`on tumani,1722214,1722214017.0,27512.5912150396,37706670.79360555,yangiavlod mfy,,,,,,
7827,Surxondaryo viloyati,Besh qaxramon MFY,1722,Qumqo`rg`on tumani,1722214,1722214054.0,6674.239488729,1759277.4640213442,besh qahramon mfy,,,,,,
7833,Surxondaryo viloyati,Mexrobod MFY,1722,Qumqo`rg`on tumani,1722214,1722214051.0,17762.729504016,8751792.482124954,mehrobod mfy,,,,,,
7834,Surxondaryo viloyati,Baxoriston MFY,1722,Uzun tumani,1722221,1722221049.0,6187.6916972824,1177701.432882334,bahoriston mfy,,,,,,
7836,Surxondaryo viloyati,Karashik MFY,1722,Uzun tumani,1722221,1722221014.0,14071.7797024467,7303182.069077693,karashik mfy,,,,,,
7850,Surxondaryo viloyati,Yangi obod MFY,1722,Uzun tumani,1722221,1722221034.0,153166.6619080182,678246911.5460447,yangi obod mfy,,,,,,
7862,Surxondaryo viloyati,Beshkapa MFY,1722,Uzun tumani,1722221,1722221006.0,15372.3153873326,7222861.022487284,beshkapa mfy,,,,,,
7863,Surxondaryo viloyati,Navroʼz MFY,1722,Uzun tumani,1722221,1722221047.0,9061.585307832,1391333.2576046493,navroʼz mfy,,,,,,
7899,Surxondaryo viloyati,Qiron MFY,1722,Jarqo`rg`on tumani,1722212,1722212031.0,27186.0133945952,15918643.794575848,qiron mfy,,,,,,
7906,Surxondaryo viloyati,Bobotogʼ MFY,1722,Jarqo`rg`on tumani,1722212,1722212062.0,32163.9338069424,50476540.87685798,bobotogʼ mfy,,,,,,
7910,Surxondaryo viloyati,Maslaxattepa MFY,1722,Jarqo`rg`on tumani,1722212,1722212009.0,14840.7390292255,5708352.384511571,maslahattepa mfy,,,,,,
7914,Surxondaryo viloyati,Qumkishloq MFY,1722,Jarqo`rg`on tumani,1722212,1722212020.0,24295.9151826092,22460926.16770543,qumkishloq mfy,,,,,,
7929,Surxondaryo viloyati,Yangiturmush MFY,1722,Jarqo`rg`on tumani,1722212,1722212061.0,24655.3390774314,14980345.177008389,yangiturmush mfy,,,,,,
7945,Surxondaryo viloyati,Xoʻjaqishloq MFY,1722,Jarqo`rg`on tumani,1722212,1722212015.0,13198.5193444825,9061339.666621828,hojaqishloq mfy,,,,,,
7957,Surxondaryo viloyati,Nixolzor MFY,1722,Sariosiyo tumani,1722217,1722217041.0,38393.8440545958,21926627.85486805,niholzor mfy,,,,,,
7960,Surxondaryo viloyati,Xalkobod MFY,1722,Sariosiyo tumani,1722217,1722217022.0,12508.2732178933,5513040.980219928,halkobod mfy,,,,,,
7961,Surxondaryo viloyati,Bogiobod MFY,1722,Sariosiyo tumani,1722217,1722217008.0,80076.7789030926,92886884.86444268,bogiobod mfy,,,,,,
7964,Surxondaryo viloyati,Galabuta MFY,1722,Sariosiyo tumani,1722217,1722217059.0,26311.4875207368,17912525.523559436,galabuta mfy,,,,,,
7968,Surxondaryo viloyati,Shokishlok MFY,1722,Sariosiyo tumani,1722217,1722217037.0,27402.2980851888,16976334.16621062,shokishlok mfy,,,,,,
7972,Surxondaryo viloyati,Neloba MFY,1722,Sariosiyo tumani,1722217,1722217035.0,14931.3234267668,7558833.967289485,neloba mfy,,,,,,
7985,Surxondaryo viloyati,A.Navoiy MFY,1722,Sariosiyo tumani,1722217,1722217053.0,18165.8192789745,4719617.451057178,anavoiy mfy,,,,,,
7986,Surxondaryo viloyati,S.Sheroziy MFY,1722,Sariosiyo tumani,1722217,1722217057.0,6924.4297931644,1044669.0269674776,ssheroziy mfy,,,,,,
7987,Surxondaryo viloyati,Tortuli MFY,1722,Sariosiyo tumani,1722217,1722217017.0,13694.9402759804,6247640.685434667,tortuli mfy,,,,,,
7988,Surxondaryo viloyati,Dustlik MFY,1722,Sariosiyo tumani,1722217,1722217016.0,21044.7553931748,7313864.248264381,dustlik mfy,,,,,,
7990,Surxondaryo viloyati,Xumoyun MFY,1722,Sariosiyo tumani,1722217,1722217002.0,29202.0897842117,47306741.9635044,humoyun mfy,,,,,,
7991,Surxondaryo viloyati,Sangardak MFY,1722,Sariosiyo tumani,1722217,1722217015.0,148894.5092532929,926970390.842152,sangardak mfy,,,,,,
7998,Surxondaryo viloyati,Nurbulok MFY,1722,Sariosiyo tumani,1722217,1722217061.0,13657.3825538577,10184898.004563622,nurbulok mfy,,,,,,
8012,Surxondaryo viloyati,Toltugʻay MFY,1722,Uzun tumani,1722221,1722221037.0,47121.8721965611,95184621.88791186,toltugay mfy,,,,,,
8013,Surxondaryo viloyati,Yuksalish MFY,1722,Uzun tumani,1722221,1722221052.0,59007.2116124928,125065860.7593972,yuksalish mfy,,,,,,
8015,Buxoro viloyati,Ibn Sino MFY,1706,Peshku tumani,1706240,1706240008.0,20457.1369354871,17210147.435392212,ibn sino mfy,,,,,,
8031,Buxoro viloyati,Mahallai Mirishkor MFY,1706,Peshku tumani,1706240,1706240021.0,16845.4239115765,5218871.236995156,mahallai mirishkor mfy,,,,,,
8058,Buxoro viloyati,Ko'kin MFY,1706,Vobkent tumani,1706212,1706212016.0,25260.1030323389,20325878.638177983,kokin mfy,,,,,,
8073,Buxoro viloyati,Xayrabod MFY,1706,Vobkent tumani,1706212,1706212029.0,24467.7912185542,16204472.61621062,hayrabod mfy,,,,,,
8112,Buxoro viloyati,Аsajam MFY,1706,Olot tumani,1706204,1706204011.0,18946.9782569595,11867837.42446057,аsajam mfy,,,,,,
8115,Buxoro viloyati,Аrabxona MFY,1706,Olot tumani,1706204,1706204026.0,60617.2128334705,83455640.50926173,аrabhona mfy,,,,,,
8119,Buxoro viloyati,Kattab ayot MFY (Paxtakor),1706,Olot tumani,1706204,1706204004.0,46974.3021564041,98096228.4561812,kattab ayot mfy pahtakor,,,,,,
8127,Buxoro viloyati,Maʼrifat MFY,1706,Olot tumani,1706204,1706204028.0,7675.6291073145,1593673.591292517,maʼrifat mfy,,,,,,
8141,Buxoro viloyati,Yangi-turmush MFY,1706,Buxoro tumani,1706207,1706207032.0,28439.810217907,21096222.41755506,yangiturmush mfy,,,,,,
8168,Buxoro viloyati,Bahouddin Naqshband MFY,1706,Buxoro tumani,1706207,0.0,4219.9265037213,761396.5068341463,bahouddin naqshband mfy,,,,,,
8186,Buxoro viloyati,Olmazar MFY,1706,G'ijduvon tumani,1706215,1706215048.0,9295.4023188702,2854659.9652055204,olmazar mfy,,,,,,
8193,Buxoro viloyati,Kalon MFY,1706,G'ijduvon tumani,1706215,1706215063.0,13953.0002157823,8297994.592592437,kalon mfy,,,,,,
8196,Buxoro viloyati,Fayzullo Xo'jaev MFY,1706,G'ijduvon tumani,1706215,1706215072.0,10297.5093245494,2208187.0003722287,fayzullo hojaev mfy,,,,,,
8217,Buxoro viloyati,Denov MFY,1706,G'ijduvon tumani,1706215,1706215024.0,14973.6967428094,6108539.570226874,denov mfy,,,,,,
8232,Buxoro viloyati,Sarmijan MFY,1706,G'ijduvon tumani,1706215,1706215014.0,13703.9239717339,5752439.381217319,sarmijan mfy,,,,,,
8234,Buxoro viloyati,Obad MFY,1706,G'ijduvon tumani,1706215,1706215012.0,17218.1049543925,9165663.145078022,obad mfy,,,,,,
8236,Buxoro viloyati,Mahalla MFY,1706,G'ijduvon tumani,1706215,1706215065.0,11798.4504737374,4330350.485230615,mahalla mfy,,,,,,
8237,Buxoro viloyati,Paxtaobad MFY,1706,G'ijduvon tumani,1706215,1706215049.0,24975.7330396429,14330994.459717987,pahtaobad mfy,,,,,,
8241,Buxoro viloyati,Tashlak MFY,1706,G'ijduvon tumani,1706215,1706215052.0,20393.4292107833,13413649.67966833,tashlak mfy,,,,,,
8243,Buxoro viloyati,Qurg'on MFY,1706,G'ijduvon tumani,1706215,1706215064.0,3256.3939893496,399790.2746235146,qurgon mfy,,,,,,
8292,Buxoro viloyati,Yangiqishlok MFY,1706,Shofirkon tumani,1706258,1706258010.0,56452.8759234194,116561180.91973588,yangiqishlok mfy,,,,,,
8295,Buxoro viloyati,Poykent MFY,1706,Qorako'l tumani,1706230,1706230022.0,14002.2559709519,6986573.194161292,poykent mfy,,,,,,
8300,Buxoro viloyati,Polvonlar MFY,1706,Qorako'l tumani,1706230,1706230011.0,12754.9437292014,5710234.619203589,polvonlar mfy,,,,,,
8313,Buxoro viloyati,Sho'robod MFY,1706,Qorako'l tumani,1706230,1706230029.0,34102.6233624869,47454753.01274991,shorobod mfy,,,,,,
8317,Buxoro viloyati,Yangiturmush MFY,1706,Qorako'l tumani,1706230,1706230050.0,19972.9164515011,11698852.86614195,yangiturmush mfy,,,,,,
8325,Buxoro viloyati,Oq oltin MFY,1706,Qorako'l tumani,1706230,1706230010.0,30262.263979073,21532741.756422862,oq oltin mfy,,,,,,
8357,Buxoro viloyati,Yangihayot MFY,1706,Kogon tumani,1706219,1706219002.0,30940.467432441,23382592.49446392,yangihayot mfy,,,,,,
8379,Buxoro viloyati,Poyjuy MFY,1706,Romitan tumani,1706242,1706242044.0,15477.9030963355,10667544.969037017,poyjuy mfy,,,,,,
8414,Buxoro viloyati,Chandir MFY,1706,Romitan tumani,1706242,1706242009.0,20815.1881976802,10340705.416277343,chandir mfy,,,,,,
8420,Buxoro viloyati,Mahtumquli MFY,1706,Kogon shahar,1706403,1706403003.0,8448.43480134,2457286.4262472666,mahtumquli mfy,,,,,,
8475,Buxoro viloyati,Dovut MFY,1706,Jondor tumani,1706246,1706246035.0,12349.6944490002,7092238.960554361,dovut mfy,,,,,,
8494,Buxoro viloyati,Toshmasjid MFY,1706,Buxoro shahar,1706401,1706401058.0,2862.8239132756,308869.0160648227,toshmasjid mfy,,,,,,
8501,Buxoro viloyati,Fayzulla Xo‘jaev MFY,1706,Buxoro shahar,1706401,1706401019.0,6505.7136310143,2010258.9687978064,fayzulla hojaev mfy,,,,,,
8503,Buxoro viloyati,S.Baxorziy MFY,1706,Buxoro shahar,1706401,1706401002.0,3831.0511529593,700666.2323501845,sbahorziy mfy,,,,,,
8511,Buxoro viloyati,Mirzo Ulug‘bek MFY,1706,Buxoro shahar,1706401,1706401020.0,4040.1410546222,718768.8649203313,mirzo ulugbek mfy,,,,,,
8514,Buxoro viloyati,Afshormahalla MFY,1706,Buxoro shahar,1706401,1706401052.0,8003.2619967905,2308114.76830077,afshormahalla mfy,,,,,,
8535,Buxoro viloyati,Olim Xo'jaev MFY,1706,Buxoro shahar,1706401,1706401043.0,4070.3552111881,905895.3049433518,olim hojaev mfy,,,,,,
8565,Toshkent viloyati,Хos MFY,1727,Bekobod tumani,1727220,1727220044.0,24381.8835913931,19688932.66723877,хos mfy,,,,,,
8570,Toshkent viloyati,Хamza MFY,1727,Bekobod tumani,1727220,1727220023.0,20792.9562776367,14747524.280844515,хamza mfy,,,,,,
8571,Toshkent viloyati,Хanabad MFY,1727,Bekobod tumani,1727220,1727220024.0,21572.9073443824,14707367.24482385,хanabad mfy,,,,,,
8574,Toshkent viloyati,Oq tepa MFY,1727,Bekobod tumani,1727220,1727220018.0,17904.8069972898,12681373.968797816,oq tepa mfy,,,,,,
8579,Toshkent viloyati,Yangi bozor MFY,1727,Bekobod tumani,1727220,1727220025.0,12570.1666308656,4640406.5225235885,yangi bozor mfy,,,,,,
8594,Toshkent viloyati,Beshyuz MFY,1727,Bekobod tumani,1727220,1727220047.0,19428.623932708,13807511.273323758,beshyuz mfy,,,,,,
8610,Toshkent viloyati,Хo'jaqo'rg'on MFY,1727,Qibray tumani,1727248,1727248012.0,12685.3329466942,5460844.888054479,хojaqorgon mfy,,,,,,
8615,Toshkent viloyati,Oq-oltin MFY,1727,Qibray tumani,1727248,1727248066.0,24762.1415155046,12773968.058039112,oqoltin mfy,,,,,,
8616,Toshkent viloyati,Darxon MFY,1727,Qibray tumani,1727248,1727248064.0,19042.5876285439,9331968.553361788,darhon mfy,,,,,,
8625,Toshkent viloyati,Qipchok MFY,1727,Qibray tumani,1727248,1727248032.0,17878.3100587798,12936044.574809728,qipchok mfy,,,,,,
8636,Toshkent viloyati,Yukori yuz MFY,1727,Qibray tumani,1727248,1727248020.0,6304.6056228978,1521907.556012388,yukori yuz mfy,,,,,,
8638,Toshkent viloyati,Yonarik MFY,1727,Qibray tumani,1727248,1727248001.0,13858.3823278152,4197029.576426322,yonarik mfy,,,,,,
8639,Toshkent viloyati,Yangi xayot MFY,1727,Qibray tumani,1727248,1727248007.0,7804.7655911341,1708442.8096961228,yangi hayot mfy,,,,,,
8661,Toshkent viloyati,Oʻymovut MFY,1727,Qibray tumani,1727248,1727248056.0,11940.1222118077,5882420.415347428,oymovut mfy,,,,,,
8669,Toshkent viloyati,A.Jomiy MFY,1727,Qibray tumani,1727248,1727248014.0,11060.6456906243,4415683.842511705,ajomiy mfy,,,,,,
8672,Toshkent viloyati,Хaydarobod MFY,1727,Qibray tumani,1727248,1727248022.0,11448.5719734343,4749078.513505834,хaydarobod mfy,,,,,,
8707,Toshkent viloyati,Sayid ota MFY,1727,Parkent tumani,1727249,1727249049.0,12541.1420199281,3557164.644091423,sayid ota mfy,,,,,,
8714,Toshkent viloyati,Samsarak MFY,1727,Parkent tumani,1727249,1727249060.0,46207.5189599768,41498822.97361112,samsarak mfy,,,,,,
8739,Toshkent viloyati,Sanganak MFY,1727,Parkent tumani,1727249,1727249015.0,26095.648601332,19956720.094143767,sanganak mfy,,,,,,
8750,Toshkent viloyati,Oqtepa MFY,1727,Parkent tumani,1727249,1727249059.0,27350.9436000243,24065897.796284843,oqtepa mfy,,,,,,
8770,Toshkent viloyati,Uchchinor MFY,1727,Quyichirchiq tumani,1727233,1727233030.0,31353.1388809255,42002448.53901377,uchchinor mfy,,,,,,
8805,Toshkent viloyati,A Qodiriy MFY,1727,Olmaliq Shahar,1727404,1727404036.0,23348.5378908814,5084596.431481447,a qodiriy mfy,,,,,,
8815,Toshkent viloyati,S Olloyor MFY,1727,Olmaliq Shahar,1727404,1727404019.0,5394.154475807,1316353.4602807695,s olloyor mfy,,,,,,
8820,Toshkent viloyati,H Olimjon MFY,1727,Olmaliq Shahar,1727404,1727404001.0,2063.5871405606,165371.5498714048,h olimjon mfy,,,,,,
8823,Toshkent viloyati,M Ulugbek MFY,1727,Olmaliq Shahar,1727404,1727404003.0,2486.3858817365,278002.4781696742,m ulugbek mfy,,,,,,
8824,Toshkent viloyati,A Navoiy MFY,1727,Olmaliq Shahar,1727404,1727404009.0,5055.4399103307,1007738.6002343494,a navoiy mfy,,,,,,
8826,Toshkent viloyati,Sh Rashidov MFY,1727,Olmaliq Shahar,1727404,1727404040.0,6821.2978992419,1414103.4811284477,sh rashidov mfy,,,,,,
8831,Toshkent viloyati,A Yassaviy MFY,1727,Olmaliq Shahar,1727404,1727404044.0,4659.4547424017,787546.753061112,a yassaviy mfy,,,,,,
8835,Toshkent viloyati,G Gulom MFY,1727,Olmaliq Shahar,1727404,1727404042.0,3064.1619000549,345225.3466170578,g gulom mfy,,,,,,
8843,Toshkent viloyati,A Avloniy MFY,1727,Olmaliq Shahar,1727404,1727404032.0,2484.0588486917,256692.292949175,a avloniy mfy,,,,,,
8844,Toshkent viloyati,Muqumiy MFY,1727,Olmaliq Shahar,1727404,1727404045.0,12712.5611300487,2856549.825275469,muqumiy mfy,,,,,,
8847,Toshkent viloyati,A Qahhor MFY,1727,Olmaliq Shahar,1727404,1727404035.0,4417.786438934,956629.6281758114,a qahhor mfy,,,,,,
8848,Toshkent viloyati,T Malik MFY,1727,Olmaliq Shahar,1727404,1727404020.0,28420.8307397009,29966520.842786923,t malik mfy,,,,,,
8850,Toshkent viloyati,U Nosir MFY,1727,Olmaliq Shahar,1727404,1727404028.0,22715.2790879994,18653398.26242172,u nosir mfy,,,,,,
8857,Toshkent viloyati,Qatag'on MFY,1727,Angren shahar,1727407,1727407008.0,18929.8744942676,2380164.211925216,qatagon mfy,,,,,,
8861,Toshkent viloyati,G'.G'ulom MFY,1727,Angren shahar,1727407,1727407018.0,10911.3820951586,5346568.967878799,ggulom mfy,,,,,,
8883,Toshkent viloyati,Navro'z 1 MFY,1727,Angren shahar,1727407,1727407006.0,5524.6351352241,1078613.1711570146,navroz 1 mfy,,,,,,
8893,Toshkent viloyati,Ko'k terak MFY,1727,Angren shahar,1727407,1727407041.0,11021.8548209169,4026522.223553974,kok terak mfy,,,,,,
8908,Farg'ona viloyati,Qorako'rpa MFY,1730,Dang'ara tumani,1730236,1730236016.0,32875.1245666661,22640942.79246392,qorakorpa mfy,,,,,,
8917,Farg'ona viloyati,Shodlik MFY,1730,Dang'ara tumani,1730236,1730236013.0,19318.2667604496,15320660.955984743,shodlik mfy,,,,,,
8927,Farg'ona viloyati,Yangizamon MFY,1730,Dang'ara tumani,1730236,1730236036.0,12865.1267545687,4134179.3192376248,yangizamon mfy,,,,,,
8963,Namangan viloyati,Yuqor MFY,1714,Chust tumani,1714237,1714237040.0,37763.097248432,44920223.2813123,yuqor mfy,,,,,,
8972,Namangan viloyati,Mo'nchoqtepa MFY,1714,Chust tumani,1714237,1714237032.0,14261.0126726146,9867336.548220191,monchoqtepa mfy,,,,,,
8973,Namangan viloyati,Damobod MFY,1714,Chust tumani,1714237,1714237004.0,34679.3229253131,47286459.4136643,damobod mfy,,,,,,
8982,Namangan viloyati,Qyirma MFY,1714,Chust tumani,1714237,1714237051.0,37993.9344149395,29678639.09585431,qyirma mfy,,,,,,
8985,Namangan viloyati,Yangihayot MFY,1714,Chust tumani,1714237,1714237042.0,13897.2589268025,6777368.118364065,yangihayot mfy,,,,,,
8990,Namangan viloyati,Боло МФЙ,1714,Chust tumani,1714237,1714237002.0,27744.4761996833,18385153.406251907,боло мфй,,,,,,
8993,Namangan viloyati,Гузар,1714,Chust tumani,1714237,1714237026.0,22766.3347115431,22686102.267186537,гузар,,,,,,
9059,Namangan viloyati,Qatog'on MFY,1714,Turaqurgon tumani,1714224,1714224064.0,18167.8405587369,7378626.463549207,qatogon mfy,,,,,,
9064,Namangan viloyati,O'rta qishloq MFY,1714,Turaqurgon tumani,1714224,1714224055.0,4941.2510367703,906459.5096256284,orta qishloq mfy,,,,,,
9069,Namangan viloyati,Shaxidon MFY,1714,Turaqurgon tumani,1714224,1714224046.0,8403.0981022107,2047293.9963371835,shahidon mfy,,,,,,
9070,Namangan viloyati,Yangixayot MFY,1714,Turaqurgon tumani,1714224,1714224007.0,12647.6704900084,5108235.586422607,yangihayot mfy,,,,,,
9078,Namangan viloyati,Yakkatom MFY,1714,Turaqurgon tumani,1714224,1714224013.0,8981.6918182031,3031978.3272102783,yakkatom mfy,,,,,,
9093,Namangan viloyati,Mustaqillikni 20 yilligi MFY,1714,Norin tumani,1714216,1714216019.0,26724.6589484053,10786973.83810832,mustaqillikni 20 yilligi mfy,,,,,,
9099,Namangan viloyati,Rovod MFY,1714,Norin tumani,1714216,1714216030.0,18549.6587847859,5875329.009108552,rovod mfy,,,,,,
9132,Namangan viloyati,Soybo'yi MFY,1714,Norin tumani,1714216,1714216043.0,10149.8772265845,2846913.266542467,soyboyi mfy,,,,,,
9171,Namangan viloyati,Uzunko'cha MFY,1714,Chortoq tumani,1714236,1714236031.0,10115.7501674812,1577505.9324442565,uzunkocha mfy,,,,,,
9182,Namangan viloyati,Navro'z MFY,1714,Chortoq tumani,1714236,1714236025.0,6968.9483945354,1052218.8012706635,navroz mfy,,,,,,
9201,Namangan viloyati,Chortoq MFY,1714,Pop tumani,1714219,1714219057.0,15965.5122144368,7338155.909531884,chortoq mfy,,,,,,
9206,Namangan viloyati,Yangier MFY,1714,Pop tumani,1714219,1714219040.0,65083.4791324648,105508738.6870029,yangier mfy,,,,,,
9210,Namangan viloyati,Bog' kucha  MFY,1714,Pop tumani,1714219,1714219044.0,5829.6543036962,909566.2649056864,bog kucha mfy,,,,,,
9215,Namangan viloyati,Vodiy MFY,1714,Pop tumani,1714219,1714219023.0,28912.0868280757,24475537.18303164,vodiy mfy,,,,,,
9217,Namangan viloyati,Ipakyo`li MFY,1714,Pop tumani,1714219,1714219004.0,4749.6199087507,802551.5030744066,ipakyoli mfy,,,,,,
9230,Namangan viloyati,Temiryo`l MFY,1714,Pop tumani,1714219,1714219055.0,24784.1305240756,22909212.260974605,temiryol mfy,,,,,,
9269,Namangan viloyati,Muqumiy MFY,1714,Pop tumani,1714219,1714219048.0,9382.6505451053,3213121.697046033,muqumiy mfy,,,,,,
9271,Namangan viloyati,Orom MFY,1714,Pop tumani,1714219,1714219061.0,21053.8052067634,18193494.524371028,orom mfy,,,,,,
9272,Namangan viloyati,AlisherNavoiy MFY,1714,Pop tumani,1714219,1714219002.0,5257.9519030953,836643.1643123718,alishernavoiy mfy,,,,,,
9276,Namangan viloyati,Navro`z MFY,1714,Pop tumani,1714219,1714219029.0,21507.2044937063,22201391.18999936,navroz mfy,,,,,,
9296,Namangan viloyati,Navruz MFY,1714,Uchqurgon tumani,1714234,1714234007.0,12408.0428026412,4248141.945324442,navruz mfy,,,,,,
9304,Namangan viloyati,Yangier MFY,1714,Uchqurgon tumani,1714234,1714234033.0,26601.3392229459,18293668.7543534,yangier mfy,,,,,,
9331,Namangan viloyati,Yorqinhayot MFY,1714,Uchqurgon tumani,1714234,1714234049.0,5984.1790852043,1310156.6951522871,yorqinhayot mfy,,,,,,
9338,Namangan viloyati,Uzunko'cha MFY,1714,Uchqurgon tumani,1714234,1714234018.0,5520.6110013243,912689.5759433024,uzunkocha mfy,,,,,,
9339,Namangan viloyati,Bog'ko'cha MFY,1714,Uchqurgon tumani,1714234,1714234056.0,9998.427638612,4112626.8384532575,bogkocha mfy,,,,,,
9340,Namangan viloyati,Yangi-xayot MFY,1714,Uchqurgon tumani,1714234,1714234063.0,7892.4270175863,3106674.094299153,yangihayot mfy,,,,,,
9365,Toshkent viloyati,Ubayt MFY,1727,Ohangaron tumani,1727212,1727212008.0,134666.0420666613,238336779.0504305,ubayt mfy,,,,,,
9373,Toshkent viloyati,Achchisay MFY,1727,Boʻstonliq tumani,1727224,1727224008.0,37716.9916589228,44299855.38623359,achchisay mfy,,,,,,
9376,Toshkent viloyati,Qoraboy MFY,1727,Boʻstonliq tumani,1727224,1727224004.0,9623.04348058,4244703.395240969,qoraboy mfy,,,,,,
9380,Toshkent viloyati,Maʼrifat MFY,1727,Boʻstonliq tumani,1727224,1727224059.0,5572.4614892549,1608507.587085079,maʼrifat mfy,,,,,,
9389,Toshkent viloyati,Xoʻjaobod MFY,1727,Boʻstonliq tumani,1727224,1727224005.0,18994.5420585959,14206311.864427168,hojaobod mfy,,,,,,
9395,Toshkent viloyati,Yangi qoʻrgʻon MFY,1727,Boʻstonliq tumani,1727224,1727224049.0,45343.7356673741,107454028.64398548,yangi qorgon mfy,,,,,,
9407,Toshkent viloyati,Qoramanas MFY,1727,Boʻstonliq tumani,1727224,1727224003.0,85541.750515329,142860803.51881656,qoramanas mfy,,,,,,
9419,Toshkent viloyati,Novobod MFY,1727,Boʻstonliq tumani,1727224,1727224048.0,39822.0075790166,67495011.43561806,novobod mfy,,,,,,
9430,Toshkent viloyati,Qoʻshkoʻrgʻon MFY,1727,Boʻstonliq tumani,1727224,1727224006.0,69172.0766995543,92055198.30143929,qoshkorgon mfy,,,,,,
9439,Qoraqolpog'iston Respublikasi,Navro‘z MFY,1735,Shumanay tumani,1735243,1735243011.0,8462.9638483677,2729695.330311856,navroz mfy,,,,,,
9440,Qoraqolpog'iston Respublikasi,Tozabozor MFY,1735,Shumanay tumani,1735243,1735243013.0,11358.9859029107,3496455.721521603,tozabozor mfy,,,,,,
9445,Qoraqolpog'iston Respublikasi,Gulobod MFY,1735,Qo'ng'irot tumani,1735215,1735215003.0,4549.5102816119,797562.3585006143,gulobod mfy,,,,,,
9446,Qoraqolpog'iston Respublikasi,Bo‘ston MFY,1735,Qo'ng'irot tumani,1735215,1735215031.0,6417.1772153153,1391105.9734487222,boston mfy,,,,,,
9447,Qoraqolpog'iston Respublikasi,Turon MFY,1735,Qo'ng'irot tumani,1735215,1735215032.0,5434.0793924616,1184338.654623248,turon mfy,,,,,,
9449,Qoraqolpog'iston Respublikasi,Navoiy MFY,1735,Qo'ng'irot tumani,1735215,1735215038.0,3515.921230321,613088.2116708428,navoiy mfy,,,,,,
9451,Qoraqolpog'iston Respublikasi,Berdaq MFY,1735,Qo'ng'irot tumani,1735215,1735215013.0,8386.1867453086,2099290.073635408,berdaq mfy,,,,,,
9455,Qoraqolpog'iston Respublikasi,Qаngli OFY,1735,Qo'ng'irot tumani,1735215,1735215016.0,64079.71315966,110752988.4568067,qаngli ofy,,,,,,
9457,Qoraqolpog'iston Respublikasi,Hakim ota MFY,1735,Qo'ng'irot tumani,1735215,1735215024.0,8093.2747975115,2650397.045075312,hakim ota mfy,,,,,,
9461,Qoraqolpog'iston Respublikasi,Кiet OFY,1735,Qo'ng'irot tumani,1735215,1735215008.0,37401.2871721873,52202835.969567895,кiet ofy,,,,,,
9462,Qoraqolpog'iston Respublikasi,Olmazor MFY,1735,Qo'ng'irot tumani,1735215,1735215001.0,10634.3939716021,6314241.748170665,olmazor mfy,,,,,,
9463,Qoraqolpog'iston Respublikasi,Qoratol MFY,1735,Qo'ng'irot tumani,1735215,1735215023.0,12612.3037164374,5821411.603050143,qoratol mfy,,,,,,
9465,Qoraqolpog'iston Respublikasi,Ozodlik MFY,1735,Qo'ng'irot tumani,1735215,1735215034.0,6671.8047377649,1830648.9848279625,ozodlik mfy,,,,,,
9466,Qoraqolpog'iston Respublikasi,Adabiyot OFY,1735,Qo'ng'irot tumani,1735215,1735215006.0,69462.7585048269,113616334.96342674,adabiyot ofy,,,,,,
9468,Qoraqolpog'iston Respublikasi,Qo‘ng‘irot OFY,1735,Qo'ng'irot tumani,1735215,1735215017.0,50192.3735674551,82663659.24036162,qongirot ofy,,,,,,
9470,Qoraqolpog'iston Respublikasi,Mehnatobod OFY,1735,Qo'ng'irot tumani,1735215,1735215027.0,84533.888630694,145966452.51814243,mehnatobod ofy,,,,,,
9471,Qoraqolpog'iston Respublikasi,Rаvshаn OFY,1735,Qo'ng'irot tumani,1735215,1735215025.0,132829.0297434356,484323060.20587534,rаvshаn ofy,,,,,,
9472,Qoraqolpog'iston Respublikasi,Suyеnli OFY,1735,Qo'ng'irot tumani,1735215,1735215039.0,75061.4437279312,231139952.39246228,suyеnli ofy,,,,,,
9479,Qoraqolpog'iston Respublikasi,O'rnek OFY,1735,Qo'ng'irot tumani,1735215,1735215009.0,29643.2053951874,35626068.59089974,ornek ofy,,,,,,
9483,Qoraqolpog'iston Respublikasi,Elobod SHFY,1735,Qo'ng'irot tumani,1735215,1735215019.0,6326.7400311165,1971130.9079661088,elobod shfy,,,,,,
9490,Qoraqolpog'iston Respublikasi,Altınkól OFY,1735,Qonliko‘l tumani,1735218,1735218010.0,98487.2669910846,224988362.8539793,altınkól ofy,,,,,,
9492,Qoraqolpog'iston Respublikasi,Madеniyat MFY,1735,Qonliko‘l tumani,1735218,1735218006.0,14326.9254969078,7144833.675363934,madеniyat mfy,,,,,,
9499,Qoraqolpog'iston Respublikasi,Bo'zatov SHFY,1735,Bo'zatov tumani,1735209,1735209001.0,18741.5532646469,9921811.779883772,bozatov shfy,,,,,,
9509,Jizzax viloyati,Cho'liguluston MFY,1708,Zafarobod tumani,1708225,1708225004.0,26219.9784174746,29499250.017682765,choliguluston mfy,,,,,,
9510,Jizzax viloyati,G'ofur G'ulom MFY,1708,Do'stlik tumani,1708215,1708215007.0,7267.6411158979,1947462.423099944,gofur gulom mfy,,,,,,
9514,Jizzax viloyati,Sartepa MFY,1708,Do'stlik tumani,1708215,1708215008.0,46172.9770810657,99990209.34786469,sartepa mfy,,,,,,
9516,Jizzax viloyati,A.Navioiy MFY,1708,Do'stlik tumani,1708215,1708215001.0,6380.895525113,2509352.46436976,anavioiy mfy,,,,,,
9536,Jizzax viloyati,Jiydali QFY,1708,G'allaorol tumani,1708209,1708209016.0,81397.8328307029,172874893.96258274,jiydali qfy,,,,,,
9547,Jizzax viloyati,Gʻubdin QFY,1708,G'allaorol tumani,1708209,1708209002.0,156073.0868756811,429613437.75499165,gubdin qfy,,,,,,
9550,Jizzax viloyati,Tozaurugʻ QFY,1708,G'allaorol tumani,1708209,1708209014.0,43366.9991862887,62135762.26446097,tozaurug qfy,,,,,,
9552,Jizzax viloyati,Sarbazor MFY,1708,G'allaorol tumani,1708209,1708209013.0,14958.8117214727,9272907.336940818,sarbazor mfy,,,,,,
9554,Jizzax viloyati,Ko'kgunbaz MFY,1708,G'allaorol tumani,1708209,1708209025.0,67442.7847858618,113530056.81157784,kokgunbaz mfy,,,,,,
9556,Jizzax viloyati,Guliston QFY,1708,G'allaorol tumani,1708209,1708209010.0,40163.7864999694,46458260.94096471,guliston qfy,,,,,,
9561,Jizzax viloyati,Madaniyat QFY,1708,G'allaorol tumani,1708209,1708209027.0,65401.4566757974,88208907.75732644,madaniyat qfy,,,,,,
9568,Jizzax viloyati,Buloqboshi QFY,1708,G'allaorol tumani,1708209,1708209008.0,40605.5969849639,30677320.348796748,buloqboshi qfy,,,,,,
9588,Sirdaryo viloyati,Mustakillik 25 yilligi MFY,1724,Xovos tumani,1724235,1724235011.0,35820.9973641489,41618379.729639545,mustakillik 25 yilligi mfy,,,,,,
9592,Sirdaryo viloyati,Bunyodkor (Chamanzor) MFY,1724,Xovos tumani,1724235,1724235005.0,13336.1511512765,3689581.6081457785,bunyodkor chamanzor mfy,,,,,,
9595,Sirdaryo viloyati,Yetti guzar (Karvon saroy-2) MFY,1724,Xovos tumani,1724235,1724235023.0,4974.3485315593,1376945.1750670946,yetti guzar karvon saroy2 mfy,,,,,,
9602,Samarqand viloyati,Oqmasjid MFY,1718,Urgut tumani,1718236,1718236022.0,21720.2274119204,18451102.10243356,oqmasjid mfy,,,,,,
9633,Samarqand viloyati,Jo‘robtepa MFY,1718,Urgut tumani,1718236,1718236042.0,17820.5498923525,11731930.06591626,jorobtepa mfy,,,,,,
9635,Samarqand viloyati,Boybo‘l MFY,1718,Urgut tumani,1718236,1718236061.0,13900.5785477613,6187394.766478946,boybol mfy,,,,,,
9638,Samarqand viloyati,Mo‘g‘ol MFY,1718,Urgut tumani,1718236,1718236075.0,17369.6021196655,8678064.395058429,mogol mfy,,,,,,
9646,Samarqand viloyati,Qоrabuloq MFY,1718,Urgut tumani,1718236,1718236044.0,58639.113519839,59143256.52100557,qоrabuloq mfy,,,,,,
9688,Samarqand viloyati,G‘ishtmasjid MFY,1718,Urgut tumani,1718236,1718236006.0,19312.8242223803,12756355.091371464,gishtmasjid mfy,,,,,,
9696,Samarqand viloyati,Chorсhinor MFY,1718,Urgut tumani,1718236,1718236114.0,30194.9688830698,31493984.83641992,chorсhinor mfy,,,,,,
9697,Samarqand viloyati,Xoja Ahror Valiy MFY,1718,Urgut tumani,1718236,1718236014.0,29941.4570877932,27669985.88857731,hoja ahror valiy mfy,,,,,,
9723,Qashqadaryo viloyati,Jonboʻzsoy MFY,1710,Qamashi tumani,1710220,1710220037.0,43026.7035620638,31293842.27250118,jonbozsoy mfy,,,,,,
9732,Qashqadaryo viloyati,Ko'kbuloq MFY,1710,Qamashi tumani,1710220,1710220026.0,33653.1655616405,44010283.64985386,kokbuloq mfy,,,,,,
9739,Qashqadaryo viloyati,Sarbozor MFY,1710,Qamashi tumani,1710220,1710220003.0,36302.5682581464,34733214.24384231,sarbozor mfy,,,,,,
9741,Qashqadaryo viloyati,G'ishli MFY,1710,Qamashi tumani,1710220,1710220046.0,42187.5378583488,43603708.43669591,gishli mfy,,,,,,
9742,Qashqadaryo viloyati,Oqrabod MFY,1710,Qamashi tumani,1710220,1710220018.0,26081.7957704104,13924312.993386269,oqrabod mfy,,,,,,
9743,Qashqadaryo viloyati,Rabod MFY,1710,Qamashi tumani,1710220,1710220009.0,51327.8923321835,73412681.75069533,rabod mfy,,,,,,
9747,Qashqadaryo viloyati,Savsantepa MFY,1710,Qamashi tumani,1710220,1710220014.0,42507.2313866771,77995017.48176092,savsantepa mfy,,,,,,
9758,Qashqadaryo viloyati,Dovut MFY,1710,Qamashi tumani,1710220,1710220059.0,47618.4267041869,111290133.74424662,dovut mfy,,,,,,
9759,Qashqadaryo viloyati,Bogʻobod MFY,1710,Qamashi tumani,1710220,1710220044.0,381870.6231707322,1812944209.5989249,bogobod mfy,,,,,,
9765,Qashqadaryo viloyati,Ibn-Sino MFY,1710,Qamashi tumani,1710220,1710220057.0,9569.9007639303,3514019.03538742,ibnsino mfy,,,,,,
9771,Qashqadaryo viloyati,Nurli yo‘l (Sarkash)MFY,1710,Qamashi tumani,1710220,1710220049.0,36699.783162939,32269946.62086417,nurli yol sarkashmfy,,,,,,
9778,Qashqadaryo viloyati,Yangi Avlod MFY,1710,Qamashi tumani,1710220,1710220061.0,5677.8652170521,1702543.2475872512,yangi avlod mfy,,,,,,
9780,Qashqadaryo viloyati,Eski Anxor MFY,1710,Koʻkdala tuman,1710240,1710240032.0,38010.4622643507,36089728.69052228,eski anhor mfy,,,,,,
9787,Qashqadaryo viloyati,Do'slik MFY,1710,Koʻkdala tuman,1710240,1710240037.0,34383.1361941546,19634534.73524244,doslik mfy,,,,,,
9796,Qashqadaryo viloyati,Yangi O'zbekiston MFY,1710,Koʻkdala tuman,1710240,1710240041.0,55146.8311003817,28822502.812752392,yangi ozbekiston mfy,,,,,,
9809,Qashqadaryo viloyati,Toʻqmor MFY,1710,Koʻkdala tuman,1710240,1710240020.0,21491.2026056501,18255421.885739643,toqmor mfy,,,,,,
9816,Qashqadaryo viloyati,Istiqlol MFY,1710,Koʻkdala tuman,1710240,1710240038.0,16052.6632338067,8796133.967343075,istiqlol mfy,,,,,,
9817,Qashqadaryo viloyati,Buniyodkor MFY,1710,Koʻkdala tuman,1710240,1710240039.0,26913.6782717916,25301909.166142885,buniyodkor mfy,,,,,,
9818,Qashqadaryo viloyati,Karvon yoʻli MFY,1710,Koʻkdala tuman,1710240,1710240040.0,25605.8514857628,19127589.520345416,karvon yoli mfy,,,,,,
9940,Qashqadaryo viloyati,Tukboy MFY,1710,Yakkabog tumani,1710250,1710250008.0,28581.2764867432,18704934.94219519,tukboy mfy,,,,,,
