tin,name,countryside_id,sector,district_id
202935253,MADENIYAT,324,4,1735243
202673485,YANGIOBOD,3629,3,1714224
202675997,PORLOQ,3625,3,1714224
202678114,BAXT,3614,3,1714224
202704556,GULISTON,3615,3,1714224
202673343,YORTEPA,3616,3,1714224
202681849,KICHIK QOʻRGʻONCHA,3618,3,1714224
202676085,KUJRON,3619,3,1714224
202675980,KUYMOZOR,3620,3,1714224
202676046,OLCHIN,3642,4,1714224
202673422,SAROY,3643,4,1714224
202675941,BOGʻISHAMOL,3631,4,1714224
202675934,DUKAT,3634,4,1714224
202675894,SHOVON,3650,4,1714224
202675926,OʻRTAQISHLOQ,3648,4,1714224
202673328,OʻZBEKISTON,3647,4,1714224
202675919,TEMIRQISHLOQ,3645,4,1714224
202676039,MAJNUNTOL,3640,4,1714224
205167305,ILGALDI,8435,4,1733212
206985925,IJTIMOIYAT,8646,1,1733230
204793913,SHIRIN,2558,3,1710233
202673224,BAHORISTON,2549,3,1710233
207001390,GULOBOD,2550,3,1710233
206164166,TINCHLIK,2553,3,1710233
205598354,ISTIQLOL,2564,4,1710233
200701775,GULISTON,2563,4,1710233
203103630,SHODLIK,2567,4,1710233
207187270,YAHGI XAYOT,2839,1,1710250
200710804,CHAYDARI,2837,1,1710250
206850484,PAXTAKOR,2833,1,1710250
202668284,OBOD,2832,1,1710250
202668300,JIYDA,2829,1,1710250
203038839,SOVUQBULOQ,2850,2,1710250
305062078,FAROVONLIK,2852,2,1710250
203039970,XOʻJAILGʻOR,2853,2,1710250
203023651,CHIMQOʻRGʻON,2847,2,1710250
207180771,ISTIQLOL,2846,2,1710250
202668221,JAMBUL,2844,2,1710250
202922776,SAXOVAT,5932,1,1724206
304965624,XOʻJA,6294,1,1727224
304965268,BOYTERAK,6293,1,1727224
303199708,QORABOY,6292,1,1727224
303365778,GULOBOD,6290,1,1727224
202941999,DAXANA,6298,1,1727224
303485139,S.RAXIMOV,6307,2,1727224
303209391,XOʻJAKENT,6308,2,1727224
303210528,XUMSON,6311,2,1727224
202997969,BOʻSTON,6313,2,1727224
303267733,KICHIKSOY,6302,2,1727224
303209660,TOVOQSOY,6318,3,1727224
303187793,TOLEBI,6320,3,1727224
303187801,BUNYODKOR,6321,3,1727224
207187381,MAST,8428,3,1733212
207181328,AYRONKOʻL,8427,3,1733212
207187739,YOVGʻUR,8426,3,1733212
207108351,MADANIYAT,8423,3,1733212
204785273,YANGILIK,8420,3,1733212
207240712,AMIRQUM,8431,4,1733212
207250344,BEKOBOD,8443,4,1733212
207189158,DOʻSTLIK,8442,4,1733212
206818474,BOGʻZOR,8440,4,1733212
207187058,YOSHLIK,8439,4,1733212
205319842,BOʻRLOQ,8432,4,1733212
303910179,CHORSHANBA,2724,2,1710242
302778074,MAʻNAVIYAT,5962,2,1724212
202890264,IJODKOR,5961,2,1724212
202832532,OʻRTA CHARXIN,4569,2,1718227
202832793,CHORTUT,4572,2,1718227
202832524,SHOMBULOQ,4573,2,1718227
203122172,BESHBOLA,4549,2,1718227
202832595,GULAKANDOZ,4550,2,1718227
204882572,YANGI AVLOD,4600,3,1718227
202832643,OLMAZOR,4590,3,1718227
206007652,BOBUR,4576,3,1718227
202832453,GALATUT,4577,3,1718227
202832421,GUMBAZ,4579,3,1718227
202832667,OQ MANGʻIT,4589,3,1718227
203091309,QOʻSHRABOT,4377,3,1718216
203091119,QOʻRALOS,10657,4,1718216
203411328,BOYPOʻRISHLI,10651,4,1718216
203313464,BOSHCHOʻROSH,4457,1,1718224
202956171,OQTOSH,4465,1,1718224
203564350,CHUVALANCHI,7411,3,1730209
203564335,QAXAT,7413,3,1730209
200158944,ZAFAROBOD,7435,4,1730209
203564367,OʻZBEKISTON,7425,4,1730209
202872024,CHINIGARON,7681,1,1730224
202706656,NISBAT,10307,4,1718215
202702986,SEBUSTON,4351,4,1718215
202724040,GʻARB MACHIT,5163,1,1718406
202724033,CHORDARA,5172,1,1718406
305256943,BARKAMOL AVLOD,2582,2,1710234
202773599,TINCHLIK,7083,4,1727404
202773622,OLMALIQOVUL,7085,4,1727404
202773804,KAMALAK,7089,4,1727404
202912488,SAYHUN,7148,1,1727413
202903094,BIRDAMLIK,7153,2,1727413
202915293,SIRDARYO,7159,2,1727413
207191917,NUROBOD,6685,3,1727249
205599456,MARKAZIY,6700,4,1727249
207142858,GULISTON,6701,4,1727249
207146718,CHIMQOʻRGʻON,6720,1,1727250
202926826,MOʻMINOBOD,10464,2,1727250
202934974,NAVOIY,6726,3,1727250
207147684,ZOMINOVUL ,6731,3,1727250
203841884,KOʻRPASOY,2028,4,1708212
202863351,Gʻ.GʻULOM,2049,1,1708218
202863336,XALQOBOD,2055,1,1708218
202873047,BESHKUBI,2057,2,1708218
202770018,BESHKAPA,3391,1,1714212
202770215,URGANJI,3403,1,1714212
202770151,QIRGʻIZQOʻRGʻON,3396,1,1714212
202770380,QORAKOʻL,3397,1,1714212
202770247,XONOBOD,3418,2,1714212
202770365,YANGIYOʻL,3419,2,1714212
202770072,NAʻMUNA,3413,2,1714212
202770064,QOʻSHCHINOR,3410,2,1714212
202770397,QORATEPA,3408,2,1714212
202770509,YASHNAOBOD,3407,2,1714212
202770484,GʻAYRAT,3420,3,1714212
202770334,ESHOBOD,3430,3,1714212
202770286,SHERBULOQ,3427,4,1714367
202770279,SHAMSIKOʻL,3426,3,1714212
202770491,QURAMA,3424,3,1714212
202770476,QUMQOʻRGʻON,3423,3,1714212
202770136,KAYKOVUS,3421,3,1714212
202919374,NOVQA,1935,1,1708204
202927437,MUSTAQILLIK,1934,1,1708204
202924307,MOʻGʻOL,1933,1,1708204
206839986,GʻALLAKON,1932,1,1708204
205010739,KOʻNAZEY,8403,1,1733212
207185883,OLTIN VOHA,8410,2,1733212
202948782,ABU ABDULLO RUDAKIY,9430,4,1718401
202890478,USMON YUSUPOV,5975,3,1724212
202890525,YANGI BOʻSTON,5976,3,1724212
202890295,MADANIYAT,5971,3,1724212
202890493,A.TEMUR,5967,3,1724212
202890501,S.AYNIY,5973,3,1724212
202890422,OLMAZOR,5981,4,1724212
202905321,NURLI YOʻL,5985,1,1724216
202905234,FAROVON,5988,1,1724216
202905163,NUROBOD,5990,2,1724216
202905345,PAXTAOBOD,5992,2,1724216
202905424,PAXTAKON,5995,3,1724216
202905069,SHODLIK,5998,3,1724216
202905377,SINTOB,5996,3,1724216
202905109,OʻRIKZOR,6001,4,1724216
202905076,GULISTON,5999,4,1724216
309511948,ZAFAROBOD,2275,3,1710212
202838373,YUKSALISH,9726,1,1714365
202577690,DAVLATOBOD,9710,3,1714365
202770112,IRVADON,3976,2,1714365
202770358,YUQORI ROVUSTON,9728,2,1714365
201931402,TOʻQUVCHI,9719,2,1714365
202650965,MAʻNAVIYAT,9767,2,1714367
202823504,GULISTON,9750,2,1714367
203045807,JAYCHI,2843,2,1710250
305061862,CHINOBOD,2869,3,1710250
302870697,GULISTON,2855,3,1710250
205856895,XOʻJAKI,2682,4,1710237
207236454,CHUQURQISHLOQ,2304,1,1710220
201575821,CHIM,2303,1,1710220
203317324,UZUN,2302,1,1710220
207168279,SARBAZOR,2301,1,1710220
201575727,RAVOT,2299,1,1710220
203216933,PAXTAOBOD,2298,1,1710220
203370300,QUSHKAPA,2295,1,1710220
203291519,BOBURTEPA,2291,1,1710220
203204473,QISHLIQ,2297,1,1710220
203291541,QOVCHIN,2311,2,1710220
203291526,QIZILQISHLOQ,2310,2,1710220
201575781,TOʻQBOY,2315,2,1710220
206935155,BOYBURI,2308,2,1710220
206743054,SAMARQAND,2314,2,1710220
207204716,QORASUV,2313,2,1710220
206433281,OʻRTADARA,2329,3,1710220
203295662,MAYDA,2325,3,1710220
203295694,GʻISHTLI,2320,3,1710220
202678558,CHOʻLOBOD,6379,4,1727228
306523278,YANGI OBOD,9613,1,1727401
306239124,YOSHLIK ,9614,1,1727401
207059682,DEHQONOBOD,9603,1,1727401
306232102,DEGANTEPA ,9600,1,1727401
207127621,QUMARIQ,7034,2,1727401
202849827,NAVROʻZ,7035,2,1727401
201549536,MUQUMIY,7037,2,1727401
202891784,TOʻYTEPA,9628,2,1727401
207104634,CHIGʻIRIQ,7041,3,1727401
306259337,TARRAQIYOT,9648,3,1727401
202899741,BOBUR,9653,4,1727401
203158658,OBOD,9655,4,1727401
203119816,EVALAK,9660,4,1727401
202767502,MAXMUDXOʻJA BEHBUDIY,7056,1,1727404
202767479,SAXOVAT,7049,1,1727404
202773829,MIRZO ULUGʻBEK,7048,1,1727404
202773772,BOʻSTON,7061,2,1727404
202767494,OYDIN,7063,2,1727404
202773868,KIMYOGAR,7058,2,1727404
207185567,NAVBAXOR,6487,4,1727237
202893505,ITTIFOQ,6554,3,1727239
202916782,ISTIQLOL,6556,3,1727239
202921833,TIMOFEY GRIGOREVICH XVAN,6550,3,1727239
202893465,NAVROʻZ,6564,4,1727239
204956621,BALIQCHI,6561,4,1727239
202923521,BIRLIK,6560,4,1727239
202923506,YOSHLIK,6558,4,1727239
204764093,NOVDAK ,6668,1,1727249
207153306,YANGIOBOD,6665,1,1727249
207142343,SHAMPAN,6655,1,1727249
202938368,BOʻRSILIQ,6663,1,1727249
207154644,CHINORLI ,6662,1,1727249
204764140,ULUGʻBEK,6660,1,1727249
207154755,CHASHMA,6659,1,1727249
202938264,NAVROʻZ,6673,1,1727249
202938375,BULOQBOSHI,6672,1,1727249
304663407,YASHNOBOD,6676,2,1727249
202938289,GULBOGʻ,6680,2,1727249
202938272,SURXI,6679,2,1727249
207142564,QAYILMA,6675,2,1727249
202386724,ATANGAN GUZAR,9747,4,1714367
202132066,ISHONCH,9748,4,1714367
202777141,GʻUNCHA,9753,2,1714401
202707813,IFTIXOR,3506,1,1714219
207225895,DEHQONOBOD,8321,2,1733204
207225911,OʻZGARISH,8320,2,1733204
207226435,NAYMAN,8323,3,1733204
207226134,OQ OLTIN,8322,3,1733204
207226467,NAVROʻZ,8330,3,1733204
205245342,NURAFSHON,8335,4,1733204
207225928,NURLI MASKAN,8340,4,1733204
207227552,SOHIBKOR,8338,4,1733204
205245359,GULSHAN,8341,4,1733204
206628426,KARVAK,8511,1,1733220
205549454,GʻOFUR GʻULOM,8510,1,1733220
204356774,ALOQALI KOʻL,8505,1,1733220
305569481,QIRTEPA,9817,1,1733220
305523864,YUQORI-SHOVAT,9823,1,1733220
204354270,BOGʻIERAM,8533,2,1733220
202948711,SUGʻDIYONA,10359,3,1718401
202952906,ISTIQLOL,10591,3,1718401
202914080,TEPAGUZAR,9107,1,1726280
202887528,HAZRATI IMOM,10773,2,1726280
202921359,CHILTOʻGʻON,9123,2,1726280
202908894,GʻANI AʻZAMOV,9127,2,1726280
202850985,GULSAROY,9133,2,1726280
202895035,KATTA YALANGʻOCHOTA,9006,4,1726269
202586712,DONISHMAND,9288,1,1726290
202586704,YANGI NUR,9296,1,1726290
202694214,GULSANAM,8964,1,1726269
202650063,SADIY SHEROZIY,5712,4,1722217
202649972,NURBULOQ,5711,4,1722217
202650055,M.ULUG'BEK,5709,4,1722217
202649957,BUYUK KELAJAK,5706,4,1722217
202650070,AYROPORT,5705,4,1722217
202650024,SHAXRIOBOD,10525,4,1722217
202286444,AFSONA,600,3,1703206
202286064,ISLOMOBOD,597,3,1703206
202286524,SHOʻR,629,4,1703206
206985839,FAROVON,627,4,1703206
202286555,TOʻDA,624,4,1703206
202286469,OMONARIQ,621,4,1703206
202286509,NURAFSHON,620,4,1703206
202286548,QIYALI,618,4,1703206
202790104,MAYDON,3233,4,1712251
202790174,LANGAR,3232,4,1712251
305210644,QOʻRGʻONTEPA,3230,4,1712251
203826751,DARDOQTEPA,925,3,1703220
203819830,TURON ZAMIN,943,3,1703220
203819926,TOʻRACHEK,942,3,1703220
203819862,SUTKON,941,3,1703220
203819941,DOʻSTLIK,927,3,1703220
203819919,OZOD,939,3,1703220
203819886,NAMUNA,936,3,1703220
200277100,USTOZ,953,4,1703220
200277124,NURLI YOGʻDU,951,4,1703220
205553854,MUSTAQILLIK,10745,2,1703220
200277243,GULISTON,947,4,1703220
204340954,YANGI XAYOT,958,4,1703220
200277149,SHAHRIXONSOY,955,4,1703220
204787373,MARKAZ,1092,1,1703230
203090032,NAYMAN,1093,1,1703230
203099296,POLOSON,1096,1,1703230
203089941,YUZLAR,1102,1,1703230
206112333,SHOKIRBOY,1101,1,1703230
205950369,SHAYDO,1100,1,1703230
203103504,ANDAJON,1083,1,1703230
202832722,QOʻQONI,4557,2,1718227
202832983,ALISHER NAVOIY,4547,2,1718227
202693722,BIRLIK,9436,4,1718401
202832549,QOʻSH CHINOR,4558,2,1718227
202832739,MADANIY YURISH,4559,2,1718227
202832801,MIRZATUT,4560,2,1718227
202832778,NAYMAN,4561,2,1718227
202832754,TURKMAN,4565,2,1718227
202832975,TURON,4566,2,1718227
202832682,SINCHI,4568,2,1718227
203882043,SHAKARQAMISH,5238,3,1722201
207326604,YANGI HAYOT,10979,1,1726292
207326628,MARHAMAT,10983,3,1726292
207326595,YANGI TURMUSH,10984,3,1726292
202501406,EKRAZ,5239,3,1722201
202511630,DOʻGʻOBA,5223,3,1722201
204029895,NURAFSHON,5224,3,1722201
202712451,IPOQ,5226,3,1722201
202712468,MARMUN,5227,3,1722201
202712490,UZUMZOR,5235,3,1722201
204031404,OBSHIR,5230,3,1722201
202493339,OLMAZOR,5232,3,1722201
202491641,YAKKATUT,5240,3,1722201
202694981,QUMPAYKAL,5246,4,1722201
203954317,OBOD VAXSHIVOR,5243,4,1722201
202712547,ZARDAQUL,5244,4,1722201
203531154,QOʻSHARCHA,5247,4,1722201
202504805,CHINOR,5250,4,1722201
207310861,SOHIBKOR,10756,4,1722201
202649728,SHABNAM,5672,1,1722217
202709217,DASHTIGʻOZ,5291,1,1722204
202671314,DUOBA,5293,1,1722204
203671338,INKABOD,5294,1,1722204
202671401,SHIRINOBOD,5307,2,1722204
202671250,BOSHRABOT,5300,2,1722204
202671378,KOʻCHKAK,5302,2,1722204
202671282,AVLOD,5303,2,1722204
205205691,TOʻDA,5305,2,1722204
202659841,DARBAND,5308,3,1722204
202671361,XOʻJABULGʻON,5316,3,1722204
202671418,SAYROB,5312,3,1722204
202671228,MUNCHOQ,5311,3,1722204
203653399,QIZILNAVR,5310,3,1722204
202659858,SHOʻRSOY,5328,4,1722204
202659865,TOGʻCHI,5325,4,1722204
202671307,POYGABOSHI,5324,4,1722204
202671425,KOSIBLAR,5321,4,1722204
202799099,BOYQISHLOQ,5801,1,1722223
202649624,GULOBOD,5660,1,1722217
202948649,TEMIRYOʻLCHILAR,9464,4,1718401
202922966,NAVBAHOR,10953,1,1724401
202708068,CHOSH,10926,1,1722217
202659153,GUMBAZ,3667,2,1714229
202661604,ISTIQLOL,3670,2,1714229
202659114,MIRZAROVOT,3673,2,1714229
202659224,QUMTEPA,3684,3,1714229
202659288,BOʻSTON,3680,3,1714229
202814411,KOʻKBULOQ,1981,4,1708209
200340592,ISTIQLOL,2160,4,1708235
202639074,ITTIFOQ,2181,1,1708401
207015286,BUNYODKOR,2178,1,1708401
202638890,TINCHLIK,10059,2,1708401
202638908,OLMAZOR,10076,3,1708401
202858222,BINOKAR,8896,4,1726292
306630604,YANGI  CHOSHTEPA,9838,1,1726292
303859605,VIQOR,9182,2,1726292
202845594,DOʻSTLIK,9185,2,1726292
304226180,SUGʻDIYONA,9186,3,1726283
202966856,NILUFAR,9190,3,1726283
202971684,QIPCHOQ,9193,3,1726283
305052651,YOSHLIK,6323,3,1727224
303267757,KOʻK TOʻNLI,6324,3,1727224
202926675,ISTIQLOL,6314,3,1727224
305052865,T DADABOYEV,6333,4,1727224
305052596,CHIMGAN,6339,4,1727224
204356750,ISTIQLOL,8536,2,1733220
202911798,M.M.XORAZMIY,6450,2,1727237
202911806,XARAKAT,6449,2,1727237
202911814,QIRGUZAR,6447,2,1727237
202911821,AXILOBOD,6446,2,1727237
207012038,QUMBIZ AWIL,422,4,1735401
206853044,BOʻSTON,6471,3,1727237
204551644,ISTIQLOL,6474,3,1727237
308674904,FAYZLI,6482,4,1726292
202912259,IBRAT,6501,4,1727237
202911924,ALIMBUVA,6495,4,1727237
202911988,BOGʻISHAMOL,6494,4,1727237
202911884,ILGʻOR,6492,4,1727237
207205026,SHODLIK,6491,4,1727237
202911480,MADANIYAT,6489,4,1727237
202715677,OBOD,3641,4,1714224
202707726,ABDULLA QAHHOR,3501,1,1714219
202707765,A.NAVOIY,3502,1,1714219
305644832,OQ MAYDON,9813,2,1733220
202770096,NAVQIRON,3437,4,1714212
202770168,PAST QIYOT,3438,4,1714212
202770175,TEPA QIYOT,3439,4,1714212
202802008,PORLOQ,9718,3,1714365
202770230,OʻRTA ROVUSTON,9722,2,1714365
202770223,OʻRTA GʻIRVON,9721,3,1714365
202514967,XONOBOD,8412,2,1733212
207185868,DURDONA,8411,2,1733212
207187041,ZARBDOR,8413,2,1733212
205327667,QORAMON,8414,2,1733212
204165696,NEZAXOS,8404,2,1733212
202660312,KENAGAS,8408,2,1733212
207108344,IQBOL,8418,3,1733212
202293286,AHMAD YASSAVIY,909,2,1703220
203819783,KOʻNCHILIK,914,2,1703220
202293279,MIRZO ULUGʻBEK,915,2,1703220
206954274,MUSTAQILLIKNING 15 YILLIGI,917,2,1703220
203819808,SOHIBQIRON,919,2,1703220
203826704,NAVOIY,934,3,1703220
202910696,YUQORI,10484,1,1703232
205514861,BOBUR,10493,1,1703232
202855203,GULISTON,4883,4,1718236
202830504,SHODLIK,4882,4,1718236
202830488,BOGʻISHAMOL,4881,4,1718236
202657813,CHORRAHA,4901,4,1718236
202839467,KUMUSHKENT,10297,1,1718203
202842339,PICHOQCHI,4096,1,1718203
202846238,YANGIOBOD,4098,1,1718203
202854480,OQDARYO,4095,1,1718203
202839561,DAHBED,4102,2,1718203
202839450,PAXTAOBOD,4105,2,1718203
207295518,TARAQQIYOT,6,2,1718203
202842274,GALARAVOT,4110,3,1718203
202839578,LOYISH,4111,3,1718203
202839585,OʻZBEKISTON,4115,3,1718203
202854434,YANGIQISHLOQ,4116,3,1718203
202842307,YANGIHAYOT,4118,3,1718203
202842250,A.TEMUR,4108,3,1718203
202860601,TEMIRAK,4125,4,1718203
202839546,AVAZALI,4119,4,1718203
202829566,BOʻDANA,4130,1,1718206
207136928,YANGIQOʻRGʻON,4144,1,1718206
202829756,CHANGAL-1,4142,1,1718206
202578950,XUVAYDO,8102,2,1730401
202578967,MURUVVAT,8103,2,1730401
202578935,KIMYOGAR,8104,2,1730401
202578982,YULDUZ,8115,2,1730401
202821578,38-SOVURBULOQ,8106,2,1730401
206735816,BESHTA,10804,2,1733220
305570790,SHIRIN QUDUQ,9815,2,1733220
305527099,ZEHNLI,9816,2,1733220
202770144,KATTA TOSHBULOQ,3432,4,1714212
202769974,CHORBOGʻ,3442,4,1714212
202769981,KICHIK QURAMA,3433,4,1714212
202770254,IBRAT,10815,4,1714212
202673478,YELXON,3601,1,1714365
202673374,BIRLASHGAN,3600,2,1714224
202670538,IBRAT,3604,2,1714224
203345385,CHANGIR,3207,2,1712251
202740609,MIYONQOL,3202,2,1712251
202740687,YANGIRABOD,3208,2,1712251
202740576,SAROY,3205,2,1712251
202986626,MUSTAQILLIK,3203,2,1712251
204563597,BINOKOR,3210,3,1712251
202740663,JALOYIR,3216,3,1712251
203459038,FIDOKOR,3224,3,1712251
203654326,OLMAZOR,3222,3,1712251
202391268,YANGI XAYOT,5360,3,1722207
202285027,ORIYAT,5355,3,1722207
202349769,NURLI HAYOT,5354,3,1722207
202731136,YOʻLCHI,5352,3,1722207
202273327,YANGI YER,5359,3,1722207
202391236,DARBAND,5351,3,1722207
202310184,YANGI DIYOR,5358,3,1722207
202687032,SHAFFOF,5356,3,1722207
202445325,FAYZIOBOD,5364,4,1722207
202760149,CHEGARACHI,5365,4,1722207
202445333,BOGʻI ERAM,5361,4,1722207
202673897,CHINOR,5761,1,1722221
202666010,OQ OSTONA,5757,1,1722221
202688237,DEHQON,5752,1,1722221
202653953,YANGI KUCH,5777,2,1722221
206947171,YAMGI SHAHAR,5779,2,1722221
202688180,TOMCHI,5773,2,1722221
202821221,OBIZARANG,5771,2,1722221
202688197,MALANDIYON,5769,2,1722221
202660154,GULISTON,5763,2,1722221
202673969,YANGI ROʻZGʻOR,5780,2,1722221
202715337,YANGIOBOD,5794,3,1722221
202673984,FAYZOVA,5791,3,1722221
202688244,FAYZOBOD,5790,3,1722221
202750120,OKMACHIT,5784,3,1722221
201066544,NAVROʻZ,5797,4,1722221
202750105,ERKINLIK,5799,4,1722221
202660107,BOHORISTON,5795,4,1722221
202712389,JILIBULOQ,5202,1,1722201
203480464,SHOXCHA,5208,1,1722201
207100814,XOʻJAYPOK,5207,1,1722201
202712508,YANGIARIQ,5209,1,1722201
203914397,NAVROʻZ,5220,2,1722201
202660684,QALʻAI POYON,3830,1,1714237
202652417,ARIQBOʻYI,3842,2,1714237
202652360,BOZORBOSHI,3845,2,1714237
202851984,BULOQBOSHI,3846,2,1714237
202849067,GʻOVASOY SOHILI,3848,2,1714237
206986354,YETTIQOʻRGʻON,3850,2,1714237
202854290,ZVUTQAND,3851,2,1714237
202854275,KOʻCHA,3852,2,1714237
202654414,QORAKAPA,3853,2,1714237
202676172,MASHHAD,3854,2,1714237
203646335,SARQAMISH-MIRZAOBOD,3857,2,1714237
202849050,TINCHLIK,3858,2,1714237
202652384,TOYMASOBOD,3860,2,1714237
202849043,YUQORI,3863,2,1714237
202664623,SADACHA,3881,3,1714237
202656656,YORQISHLOQ,3870,3,1714237
202669591,BOFANDA,3868,3,1714237
202858318,YOʻTMOS,3884,3,1714237
202660716,QAYIRMA,3873,3,1714237
202782761,MADANIYAT,3219,3,1712251
202782739,QOʻRGʻONCHA,3218,3,1712251
202782778,KORIZ ARAB,3217,3,1712251
203335184,DEHQONOBOD,3214,3,1712251
203639754,BUNYODKOR,3212,3,1712251
203654302,ANGIDON,3227,4,1712251
202790207,UCHQORA,3242,4,1712251
203599727,UYSHUN,3241,4,1712251
202790167,OLTINSOY,3238,4,1712251
203599687,OLTINOBOD,3237,4,1712251
202740591,NAVBAHOR,3235,4,1712251
202286365,GUZAR,566,1,1703206
202910712,MUAZZIMBOY,10490,1,1703232
202910736,Z.XABIBIY,10486,1,1703232
202910704,NAVROʻZ,10481,1,1703232
202910980,TINCHLIK,1168,1,1703232
202911085,TERAKTAGI,1167,1,1703232
202910973,SOXIL BOʻYI,1166,1,1703232
202911078,OVUSHQA,1165,1,1703232
202910965,ANDIJON,1157,1,1703232
205640224,BOʻSTONOBOD,1172,2,1703232
202911189,QAYIR,1176,2,1703232
202911164,NURDIYOR,1181,2,1703232
202911140,TOʻRAOBOD,1184,2,1703232
202911133,FAYZIOBOD,1186,2,1703232
202910919,BODROGʻOBOD,1191,3,1703232
202911268,DOʻNGQISHLOQ,1193,3,1703232
202911244,ZIYOLI,1194,3,1703232
202911283,LOLAZOR,1196,3,1703232
202910886,OLMAZOR,1197,3,1703232
202911229,PUSHMON,1199,3,1703232
203826768,IQTISODCHI,930,3,1703220
203826729,YORTIBOSH,928,3,1703220
202829606,OQTOSH,4140,1,1718206
202829771,NIYOZMAT,4138,1,1718206
202829788,NEBOʻSA,4137,1,1718206
202829534,ISTIQLOL,4135,1,1718206
202829470,BULUNGʻUR,4131,1,1718206
202829463,MEXRJON,4152,2,1718206
202829835,QIRQSHODI,4151,2,1718206
202829795,DEHQONOBOD,4146,2,1718206
202829614,KILDON,4149,2,1718206
202829804,ELOBOD,4157,2,1718206
202829828,SAXOVAT,4156,2,1718206
202829487,DOʻSTLIK,4163,3,1718206
206194905,YANGIARIQ,4171,3,1718206
202829717,MINGTEPA,4166,3,1718206
202829749,OLMAZOR,4168,3,1718206
202829559,FOZIL YO'LDOSH,4169,3,1718206
202829527,GULISTON,4162,3,1718206
202829677,ZARAFSHON,4175,4,1718206
202829621,CHOʻYANTEPA,4184,4,1718206
202832571,MIRZO ULUGʻBEK,4567,2,1718227
202505202,2-OʻRMONCHILAR,8141,4,1730401
203248846,NAVOIY,7265,1,1730203
203247222,QAPCHUGʻAY,7279,1,1730203
203247239,SHARQ,7278,1,1730203
203274070,IBN SINO,7276,1,1730203
203274016,OLMAZOR,7273,1,1730203
200175670,GULISTON,7270,1,1730203
203268584,OBOD,7269,1,1730203
203247246,QUVURBOSHI,7258,1,1730203
203247278,TOSHOBOD,7259,1,1730203
203274031,MUQIMIY,7261,1,1730203
203296503,DOʻSTLIK,7262,1,1730203
203248854,OQ OLTIN,7295,2,1730203
203257273,MIRFOZIL,7292,2,1730203
203257344,CHINORTAGI,7291,2,1730203
203272675,YANGIQOʻRGʻON,7289,2,1730203
203248861,BUGʻDOYCHI,7286,2,1730203
202827688,TURK,7561,1,1730218
202798986,DOʻSTLIK,5843,4,1722223
203158128,GULOBOD,9443,4,1718401
202824502,YUZIYA,7558,1,1730218
200171494,AKBAROBOD,7557,1,1730218
202286208,ZIYOKOR,589,2,1703206
202286215,CHAROGʻON,594,2,1703206
202286129,POLVONKOʻL,591,2,1703206
202286190,O’RMONBEK,590,2,1703206
207226474,OLIMBEK,588,2,1703206
202286183,ZULFIQOR,587,2,1703206
202286151,MUSTAQILLIK,585,2,1703206
202286033,ESKI MARKAZ,610,3,1703206
202286001,OʻRTAQOʻRGʻON,609,3,1703206
202286072,OQQOʻRGʻON,607,3,1703206
205350434,KOʻL,604,3,1703206
202286018,GOʻRAVON,601,3,1703206
202659414,GULISTON,3681,3,1714229
202654840,BOGʻ KOʻCHA,3688,4,1714229
200107929,SOZ-SOY,3781,1,1714236
202687372,OYBARAK,5468,4,1722210
202688047,LOLAZOR,5465,4,1722210
202731208,GULZOR,10049,2,1722215
202705104,YANGI TURMUSH,5654,4,1722215
202695030,QISHLOQOZON,5650,4,1722215
204769592,CHINOR,9553,1,1722203
300084465,QUDUQSOY,9558,1,1722203
203464475,47-RAYXON,9918,4,1730405
205747026,63-QUDUQLIK,10020,4,1730405
202824454,PAXTAKOR,7572,1,1730218
202824375,QALIN POʻSTIN,7570,1,1730218
202505130,ARSIF,8236,3,1730408
203270741,SOBIRTEPA,7495,1,1730215
203240382,KOʻRKAM,7499,1,1730215
202937979,BOZORBOSHI,3771,1,1714236
202288821,DOʻSTLIK,3775,1,1714236
200107699,SOY,3782,1,1714236
201870123,OʻZBEKISTON,3785,1,1714236
203125778,OQQOʻRGʻONLIK,10080,3,1708401
202638979,XAMZAOBOD,10070,3,1708401
202782248,BOʻSTON,9510,4,1708201
202817770,NAVOIY,3456,1,1714216
202817866,KATTA OʻLMAS,3450,1,1714216
202898671,YASHIK,3464,1,1714216
303823524,BIRDAMLIK,9198,4,1726283
202880807,QOʻSHQOʻRGʻON,9205,4,1726283
202895074,AHILLIK,8975,2,1726269
202694111,OQ QOʻRGʻON,8995,3,1726269
202804882,SHAHRISABZ,8990,3,1726269
202694207,NUR,8987,3,1726269
303824689,YANGI TARNOV,8945,4,1726266
202906669,BODOMZOR,8952,4,1726266
202579055,25-JOʻYDAM,8107,2,1730401
202579031,57-XAMKORLIK,8108,2,1730401
202578904,TABASSUM,8110,2,1730401
202578911,QIRGULI,8113,2,1730401
202539904,14-BAXOR,8118,3,1730401
201039165,5-AXMAD AL FARGʻONIY,10828,3,1730401
202572722,SOXIBKIRON TEMUR,8121,3,1730401
202565294,NAVRUZ,8122,3,1730401
202833641,SHODLIK,8128,3,1730401
202833658,SHARSHARA,8131,3,1730401
202216941,FARGʻONA 9,8133,3,1730401
202624094,30-A.NAVOIY,8138,4,1730401
202466434,SHODIYONA,8139,4,1730401
203429192,GULZOR,8134,4,1730401
202669766,31-OQARIQOBOD,10706,4,1730401
202678953,50-NAFOSAT,8143,4,1730401
202740648,QORACHA,3200,2,1712251
203599742,KATTASOY,3199,2,1712251
203224551,ZARBDOR,3198,2,1712251
202740624,DAMARIQ,3197,2,1712251
203620581,ALISHER NAVOIY,3195,2,1712251
202867869,MUDIN,2419,2,1710229
305220158,ZAMIN,10581,2,1710229
202667935,AVGʻONBOG,2224,2,1710207
202667967,APARDI,2225,2,1710207
202667943,XALQABOD,2230,2,1710207
202657228,QOVCHIN,2238,3,1710207
202354304,SOVLIGʻOR ,2241,3,1710207
200679597,JONBULOQ,2247,4,1710207
202661517,TENGDOSH,2251,4,1710207
304977094,YANGIBOGʻ,2780,1,1710245
202816986,YANGI-TURMUSH,2929,3,1710401
202491104,ALISHER NAVOIY,9975,3,1710401
202576542,ZAXIRIDDIN MUXAMMAD  BOBUR,892,2,1703220
203700933,DEHQONOBOD,891,1,1703220
203700925,BOZORBOSHI,889,1,1703220
200277171,YUKSALISH,922,4,1703220
205704965,YANGI BELTEPA,9734,1,1726277
203557106,NUSHKENT,1942,2,1708204
202814332,XONIMQOʻRGʻON,1964,1,1708209
203841853,GULCHAMBAR,1972,3,1708209
207148019,LALMIKOR,1976,3,1708209
202915554,QORATOSH,9063,2,1726277
202915752,KATTA-BOGʻ,10617,4,1726277
202915673,CHORSU,10611,4,1726277
202915816,SAMARQAND-DARBAZA,10616,4,1726277
203697146,MIRZAQALʻA,1588,1,1706230
203701204,MUSTAQILLIK,1590,1,1706230
203702724,XOʻJAKON,1592,1,1706230
203260342,CHOVLI,1593,1,1706230
203699791,REGI HAYDAR,1604,2,1706230
203264029,BANDBOSHI,1597,2,1706230
203707582,DOʻRMAN,1598,2,1706230
203249702,QULONCHI,1601,2,1706230
206945530,PAYKENT,1602,2,1706230
203715201,SOLUR,1606,2,1706230
202957939,CHEKIRCHI,1608,2,1706230
203223885,SHOʻRRABOT,1609,2,1706230
203704175,VAXM,1611,3,1706230
202980753,TAYQIR,1618,3,1706230
203261887,QUVVACHA,1615,3,1706230
203702732,QORA QULONCHI,1614,3,1706230
207218967,KETMONDOʻGDI,1613,3,1706230
203697154,ARNA,1610,3,1706230
202972651,CHANDIROBOD,1620,3,1706230
202957922,XOʻJALAR,1629,4,1706230
203730041,ISTIQLOL,1626,4,1706230
202972675,DOʻSTLIK,1625,4,1706230
203739947,DARGʻABOGʻI,1623,4,1706230
204099557,ISTIQLOL ,1834,1,1706401
205748508,BOGʻIDASHT,1831,1,1706401
204960809,FOSHUN,1844,1,1706401
203579964,SADRIDDIN AYNIY  ,1841,1,1706401
205819133,OYBEK,1840,1,1706401
203269836,NAMOZGOH,1839,1,1706401
203894559,DOʻSTLIK,1832,1,1706401
204099572,LOSHA,1835,1,1706401
204099540,YOʻSHLIK,1833,1,1706401
205781706,BIXISHTIYON,10728,2,1706401
205588604,ISTIQLOL,1737,2,1706246
203643656,BOGʻIBALAND,5009,2,1718401
203936339,YUKSALISH,5077,2,1718401
203643584,MOʻLIYONI POYON,5042,2,1718401
203936765,ESKI QALANDARXONA,5076,2,1718401
203643704,MOʻLIYON,5041,2,1718401
203936472,MUBORAK,5040,2,1718401
203936274,GʻIYOSIDDIN JAMSHID,5012,2,1718401
203936837,GURI-AMIR,5016,2,1718401
203937265,YOMINIY,5020,2,1718401
203936401,ZARAFSHON,5022,2,1718401
203936393,ZOMINIY,5023,2,1718401
203936679,IMOM VOSE,5026,2,1718401
203729326,DARGʻOM,10585,3,1718401
303827684,FOZILTEPA,10690,3,1726262
202357624,INOQOBOD,9037,3,1726273
202366732,BIRODARLIK,9040,3,1726273
202374034,TOLARIQ,10126,4,1726273
202779194,YANGI QOʻYLIK,10124,4,1726273
202366653,BAYOT,10133,4,1726273
202289148,YANGIOBOD,5603,4,1722214
202287751,GULTEPA,5589,4,1722214
202285138,JARQISHLOQ,5590,4,1722214
202285145,JIYDALI,5591,4,1722214
202287729,JOZIBA,5592,4,1722214
202287783,KINDIKTEPA,5593,4,1722214
202287736,MUNCHOQTEPA,5595,4,1722214
202285081,NAVBAHOR,5596,4,1722214
202290267,SAXOVAT,5598,4,1722214
202285217,ELOBOD,5601,4,1722214
202289170,XURRIYAT,10875,4,1722214
202703803,EGARCHI,5862,1,1722226
202688814,TOʻLA,5860,1,1722226
202688735,TOLLI,5859,1,1722226
202760805,TAMADDUN,5858,1,1722226
202760916,OLIYXIMMAT,5856,1,1722226
202720807,KONOBOD,5850,1,1722226
202688728,GULISTON,5849,1,1722226
202688878,KUSHON,5851,1,1722226
202712333,OBOD TURMUSH,5221,2,1722201
202712325,QURAMA-1,5217,2,1722201
204814734,QORATEPA,5216,2,1722201
202712436,JIYANBOBO,5214,2,1722201
203948576,GULCHECHAK,5213,2,1722201
202501414,XIDIRSHO,5236,3,1722201
202648626,XOʻJAOBOD,3892,4,1714237
202661643,ITTIFOQ,3656,1,1714229
203666990,BUNYODKOR,1849,2,1706401
203402156,ALISHER NAVOIY ,1846,2,1706401
202325839,AMIR TEMUR,1847,2,1706401
203310990,ABDURAUF FITRAT,1848,2,1706401
202900108,NIZOMIY GANJAVIY ,1856,2,1706401
203380383,NAVROʻZ ,1855,2,1706401
202909878,ULUGʻBEK ,1854,2,1706401
202301339,KOʻKALDOSH ,1853,2,1706401
202301322,GʻAFUR GʻULOM ,1860,3,1706401
202301378,YANGIOBOD,1874,3,1706401
203044547,SHODLIK,1873,3,1706401
202301361,HAVZI-NAV,1870,3,1706401
202338133,FAYZULLO XOʻJAYEV ,1868,3,1706401
202588504,OLIM XOʻJAYEV ,1864,3,1706401
204858767,AXMAD DONISH,10934,4,1706401
202913035,ZULFIZAR,10600,4,1726262
202393082,SHARQ YULDUZI,1889,4,1706401
202301440,SAʻDI SHEROZIY,1886,4,1706401
202320275,OTBOZOR,1883,4,1706401
203029650,XAN-JAP,131,1,1735215
205953103,OʻRNEK,130,1,1735215
207140188,ARNA BOʻYI,17,2,1735204
203545643,AMIR TEMUR,16,2,1735204
207140228,AYOQCHI,15,2,1735204
305306190,FAROVON,27,2,1735204
207139994,XIZIR ELI,28,2,1735204
207140100,TOSHQALʻA,25,2,1735204
203553318,BOBUR,37,3,1735204
203553301,KUYUK-KOʻPIR,38,3,1735204
203553285,JUMURTAU,36,3,1735204
207140235,JUMUR OVIL,35,3,1735204
203553278,BOʻZ YOP,33,3,1735204
207140164,OʻZBEKISTON,42,3,1735204
207140038,TOR YOP,41,3,1735204
204533333,OQ-OLTIN,40,3,1735204
207140156,NAMUNA,48,4,1735204
202781977,A.NAVOIY,44,4,1735204
202951646,MAMIY,317,1,1735243
202935221,MONSHAQLI,318,1,1735243
202951639,AQ JAP,316,1,1735243
202951661,DIYXANABAD,319,2,1735243
207273118,QARABAYLI,323,3,1735243
202844944,KATTASAYDOV,4507,4,1718224
202866466,OLMAZOR,4510,4,1718224
202893054,SARBOZOR,4512,4,1718224
202052625,TOMOYROT,4513,4,1718224
202695062,MUSTAQILLIK,5723,1,1722220
202777695,QAHRAMON,5721,1,1722220
202725063,MUXIDDIN ESHTEMIROV,5724,1,1722220
202738957,DOʻSTLIK,5730,2,1722220
202660035,AMIR TEMUR,5729,2,1722220
202660028,QORAXON,5732,2,1722220
202784538,OROL,5738,3,1722220
303245508,YANGIOBOD,5742,3,1722220
204126356,NAVROʻZ,5746,4,1722220
202660011,SOLIOBOD,5749,4,1722220
202671504,CHEGARA,9798,1,1722401
202797078,GULISTON,5904,1,1722401
203607612,BOGʻISHAMOL,5902,1,1722401
202653984,MANGUZAR,9797,1,1722401
202767296,BAYNALMINAL,5908,2,1722401
202820817,DOʻSTLIK,5909,2,1722401
202773052,NAVROʻZ,5910,2,1722401
204303674,TINCHLIK,9800,2,1722401
203100270,SAXOVAT,5911,2,1722401
202773020,SHIFOKOR,5914,2,1722401
202697391,JOʻYJANGAL,5917,3,1722401
202773069,NURLI KELAJAK,5920,3,1722401
203616704,SURXON SOHILI,5921,3,1722401
203624014,JAYXUN,5927,4,1722401
202700450,NAMUNA,9805,4,1722401
202773044,YULDUZ,5930,4,1722401
203611062,KATTA BOGʻ,5928,4,1722401
202772988,ABDULLA AVLONIY,5924,4,1722401
204360082,OʻRMONCHI,5296,1,1722204
202709224,GAZA,5290,1,1722204
201318016,ULUGʻBEK,5256,1,1722202
202760021,ZANG-GILAMBOB,5264,2,1722202
202308945,NOVSHAXAR,5269,2,1722202
201317999,CHINOBOD,5272,2,1722202
202760014,ZARTEPA,5265,2,1722202
201318174,KATTAQUM,5268,2,1722202
202316896,DEXQONITTIFOQ,5274,3,1722202
202316912,KAYRAN,5276,3,1722202
201318063,QADIMIY ANGOR,5279,3,1722202
202308960,YANGI TURMUSH,5283,3,1722202
202797204,MADANIYAT,5280,3,1722202
202316904,QORABOGʻ,5277,3,1722202
202316929,QOʻSHTEGIRMON,5278,3,1722202
202308866,NAVBAXOR,5284,4,1722202
202308881,OʻZBEKISTON,5286,4,1722202
202731144,SOPOLLITEPA,5334,1,1722207
202448510,XALQ YOʻLI,5336,1,1722207
202731112,MEHRIGIYOH,5331,1,1722207
204056658,NAVROʻZ,5332,1,1722207
202310264,MADANIYAT,5343,2,1722207
202760124,GULOBOD,5340,2,1722207
202285010,ANORZOR,5337,2,1722207
202316968,OBI HAYOT,5346,2,1722207
202695015,OBOD TURMUSH,5347,2,1722207
202911892,RAMADON,6490,4,1727237
201973564,HALQLAR DOʻSTLIGI,9723,3,1714365
202770104,ELOBOD,9725,3,1714365
202854093,CHAMANZOR,9772,3,1714367
304985536,TINCHLIK,2300,1,1710220
201575814,QIZILTEPA,2296,1,1710220
201575734,QORABOGʻ,2312,2,1710220
203291534,BERDOLI,2307,2,1710220
207206547,ULUGʻBEK,2317,2,1710220
202029952,QURILISSHI,9875,3,1735401
202637189,MIRKAN,10129,4,1718230
202880309,OʻRDA,9667,1,1710405
203936719,BOGʻI FERUZA,5008,2,1718401
202849028,LAYLAK UYA,3875,3,1714237
202656664,BIRLIK (shahar),10565,3,1714237
206576089,BOGʻI ERAM,3866,3,1714237
203596913,MUSTAQILLIK,3877,3,1714237
202814862,PANSADA,3879,3,1714237
202858301,BOGʻORMOS,3867,3,1714237
202659264,SANOAT,10271,4,1714401
202146887,MADANIY MAORIF,10267,4,1714401
202129155,SHARQ TONGI,10276,4,1714401
202810378,AMIR TEMUR,10258,4,1714401
202810385,MADANIY,10266,4,1714401
202659311,OLTITOSH,10270,4,1714401
202132042,OZOD,10269,4,1714401
206941995,OBJUVOZ,10268,4,1714401
202796317,GʻISHT KOʻPRIK,10261,4,1714401
202777180,SHARSHARA,4087,4,1714401
202132081,CHORSU,4085,4,1714401
202374311,SARIKOʻL,9917,1,1726273
202366811,OQ-UY,9913,1,1726273
202374027,BANOKATIY,9910,1,1726273
202366660,OLTINKOʻL,9915,1,1726273
202335730,OYBEK,10060,2,1726273
202366828,MINGOʻRIK,10054,2,1726273
202366804,AFROSIYOB,10041,2,1726273
202372623,SHAROF RASHIDOV,10067,2,1726273
202052657,TOSHXOVUZ,4514,4,1718224
202893046,OʻZBEKISTON,4515,4,1718224
202866474,GʻOYIB OTA,4506,4,1718224
202898213,FITRAT,4517,4,1718224
202832414,BOLDIR,4524,1,1718227
202832445,YANGIOBOD,4545,1,1718227
202759194,PAXTAKOR,4535,1,1718227
205174645,OSHIQ OTA,4534,1,1718227
202920218,UCH TEPA,4541,1,1718227
207236827,TEMIRYOʻL,4537,1,1718227
202710526,QOʻSHQUDUQ,4529,1,1718227
202920201,QORASUV,4528,1,1718227
205176849,BAXOR,4521,1,1718227
202715448,YANGIRAVOT,4546,1,1718227
203936250,HILOL,5070,2,1718401
203936948,XALQOBOD,5069,2,1718401
203936235,XALIFA IBROHIM,5064,2,1718401
203936195,XOʻJA ABDUDARUN,5062,2,1718401
203936282,FURQAT,5060,2,1718401
203638939,BIRDAMLIK,5005,2,1718401
203936741,SUFI ROZIQ,5055,2,1718401
202950007,VATANPARVAR,10640,3,1718401
202950046,DAMARIQ-1,10752,3,1718401
202949970,AL-BUXORIY,10583,3,1718401
202948799,SAXOVAT,5131,3,1718401
202950022,BOGʻISAROY,5092,3,1718401
202950212,BAHOR,5086,3,1718401
207296832,ABDULLA AVLONIY ,10319,3,1718401
202949948,KAMOLOT,10338,3,1718401
202948814,MIRZO BEDIL,10342,3,1718401
203650782,MADANIYAT,10343,3,1718401
202952953,UVAYSIY,10364,3,1718401
206829674,GULABAD,124,1,1735215
203029674,XOREZM,132,1,1735215
203029746,JASLIQ,125,1,1735215
203029588,TARAQLIʻ,129,1,1735215
206829753,AʻDEBIYAT,123,1,1735215
205953087,ELABAD,135,2,1735215
203029682,QONʻIʻRAT,139,2,1735215
203029739,QIʻRIʻQ-QIʻZ,137,2,1735215
206829745,QANʻLIʻ,136,2,1735215
205953094,USTIRT,142,2,1735215
202512179,TUZEL,9301,1,1726290
202586879,AMIR TEMUR,9298,1,1726290
202586919,SHOHSANAM,9294,1,1726290
202372654,FAROVON,10064,2,1726273
202366835,BAYNALMINAL,9043,3,1726273
202366874,TONG YULDUZI,10081,3,1726273
202793162,XUROSON,8849,2,1726262
202914105,OQMACHIT,10719,2,1726262
202488192,BESHQAYRAGʻOCH,10720,2,1726262
202914137,DAVLATOBOD,10714,2,1726262
202553777,IBRAT,10806,2,1726262
202914224,CHAMANZOR,10716,2,1726262
202576344,UCHTEPA,10695,3,1726262
202920368,KATTA QAʻNI,10691,3,1726262
303800845,DIYOROBOD,10687,3,1726262
202914263,YUSUF SAKKOKIY,10694,3,1726262
202415464,QOZIGUZAR,10692,3,1726262
202377386,YANGIYOʻL,10693,3,1726262
303802296,ZARAFSHON,10700,3,1726262
202402046,SHIRIN,10598,4,1726262
202887543,QOR YOGʻDI,10605,4,1726262
202562473,NAYMAN,10582,4,1726262
202914294,VATAN,10594,4,1726262
205786517,VATANPARVAR,10595,4,1726262
205732504,SHAFTOLIZOR,10602,4,1726262
205841740,SHARAF,9354,1,1726294
202440159,KATTA XIRMONTEPA,9352,1,1726294
203553293,NAZARXON,9943,1,1735204
204533340,TOʻLQIN,11,1,1735204
202784854,OLMAZOR,10,1,1735204
207140132,UYSHIN,12,1,1735204
305306136,QIPCHOQ OFY,10938,1,1735204
202781960,DOʻSTLIK,22,2,1735204
207140211,BOʻZ SOLMA,20,2,1735204
207140339,BESH OVUL,18,2,1735204
207168112,YANGIOBOD,31,2,1735204
202809384,OʻRNEK,9883,3,1735401
202775406,ELIABAT,9882,3,1735401
207289254,VATANPARVAR,9891,3,1735401
202797655,NUR,9884,3,1735401
202684170,NAʻWPIR,423,4,1735401
205211353,AMUDARYA,10884,4,1735401
206993608,BOZ AWIL,10882,4,1735401
202895329,QOS BULAQ,10881,4,1735401
205211321,ANASAY,10887,4,1735401
202825152,TURAN,425,4,1735401
202680335,QATTAGAR,418,4,1735401
202676924,GOʻNE QALA,415,4,1735401
204322532,CHOVDUR,1371,1,1706204
202922475,QIRLISHON,1364,1,1706204
203243687,XALQOBOD,1368,1,1706204
203822378,BAYOT,1362,1,1706204
204424183,QIRTAY,1365,1,1706204
202922412,DENOV,1375,2,1706204
207141297,BALAND MACHIT,1373,2,1706204
205403407,DAVLATBOY,1374,2,1706204
205403399,PICHOQCHI,1379,2,1706204
203822346,NUROBOD,1377,2,1706204
204967591,ARABXONA,1383,3,1706204
204378977,BOʻRIBEK CHANDIR,1384,3,1706204
205573054,BOʻSTON,1385,3,1706204
207139298,MAʻRIFAT,1382,3,1706204
204764118,QOʻRGʻON,6661,1,1727249
207154763,CHINOR,6658,1,1727249
202938304,ISTIQBOL,6682,2,1727249
202938296,OBJUVOZ,6681,2,1727249
202707773,PAXTAKOR,3515,1,1714219
202707734,XAMID OLIMJON,3518,1,1714219
202701513,TUMAN,3535,2,1714219
202701648,QANDIGʻON,3527,2,1714219
202701505,UYGʻUR,3536,2,1714219
202701480,UCH UYLI,3539,2,1714219
204071387,GALAGUZAR,5816,2,1722223
202777767,GʻOʻRIN-GILAMBOB,5818,2,1722223
202723937,NUROBOD,5186,3,1718406
202286326,ILGʻOR,570,1,1703206
202286247,OQTEPA,576,1,1703206
202286405,FAYZIOBOD,582,1,1703206
203948275,SARBOZOR,3063,2,1712230
203054226,NAVKAR,3062,2,1712230
203711760,SULTONOBOD,503,1,1703203
203310936,AYRILISH,485,1,1703203
203683092,INTILISH,517,2,1703203
203683060,QURAMA,522,2,1703203
203683084,YANGI YOʻL ,536,2,1703203
203682996,MINGOʻRIK ,524,2,1703203
203683171,NURAFSHON,525,2,1703203
203683876,DARYO BOʻYI,9695,3,1703203
203058078,JOMEʻ,1258,4,1703236
203055350,YANGI HAYOT,1263,4,1703236
203123693,QURAMA,1259,4,1703236
202853221,CHAQQON-2,444,1,1703202
202286420,AʻLAM,565,1,1703206
202923799,DOʻSTLIK,1161,1,1703232
202911157,YOLGʻIZBOGʻ,1175,2,1703232
202910790,NAVBAHOR,1180,2,1703232
202911125,UCHKOʻZA,1185,2,1703232
202911204,GUZAR,1192,3,1703232
202859846,NAYMAN,4948,4,1718238
202701742,QOʻSHMINOR,3568,4,1714219
206957302,ISTIQLOL,3829,1,1714237
202666937,QORAQOʻRGʻON,3832,1,1714237
202810608,BAYMOQ,3822,1,1714237
204526554,OQ - OLTIN,8665,2,1733230
204313076,NAVROʻZ,8680,3,1733230
200950744,DOʻSTLIK,8674,3,1733230
202758022,SHOVOT,8687,4,1733230
203202516,SHARQ,6577,1,1727248
203024294,YANGIHAYOT,6567,1,1727248
203024286,QURILISH,6584,1,1727248
203024279,MADANIYAT,6571,1,1727248
202946216,SOHIBKOR,6591,2,1727248
303213784,QIR,6832,1,1727256
202905227,PAYMARD,5986,1,1724216
202905274,BAHMALSOY,5984,1,1724216
202723991,ABDULLO QAHHOR,5183,3,1718406
203093756,IBN-SINO,358,4,1735250
202805478,QOYBAQ,10374,1,1735211
204895191,ESIM,96,1,1735211
202805518,ALLAYAR DOSNAZAROV,9837,2,1735211
202805501,QURALPA APJ,9835,2,1735211
202841807,MADENIYAT,10379,3,1735211
202805461,QARAOʻZEK,10377,3,1735211
202805439,JUZIM BAGʻ,109,1,1735212
202802807,BAXITLI,10588,1,1735212
202802767,NURLI BOSTAN,10589,1,1735212
202822362,AQTUBA,112,2,1735212
202805414,MADENIYAT,114,2,1735212
202805422,ABAT OFY,10623,4,1735212
202805407,ABAT MAKAN,118,4,1735212
202763437,JANʻADARYA,210,1,1735230
202816567,ATAKOʻL,208,1,1735230
301050143,AYDIN JOL,212,2,1735230
301050680,QARATERENʻ,216,2,1735230
301050150,OʻZBEKISTAN,222,3,1735230
301050095,GʻAREZSIZLIK,218,3,1735230
301050673,MARJONKOʻL,221,3,1735230
204012260,QOSTRUBA,227,4,1735230
201012002,QOSTEREK,296,1,1735240
201012026,KENʻES,294,1,1735240
202665241,KOʻKSHI QALA,295,1,1735240
201011992,TAZGʻARA,302,2,1735240
202665258,KARA KOʻL,300,2,1735240
203712783,KOʻNSHI,301,2,1735240
201011960,MAYJAP,307,3,1735240
201011977,BAXITLI,304,3,1735240
202665219,DOSLIQ,311,4,1735240
206922805,KAMIS ARIK,10749,4,1735240
202665265,BERDAX,310,4,1735240
203147853,BOZATAW,9954,1,1735209
202790429,ASPANTAY,90,1,1735209
205013188,KOʻK SUW,9959,3,1735209
202790404,ERKINDARYA,94,4,1735209
302692032,AQTEREK,185,1,1735225
203216244,TAQIRKOʻL,187,1,1735225
203112540,BAQANSHAQLI,188,2,1735225
304009466,QUTAN-KOʻL,189,2,1735225
203077743,ARBASHI,190,3,1735225
202822379,AQMANʻGʻIT,193,4,1735225
203216237,SAMANBAY,194,4,1735225
202501438,DOSLIQ,195,1,1735228
202426958,AYDINJOL,199,2,1735228
202912986,ABU BAKR SHOSHIY,9148,3,1726280
202912994,CHIGʻATOY DARBOZA,9145,3,1726280
202800263,YUQORI SEBZOR,9142,3,1726280
202845437,FAYZOBOD,7529,3,1730215
203149011,TUMOR,7969,1,1730236
203026204,KAPASAROY,7961,1,1730236
203149035,QIYALI,7964,1,1730236
203022241,SOY SHILDIR,7982,2,1730236
202229861,NAVROʻZ,5477,1,1722212
202243506,YANGIOBOD,5482,1,1722212
202724832,XUJA QISHLOQ,5498,2,1722212
202724817,MINGCHINOR,5495,2,1722212
202724800,MARKAZIY SURXON,5492,2,1722212
202725009,YASHNAOBOD,5514,3,1722212
202724698,OʻZBEKISTON,5525,3,1722212
202724570,OFTOBQOʻRGʻON,5533,4,1722212
202724681,XALQABOD,5536,4,1722212
202724642,YANGI USUL,5539,4,1722212
202724928,OBOD GUZAR,5532,4,1722212
202294063,BOʻSTON,5542,1,1722214
202289131,OʻZBEKISTON BESH YILLIGI,5556,1,1722214
202285224,XALAKI,5571,2,1722214
202330058,BOYMOQLI,5569,2,1722214
202285153,ARSLONBOYLI,5566,2,1722214
207081325,TOʻDA,5583,3,1722214
202687903,DAVLATSOY,5576,3,1722214
202285192,KOʻGANLI,5579,3,1722214
203026172,YANGI ZAMON,7992,3,1730236
203054939,TAYPOQ,8000,4,1730236
203026189,BORIQUM,8004,4,1730236
203054946,UYMOVUT,8007,4,1730236
203075334,ESHON,9881,1,1730238
203067240,KOʻK-DOʻPPI,8012,1,1730238
203203198,SHUNQOR,8029,2,1730238
206985054,MUSTAQILLIK,8020,2,1730238
203081344,CHEK-CHUVALDOQ,8044,4,1730238
202687285,NAVBAHOR,5376,1,1722210
202687261,CHAMBIL,5381,1,1722210
202687246,JAMATAK,5371,1,1722210
202688015,BOGʻI NAV,5367,1,1722210
202741908,TOSHHOVUZ,7613,4,1730218
203499771,QAQIR,7755,3,1730226
203160245,CHASHMA,7760,4,1730226
203378614,CHUMOQCHA,7763,4,1730226
203638614,DILKUSHO ,7899,1,1730233
206949564,YAMBAROQ,7889,1,1730233
207310023,YUKSALISH,10904,1,1730233
203638606,OQ TEPA,7910,2,1730233
207181690,XURSHIDI TOBON,7913,2,1730233
203634248,GULPIYON,7922,2,1730233
203638527,CHIMYON ,7938,3,1730233
203634303,QOʻRIQ,7925,3,1730233
203629094,MINDON,7941,3,1730233
203634287,PASTKI ARCHA,7927,3,1730233
207310205,"""CHEK-SHO'RA""",7951,4,1730233
202505004,ZEBUNISO,8229,2,1730408
202947135,YOSHLIK,8231,3,1730408
207301739,OʻRMONCHI,10794,2,1708204
203990867,BAXTLI,9511,4,1708201
203312807,OYNAKOʻL,2328,3,1710220
207104642,YUKSALISH,7039,3,1727401
202773725,MUSTAQILLIK,7057,1,1727404
202765101,KOINOT,7054,1,1727404
202767462,ALISHER NAVOIY,7050,1,1727404
202773851,CHOʻLPON,7065,2,1727404
203665050,MAʻRIFAT,1314,3,1703401
202291297,QALANDARXONA,1310,3,1703401
202589185,YORBOSHI,1307,3,1703401
202638044,CHOʻLPON 100-YILLIGI,1344,4,1703401
202896896,MADANIYAT,4481,2,1718224
202900455,SHOʻRTEPA,4484,2,1718224
202866459,ZARAFSHON,4491,3,1718224
202893022,TOʻPOLOS,4500,3,1718224
202328668,XALQOBOD,4502,3,1718224
202052672,AHMAD YASSAVIY,4487,3,1718224
202855187,OʻRAMAS,4818,1,1718236
202871595,MISKIN,7699,2,1730224
202871571,ANHOR BOʻYI,7690,2,1730224
202871975,BULOQBOSHI,7711,3,1730224
202871549,CHUBURGʻON,7718,3,1730224
202871944,YOYILMA,7721,3,1730224
202872150,QAYRAGʻOCH,7738,4,1730224
202886838,PESHOGʻOR,2063,2,1708218
207206389,OBOD,2338,4,1710220
306017470,NURLI YO`L,14,4,1710220
201614985,KOSON,2398,1,1710229
202859348,NARTICHUQUR,2403,1,1710229
202677868,ULUGʻBEK,2521,4,1710232
202826490,XABARLIK,9665,1,1710405
202880252,DOʻSTLIK,2962,2,1710405
202961673,UYMOVUT,2968,2,1710405
202645488,BARHAYOT,10734,3,1710405
202822576,ZINGIRON,2972,3,1710405
302841194,OQ MAKTAB,8474,2,1733217
303404640,KILLAVUT,8490,3,1733217
303404672,KOMILJON ATANIYAZOV,8482,3,1733217
302841241,OBOD,8500,4,1733217
207209899,CHETSUV,10865,3,1727212
207201349,ILGʻOR,6224,3,1727212
207209384,UNGUT,6227,4,1727212
207067128,YONARIQ,6231,4,1727212
202838208,SOGʻLOM,7098,1,1727407
202838136,MAYDON,7104,1,1727407
204278279,YANGI-GUSHSOY,7112,2,1727407
202963243,30-SONLI IFTIXOR,7224,3,1727419
202907176,27-SONLI YULDUZ,7231,3,1727419
202903198,37-SONLI XAMZA,7235,4,1727419
202878166,YULDUZ,6393,1,1727233
202726172,NAVQIRON,6387,1,1727233
207193938,TOSHKENTLIK,1999,1,1708212
207193906,KUYOVBOSHI,1990,1,1708212
207193921,NURAFSHON,2005,2,1708212
204988717,RAVALLIQ,2008,2,1708212
207194549,YAKKA QAYRAGʻOCH,2012,2,1708212
207161859,YANGI GULZOR,6753,4,1726292
203409938,SHOLIKOR,6750,1,1727253
207022025,FAROVON,6744,1,1727253
206738993,MUSTAQILLIK,6756,1,1727253
202677685,BESHARIQ,2464,1,1710232
202677789,PAXTAOBOD,2475,1,1710232
202677772,SHARQ YULDUZI,2495,2,1710232
202677829,QAYNAR,2486,2,1710232
305037409,BAHOR,2483,2,1710232
305040058,YANGI ZAMON,2496,2,1710232
202677962,OYOQCHI,2491,2,1710232
207180012,BARHAYOT,8744,2,1733236
207179921,XALQOBOD,8745,2,1733236
207179866,JAYXUN,8753,3,1733236
207179977,KATLI,8758,4,1733236
207180036,QIYOT,8757,4,1733236
207179834,IFTIXOR,8761,4,1733236
303840789,MIROBLAR,8457,1,1733217
202694285,SH.BURXONOV,8963,1,1726269
202868108,ISTIQLOL,3389,4,1714207
205171586,OʻZBEKISTON BEKATI,6893,1,1727259
207020724,OʻRTA DOʻRMAN,8447,1,1733217
303371597,BESHAYVON,8459,1,1733217
202918162,OBODLIK,7005,3,1727265
202918660,KENSOY,7015,3,1727265
202918684,BAHOR,7012,3,1727265
207119780,KOʻHINUR,7022,4,1727265
202918653,ZARBDOR,7019,4,1727265
202918645,OQ TOSH,7026,4,1727265
202908887,SHIFOKORLAR,9156,4,1726280
202634708,KOʻXNA CHOPONOTA,10235,1,1726262
202553817,BOGʻISTON,8832,1,1726262
202723407,PAHTAKOR,8831,1,1726262
202914144,DEGREZ,8828,1,1726262
202950591,SEMURG,9304,2,1726290
303839226,BESHARIQ,10555,2,1726290
200108000,TINCHLIK,3799,2,1714236
200108017,QORAMURT,3805,3,1714236
202903206,20-SONLI KIMYOGAR,7213,2,1727419
203009525,SOHIBKOR,10380,4,1714236
202689235,KUSHON,3341,1,1714207
202810512,CHORBOGʻ,3343,1,1714207
202885514,NURZIYO,3473,2,1714216
202817755,QORATERI,3481,3,1714216
202817724,NORINKAPA,3485,3,1714216
202817763,XAJINTOL,3490,3,1714216
202888834,SHOʻRARIQ,3500,4,1714216
202888859,DOʻMAR,3496,4,1714216
202719330,NAVRUZ,3352,2,1714207
202813603,A.NAVOIY,3346,2,1714207
202813681,QUQUMBOY,3366,3,1714207
202810393,CHUST KOʻCHA,3373,3,1714207
202686650,TAGIJAR,3370,3,1714207
202813674,BESHKETMON,3360,3,1714207
202859506,SOYCHA,3380,4,1714207
202586744,MUMTOZ,9332,4,1726290
202915934,BOʻSTON,9741,1,1726277
203054645,QANLIKUL POSELKA,9902,4,1735218
302688717,DOSLIQ,9903,4,1735218
206923384,ARZIMBET QUM,9904,4,1735218
202800889,TIK-UZYAK,175,1,1735222
202800896,BOZATAU,174,1,1735222
202800840,JAYXUN,177,2,1735222
202797814,UCHSAY,181,3,1735222
202800912,MADELI,180,3,1735222
202800825,MOYNAQ,184,4,1735222
205959244,NAYMAN,59,1,1735207
202010029,BERUNIY,53,1,1735207
200937426,BIYBOZOR,54,1,1735207
205959252,MUSTAQILLIQ,58,1,1735207
202847204,BUSTON,63,2,1735207
202010004,SARKOP,69,2,1735207
200937473,TINCHLIK,70,2,1735207
206984959,PALVASH,67,2,1735207
200937419,OZOD,78,3,1735207
200937441,DOʻSTLIK,10975,3,1735207
202847157,AMIR TEMUR ,72,3,1735207
202847189,JAYHUN,74,3,1735207
202847164,MARKAZIY,83,4,1735207
200937394,SHIMOM,88,4,1735207
202847212,SHOBBOZ,87,4,1735207
200937402,SHOBBOZ,86,4,1735207
203590225,SHURAXON,10518,1,1735233
203584460,NAVROʻZ,236,1,1735233
203175384,JAYXUN,233,1,1735233
203575194,DOʻSTLIK,231,1,1735233
303694844,ANHORLI,10517,1,1735233
203577120,ATAUBA,10522,2,1735233
203571224,BERUNIY,239,2,1735233
201826380,NAVOIY,253,3,1735233
202265408,YANGIOBOD,256,3,1735233
202959319,MUSTAQILLIK,252,3,1735233
203605021,KUKCHA,250,3,1735233
201236166,IBN SINO,249,3,1735233
203029840,GULISTON,247,3,1735233
203596485,OQBOSHLI,10541,3,1735233
203585910,TOSHKENT,263,4,1735233
203585903,TOZABOGʻYOP,262,4,1735233
203182700,TURKISTON,264,4,1735233
203594662,ULLUBOGʻ,10551,4,1735233
203581133,QUMBASKAN,10550,4,1735233
203093638,GULDURSUN,328,1,1735250
202919367,BUNYODKOR,1951,4,1708204
304773150,NAVBAHOR,333,1,1735250
207164704,SAXTIYAN,335,1,1735250
204247862,CHUQURQAQ,338,1,1735250
203093717,SHARQ YULDUZI,344,2,1735250
304773088,IFTIXOR,340,2,1735250
203093660,SARABIY,353,3,1735250
207138727,DUMANQALʻA,346,3,1735250
203093606,DOʻSTLIK,347,3,1735250
207138766,KOINOT,349,3,1735250
203093653,QILCHINOQ,350,3,1735250
304779174,QOSHQOʻRA,351,3,1735250
207138798,CHOʻPON,354,3,1735250
206953933,QAVATQALʻA,360,4,1735250
203093771,ABAY,356,4,1735250
203093764,TOSHKENT,361,4,1735250
203093749,BOʻSTON,357,4,1735250
204764101,ISTIQLOL,6664,1,1727249
202780052,KENEGES,201,2,1735228
201832217,SHAMSHIRAQ,205,3,1735228
202780131,SARAYKUL,204,3,1735228
201832184,OBOD MAKON,10629,4,1735228
202780274,TUTZAR,273,1,1735236
207168627,MUSTAQILLIK,269,1,1735236
202780084,SAMANKUL,272,1,1735236
202780210,BAYTEREK,275,2,1735236
202831329,JUZIMZAR,276,2,1735236
202780298,KULAB,277,2,1735236
202780155,TASKOʻPIR,279,2,1735236
202780306,AMUDARYO,281,3,1735236
202780203,SUENLI,287,3,1735236
207151546,JAN QOʻNGʻIROT,283,3,1735236
202780281,BUNYODKOR,282,3,1735236
202518486,JAYHUN,288,4,1735236
202780194,SHAGʻALAKʻOL,293,4,1735236
207140014,BOSUV,10941,1,1735204
203466797,DOʻSTLIK,5868,2,1722226
202739021,SHALDIROQ,5878,2,1722226
202720861,BOʻSTON,5891,4,1722226
202688743,XAYRABOT,5897,4,1722226
203480504,LAYLAKXONA,5893,4,1722226
202314757,YUQORI TALLASHQON,5261,1,1722202
201318181,YUQORI TALLIMARON,5259,1,1722202
201317974,TOʻLQIN,5255,1,1722202
202687966,YANGI HAYOT,5458,3,1722210
202687214,OZOD,5441,3,1722210
205295234,NAVNIXOL,5438,3,1722210
207111531,LOCHIN,5435,3,1722210
202688030,BUYUK KELAJAK,5460,4,1722210
202687934,FAYZOBOD,5474,4,1722210
202212884,OLTI OʻGʻIL,6782,3,1727253
205617076,BURGALIK,6785,3,1727253
207122375,YANGIOBOD,6788,3,1727253
204950908,ADOLAT,6791,3,1727253
207127606,JANGʻABAY,6803,4,1727253
204853520,KOʻKMOʻYIN,6815,4,1727253
202960224,UMID,8782,3,1733401
205217108,BINOKOR,8796,4,1733401
202945201,XAMJIHATLIK,10478,4,1733401
203404501,BERUNIY,7122,3,1727407
202845373,ULUGʻBEK,7128,3,1727407
202903087,NAMUNA,7131,3,1727407
202862194,NISHBOSH,7117,3,1727407
202838247,BOʻSTON,7141,4,1727407
202838279,CHINNIOBOD,7134,4,1727407
207255352,GALABOTIR,6404,3,1727233
202944504,GULBOGʻ,6890,1,1727259
202944449,YUKSALISH,6905,1,1727259
203058046,UCH KOʻCHA,1244,2,1703236
203058022,QORABULOQ ,1241,2,1703236
203058039,YETMISHMERGAN,1238,2,1703236
203119174,YANGIQISHLOQ,7622,1,1730221
304916834,YANGI YOʻL,7641,2,1730221
203119150,SARIQOʻRGʻON,7644,3,1730221
203118990,KATTA KENAGAS,7654,3,1730221
204006932,VATAN,7346,2,1730206
204022139,QUVURBOSHI,7357,2,1730206
204013924,QORAQUSHCHI,7353,2,1730206
306314237,LOLAZOR,10674,3,1718235
207084029,QOʻRGʻONCHA,4785,3,1718235
202639984,BUNYODKOR,4793,4,1718235
202833049,QAYROQLI,4812,1,1718236
202835630,OQMACHIT,4815,1,1718236
202844723,BAXSHITEPA,4927,2,1718238
202977257,UZUMZOR,1051,2,1703227
202894013,KAMOLOT,10304,1,1724231
202893853,BAXMAL,6063,1,1724231
202893838,TADBIRKOR,6068,1,1724231
202893821,XAZINA,6078,2,1724231
202894109,ISTIQBOL,6074,2,1724231
202894170,NAVROʻZ,6086,3,1724231
202893703,SHOLIKOR,6090,3,1724231
202894163,OQ YOʻL,6087,3,1724231
204354176,MUNIS XORAZMIY,8546,3,1733220
305527312,SHODUHURRAM,9829,4,1733220
202662602,SAXOVATSI,9535,1,1733221
203119049,KATTA QORAKOʻL,7647,3,1730221
202296116,PAXTACHI,918,2,1703220
202910783,SHOMAT,10485,1,1703232
203655245,POʻLATDARXON,4106,2,1718203
202842299,SUGʻONCHI,4113,3,1718203
202839514,NAVROʻZ,4123,4,1718203
202839499,UCHTEPA,4127,4,1718203
206103257,BULUNGʻUR ARIQ,4132,1,1718206
202578974,IBN SINO,8114,2,1730401
202446799,16-OYBEK,8120,3,1730401
202520374,41-MIRZO ULUGʻBEK,8124,3,1730401
202839965,47-IPAK YOʻLI,8129,3,1730401
200151812,12-MAʻRIFAT,8132,3,1730401
204081533,42-PARVOZ,8135,4,1730401
200151377,3-SH.RASHIDOV,8140,4,1730401
202631442,1-IFTIXOR,8142,4,1730401
202740655,MIRZO ULUGʻBEK,3220,3,1712251
203642451,SURXON,2443,3,1710229
205234356,HAZORASP,9540,2,1733221
202706957,SARIMOY,9544,3,1733221
305529530,NUKUS MASKANI,9547,4,1733221
207128288,TAXTAKOʻPIR,8350,1,1733208
202701727,BOGʻISHAMOL,3562,4,1714219
202701694,MAYDON,3570,4,1714219
206927576,TORQOPCHUGʻOY,2261,1,1710212
201047021,OʻZBEKISTON,2272,2,1710212
202770555,OQBULOQ,3398,1,1714212
202770405,NURTEPA,3415,2,1714212
202770319,SHOʻRQOʻRGʻON,3428,3,1714212
202770563,OQ YER,3425,3,1714212
203613384,XOʻJAQISHLOQ,3441,4,1714212
202649427,CHILSTUN,5072,2,1718401
203640914,KAVOLA,5028,2,1718401
201807697,XUMIN,1746,2,1706246
204490278,ZARGARON,1491,1,1706215
204495476,XAVZAK,1501,1,1706215
204498338,BUKTAROY,1485,1,1706215
204495548,SOXIBIYON,1499,1,1706215
204490254,QASSOBON,1494,1,1706215
204490207,LABIRUT,1495,1,1706215
207208457,OBOD,1496,1,1706215
202950821,OQGUL,1497,1,1706215
205759920,GAJDUMAK,1487,1,1706215
207208512,YANGIOBOD,1504,1,1706215
205459653,JOVGARI,1489,1,1706215
206963865,BIYOSIN,1506,2,1706215
202950988,SOKTARI,1517,2,1706215
204495444,MIRAKON,1514,2,1706215
204495509,MAZRAGAN,1512,2,1706215
204490222,QUMOQ,1511,2,1706215
205690162,DODARAK,1509,2,1706215
204490239,DENAV,1508,2,1706215
202951013,ARMECHAN,1505,2,1706215
204495516,OʻZANON,1520,2,1706215
206957659,OLMAZOR,1533,3,1706215
204503117,BARAKA,1525,3,1706215
202950964,XALQOBOD,1538,3,1706215
204495452,BAQOLLAR,1524,3,1706215
202935238,TAZA BAZAR,327,4,1735243
205226982,NAWQAN BAGʻ,374,1,1735401
207049798,BEREKET,10387,1,1735401
202793614,TEMIR JOL,10384,1,1735401
202797670,JANʻA BAZAR,10385,1,1735401
200363152,QARATAW,10386,1,1735401
202809360,DARBENT,10383,1,1735401
207047175,NAWBAXAR,373,1,1735401
205170650,QIZIL QUM,372,1,1735401
205226999,BES TOʻBE,364,1,1735401
202809400,JOLSHILAR,384,2,1735401
207100799,QUTLI MAʻKAN,387,2,1735401
202822290,SHIGʻIS,394,2,1735401
202698596,BOTANIKA BAGʻI,382,2,1735401
306882497,SHIMBAY GÚZARÍ,10943,2,1735401
202822283,TINISHLIQ,9870,3,1735401
207151578,GUʻLZAR,9890,3,1735401
201895162,ALMAZAR,9879,3,1735401
202227564,DOSLIQ,9871,3,1735401
202408955,MUTAVAKKIL BURXONOV,1881,4,1706401
202459379,ABU ALI IBN SINO,1879,4,1706401
202301457,DILKUSHO,1878,4,1706401
203029611,QARATAL,145,3,1735215
203029604,QUMBIʻZ,146,3,1735215
206829714,HAʻKIM-ATA,152,3,1735215
203029699,RAUSHAN,150,3,1735215
206829738,MINʻJARGʻAN,148,3,1735215
203029549,QONʻIʻRAT,156,4,1735215
206829698,TURAN,162,4,1735215
203029556,NAVOYI,158,4,1735215
203029571,SANAAT,160,4,1735215
203029564,BOSTAN,153,4,1735215
203054677,BESKOPIR,10682,1,1735218
203054684,NAWRIZ,9892,1,1735218
204805784,JANA QALA,9894,2,1735218
206956880,BOSTAN,167,2,1735218
204758321,BOBUR,869,1,1703217
204821687,UCHKOʻPRIK,882,3,1703217
207153052,ULUGʻBEK,881,3,1703217
202850391,JARQISHLOQ,7779,2,1730227
202850297,YANGIYOʻL,7781,2,1730227
203003240,UCHTOSH,993,2,1703224
202881679,YOSHLIK,3282,3,1712408
202969923,NAVROʻZ,3286,4,1712408
202906028,BINOKOR,3246,1,1712401
203129369,BAYROQ,1105,2,1703230
205953862,DOʻSTLIK,1108,2,1703230
205417791,QURUQSOY,1113,2,1703230
203090064,NAZARMAHRAM,1116,2,1703230
205947196,YANGI ZAMON,1120,2,1703230
205897932,QUMQAYROQ,1127,3,1703230
203258098,SAROY,1130,3,1703230
203099264,SHERQOʻRGʻON,1134,3,1703230
304921378,AXSHAK,7802,3,1730227
202850510,FURQAT,7815,4,1730227
202850574,OʻZBEKISTON,7812,4,1730227
202850376,SUVBOSHI,7809,4,1730227
203643553,OʻZBEKKENTI,4737,3,1718233
203643624,ARABXONA,4730,3,1718233
203638954,ZAHLIK,4727,3,1718233
203003233,BEKLAR,986,2,1703224
203003257,QADIM,983,2,1703224
201803330,QORAQOʻNGʻIROT,2659,2,1710237
201803347,QATAGʻON,2658,2,1710237
201803354,PAXTAKOR,2671,3,1710237
204325876,BURJOQ,1391,4,1706204
204429517,SHAYXLAR,1399,4,1706204
204306740,XOSABOʻYI,1398,4,1706204
203822385,OPSHOQ,1395,4,1706204
203822361,JAYXUNOBOD,1393,4,1706204
202910997,TOSHQOʻRGʻON,9749,4,1703232
202668260,IBN-SINO,2858,3,1710250
205689479,KAMOLOT,1584,1,1706230
203260359,QORAUN,1585,1,1706230
202906185,TINCHLIK,9941,4,1712401
202906082,UMID,3275,4,1712401
203569881,DOʻRMAN,3088,1,1712234
203569977,MALIK,3093,1,1712234
203570004,DOʻSTLIK,3089,1,1712234
203569945,XONCHORBOGʻ,3102,2,1712234
203089894,BESHARIQ,1138,4,1703230
203090049,BOʻSTON (CHOʻJA),10729,4,1703230
206992767,MUSTAQILLIK,1146,4,1703230
202657924,KAMONGARONCHA,4887,4,1718236
203278034,GUZARBOSHI,8068,3,1730242
203278120,NAVROʻZ,8076,4,1730242
200151187,A.QODIRIY,8096,1,1730401
202824296,54-OʻZBEKISTON,8079,1,1730401
204412150,BOBUR,8085,1,1730401
202424485,44-BESHBOLA,8087,1,1730401
202565287,17-YANGI YOʻL,8090,1,1730401
200151471,11-YANGI SOY,8093,1,1730401
202579024,MADANIYAT,8111,2,1730401
203640874,DEHNAV,4751,4,1718233
202832176,CHORBOGʻTEPA,4916,1,1718238
202859814,BIRLIK,4919,2,1718238
202593862,MAZLAXON CHANDIR,1796,2,1706258
202914699,FURQAT,1902,2,1706403
204957098,MUSTAQILLIK,1907,3,1706403
202317894,NAVZIRABOD NOMLI 15-SON,1911,4,1706403
204810273,SAMOSIY,1681,1,1706242
203334225,BAYNALMINAL,1684,2,1706242
203334218,AFROSIYOB,1695,3,1706242
204145752,SHOʻRCHA,10778,4,1706242
204796394,QUMRABOT,1714,4,1706242
200978502,ISTIQLOL,1711,4,1706242
203870184,QAZOQON,1727,1,1706246
202952620,ROMISH,1732,1,1706246
202689282,PAST NAYMANCHA,3589,1,1714224
202686778,AXSI,3579,1,1714224
202697130,YUQORI MUGʻILTOY,3596,1,1714224
202762121,BOʻSTON,2120,1,1708225
202785425,NURAFSHON,2126,3,1708225
200340545,CHIMQOʻRGʻON,2129,4,1708225
202844730,QOʻRGʻONCHA,4922,2,1718238
202844794,NAVBAHOR,4926,2,1718238
203700940,IJTIMOYAT,893,1,1703220
206814242,SHIXMASHXAD,8416,2,1733212
204141710,CHAMANZOR,8425,3,1733212
207108004,GULZOR,8422,3,1733212
205319834,DOVUD,8417,3,1733212
207228360,VAHIMCHI,8434,4,1733212
202859324,QUYBOGʻ,2455,4,1710229
205109028,ISTIQBOL,2452,4,1710229
202870921,BOYTERAK,10768,4,1710229
202837501,HAZARA,2793,2,1710245
202837478,QUSHCHINOR,10893,2,1710245
207037274,CHUKUN,2798,2,1710245
204132040,OʻRTAQOʻRGʻON,10780,3,1710245
303244549,QUMQISHLOQ,10782,3,1710245
202692748,ZARBDOR,3897,1,1714242
202702052,TINCHLIK,3912,1,1714242
202712239,POROMON,3909,1,1714242
202679564,MAMAY,3902,1,1714242
202665574,GULSHAN,3921,2,1714242
202702044,OʻRTA,3926,2,1714242
207175849,QOʻSHLOQ,8710,2,1733233
203119143,QURBONQASHQAR,7658,3,1730221
203569763,ARGʻUN,3114,4,1712234
203569755,KALOVOT,3118,4,1712234
202813223,KOʻXNA QOʻRGʻON,3120,4,1712234
207228377,PAXTAKOR,8438,4,1733212
202894504,ZIYOKOR,5979,4,1724212
202974450,OQBOSH,1054,2,1703227
202974514,QORAQOʻRGʻON,1066,3,1703227
202995544,YOʻLAMATOL,1067,3,1703227
202974474,GʻOFUR GʻULOM,1063,3,1703227
202977233,CHILON,1081,4,1703227
202286104,BARKAMOL,612,4,1703206
202652574,CHIMQOʻRGʻON,4236,1,1718212
202652607,KATTAQANGʻLI,4226,1,1718212
204598284,BESHBOLA,4238,2,1718212
202652622,NAMUNA,4249,2,1718212
202678580,MADANIYAT,6351,1,1727228
202678620,NAVROʻZ,10404,1,1727228
202678304,YANGIQOʻRGʻON,6356,2,1727228
202678289,KIYIKCHI,6354,2,1727228
206212059,ACHAMAYLI FAYZ BARAKA ,9597,3,1727228
202678430,JOʻRAOBOD,6375,4,1727228
202946169,AHMAD YASSAVIY,6524,1,1727239
202902871,NURLI YOʻL,6508,1,1727239
204878046,TASHTOGʻZOQ,9398,2,1727239
202916767,QOʻRSOY,9404,2,1727239
206973766,TARAQQIYOT,6541,3,1727239
202753204,QOʻSHQISHLOQ,3322,4,1714204
202686754,YAKKATOM,3597,1,1714224
203003028,DEVATAGI,980,2,1703224
203003447,MEHNATOBOD,1006,3,1703224
204080391,ITTIFOQ,732,3,1703211
204093938,OLMAZOR,735,3,1703211
203660708,BIRLASHGAN,743,4,1703211
203646138,QALAMBEK,747,4,1703211
202933905,OʻROQCHI-TEPA,750,4,1703211
203055264,MINGTEPA,1036,1,1703227
203701045,CHORVADOR,905,1,1703220
202820444,MURODQISHLOQ,4867,3,1718236
202833032,TOʻRTKOʻL,4874,3,1718236
202839664,KICHIK TORINJAK,4902,4,1718236
202818327,ISPANZA,4896,4,1718236
202835702,PASTKI KALANGAR,4893,4,1718236
207233578,MUSTAQILLKNING 21 YILLIGI,1330,4,1703401
202973319,DALVARZIN,1326,4,1703401
202934365,BUYUK TURON,655,1,1703210
203077918,YUKSALISH,663,1,1703210
203087106,SHARQ YULDUZI,670,2,1703210
203006291,SHIRMONBULOQ,680,3,1703210
202828235,QASHQAR,674,3,1703210
202835647,MANGITOBOD,4813,1,1718236
202818255,IPAK YOʻLI,4836,2,1718236
202830417,OMONQOʻTAN,4841,2,1718236
202820627,MERGANCHA,4839,2,1718236
202833017,DEHQONOBOD,4830,2,1718236
202810204,CHARMGAR,2945,4,1710401
202689053,GULSHAN,2933,4,1710401
202826364,NAVROʻZ,2938,4,1710401
202807640,ARAL,2931,4,1710401
202645417,SAMARQAND,2942,4,1710401
302810826,PAHLAVONLAR,8580,2,1733223
304484660,MOSH TOʻGʻAY,10936,2,1733223
202911275,ILTIFOT,1195,3,1703232
204013877,QOʻRGʻONCHA,7370,4,1730206
202850455,CHEK,7771,1,1730227
202850463,ISTIQLOL,7772,1,1730227
207217114,OLTIARIQ,7283,2,1730203
203272708,NAVBAHOR,7280,2,1730203
202916711,NURLI ZAMIN,6557,4,1727239
207142350,NEVICH,6669,1,1727249
204764157,XURRIYAT,6666,1,1727249
202685565,BAXT,1980,4,1708209
203003408,DOʻRMAN,1020,4,1703224
203003415,NAVKAN,1023,4,1703224
203003351,NAMUNA-BOʻSTON,1024,4,1703224
203003375,TUVADOQ,1027,4,1703224
203003383,FAYZ,1029,4,1703224
203003329,FAROVON,1030,4,1703224
204755469,YANGI DOʻKON,7333,1,1730206
204006924,SOY BOʻYI,7334,1,1730206
204005031,NAMUNA,7336,1,1730206
305452225,QAYRAGʻOCH ,9851,1,1730206
204006845,QUMTEPA,7337,1,1730206
204009263,NURAFSHON,7342,1,1730206
204011745,YOʻLDOSHOBOD,7340,1,1730206
305464305,QAMISHTEPA,9850,1,1730206
204006884,SOXIBKOR,7330,1,1730206
202729643,MAYDON BOZOR,1313,3,1703401
202737396,ISTIQLOL,1309,3,1703401
200241960,JUMA BOZOR,1308,3,1703401
202673003,GUMBAZ,1306,3,1703401
202752316,BUNYODKOR ,1303,3,1703401
202589161,XAMDO'STLIK,1341,4,1703401
202737404,ERKIN,1347,4,1703401
202884151,FAROVON,4468,1,1718224
202884136,MUSTAQILLIK,4464,1,1718224
303218738,TARAQQIYOT,4466,1,1718224
202879703,JUVOZXONA,4462,1,1718224
202892284,GʻALLAKOR,4474,2,1718224
202892253,DARVISHIQ,4476,2,1718224
202908301,KOʻPAKI,4478,2,1718224
202884144,JAVSHAROTA,4477,2,1718224
202893133,NAKURT,4482,2,1718224
202892980,TURKIBOLA,4483,2,1718224
203638914,GULOBOD,4749,4,1718233
204019299,SHIRINOBOD,4758,4,1718233
202854394,BOGʻIZAGʻON,4905,1,1718238
202868219,GALABOTIR,4906,1,1718238
202859839,ZARAFSHON,4909,1,1718238
202844675,URAY ELIPOK,4914,1,1718238
202854419,XOʻJAYUZ,4915,1,1718238
202854402,YANGI HAYOT,4917,1,1718238
202844636,BEKLAR,4918,2,1718238
202832144,CHAROGʻBON,4929,2,1718238
202931440,BOGʻICHINOR,4920,2,1718238
202813871,MUBORAK,4925,2,1718238
305050385,CHAQAR,2219,1,1710207
202938383,XOʻJA ,6687,3,1727249
201047060,DUOB,2274,3,1710212
203041757,DAVLATBOTIR,7856,3,1730230
304933172,QORAYOZBOBO,7861,3,1730230
304933244,SHODLIK,7869,3,1730230
207084717,XOTAMTOY,7882,4,1730230
203129376,BARKAMOL AVLOD,1084,1,1703230
202809639,OQ-OLTIN,856,4,1703214
202721820,OʻZBEKISTON,1278,1,1703401
202910514,MUSTAQILLIK,1272,1,1703401
202766163,4-SON,1264,1,1703401
202834711,ISLOMOBOD,1289,2,1703401
202716779,BOBOSADIN,1286,2,1703401
202720545,UZUMZOR,7449,1,1730212
207237342,YOʻLCHILAR,3174,3,1712248
203649290,YANGI KOʻRPA,724,2,1703211
203828954,XAMZA,721,2,1703211
203648689,QUTLUGʻ,718,2,1703211
203831779,KESAK,715,2,1703211
202694927,SARICHASHMA,4190,1,1718209
207000504,SHERQOʻRGʻON,4194,1,1718209
202694910,SAROY,10967,3,1718209
202820524,VATKAN-QOʻZIBEK,4853,3,1718236
202681018,GOʻRIAVVAL,8296,4,1730412
202511734,OROL BOʻYI,8293,4,1730412
202437438,YANGI BOGʻ,8290,4,1730412
203574964,CHEKSAROY,7393,1,1730209
203552929,QAROQCHITOL,7385,1,1730209
207156468,YUQORI MIRZAOBOD,7395,2,1730209
203268505,BERUNIY,8045,1,1730242
203285571,YUQORI SOYBOʻYI,8056,2,1730242
203361328,PULIMUGʻOB,4716,2,1718233
207300494,SERCHALLI,10895,1,1733226
205789909,IMOMJON QADIMIY YODGORLIGI,4552,2,1718227
202832556,CHARXIN,4571,2,1718227
202832929,SAZAGʻON,4591,3,1718227
202832944,AMIR TEMUR,4575,3,1718227
203728217,NAVBAXOR,4588,3,1718227
203091173,OZOD,10660,4,1718216
202710763,YANGI BOGʻ,7251,3,1727424
202778164,OLMOS,7255,4,1727424
202953445,NAVROʻZ,6299,1,1727224
202911631,GULBOGʻ,6427,1,1727237
202911734,TARIQ-TESHAR,6440,1,1727237
202911576,NAVQIRON,6456,2,1727237
202911616,TOKZOR,6459,2,1727237
302783590,YUKSALISH,3949,3,1714242
202670577,ROVUT,3947,3,1714242
202679611,QORASUV,3940,3,1714242
202665510,BULOQ BOSHI,3952,4,1714242
206976975,ROVOT,3959,4,1714242
205952476,TILLATEPA,3962,4,1714242
303534377,BOSTON,8616,1,1733226
302799318,GANDIMYON,8621,2,1733226
204104107,POLOSULTON,8624,2,1733226
204099422,CHANASHIK,8626,2,1733226
205189848,OQ-KOL,8630,3,1733226
207189291,PONOMAXSIM,8636,4,1733226
202927974,BUNYODKOR,6623,3,1727248
203375357,YUQORI-YUZ,6619,3,1727248
203622144,MAʻRIFAT,6615,3,1727248
202985120,MIRZO ULUGʻBEK,6629,3,1727248
203627065,KOʻPRIK BOSHI,6644,4,1727248
207128794,ESABIY,8358,2,1733208
207128668,BOʻZQALʻA,8364,2,1733208
205907554,BIRLASHGAN,8376,3,1733208
202969069,NAVBAHOR,8373,3,1733208
207111904,PAXTAKOR,8370,3,1733208
207129104,QATARIQ,8389,4,1733208
203942584,AYTIM,3176,4,1712248
202936591,QURUVCHI,3280,2,1712408
202770570,OLAXAMAK,3399,1,1714212
202961641,OQTEPA,2650,1,1710237
201803362,GʻALABA,2644,1,1710237
207088988,TALLIYULGʻUN,2652,1,1710237
201803323,YUKSALISH,2655,1,1710237
202360210,MESIT,2662,2,1710237
304916841,YANGI-HAYOT,7875,4,1730230
304932640,OʻQCHI,7879,4,1730230
204738132,DEMAS,3027,3,1712216
204738084,RABOT,3030,3,1712216
204738100,SHEYXON,3033,3,1712216
204737996,GUMBAZ,3038,4,1712216
204737972,BOʻLAKRABOT,3035,4,1712216
204738006,TAVOIS,3043,4,1712216
203119135,TEPAQOʻRGʻON,7628,1,1730221
203119293,YULGʻUNZOR,7643,2,1730221
203119071,POLOXON,7640,2,1730221
203119278,QUMARIQ,7636,2,1730221
203119254,GʻIJDON,7635,2,1730221
203119056,OLMUROD,7655,3,1730221
203119017,KATTA QASHQAR,7653,3,1730221
203119000,BEGOBOD,7652,3,1730221
203119064,TOʻQSONQOVUN,7646,3,1730221
203119167,TOJIK,7645,3,1730221
202952881,SAYQAL,9462,4,1718401
202943949,RAXMATOBOD,9461,4,1718401
202966753,OLTIN ASR,9459,4,1718401
203936204,OQSAROY,9458,4,1718401
202296432,BOʻSTON,9585,3,1703209
202950172,MEVAZOR,9454,4,1718401
207069662,SAYILTEPA,4154,2,1718206
206490972,BOGʻBON,4160,3,1718206
202829724,KATTAQISHLOQ,4164,3,1718206
202829700,BESHQOʻTON,4159,3,1718206
204743816,QOʻNGʻIROT,4176,4,1718206
202832761,KAMOLOT,4553,2,1718227
203268631,QIZILTEPA,7271,1,1730203
203268569,YANGI XAYOT,7268,1,1730203
207175279,SARDORLAR ,8707,2,1733233
303364351,QORAKOʻZ,8715,2,1733233
303356550,URGANCH,8718,3,1733233
205264596,OSHOQ QALʻA,8394,1,1733212
202933612,NAMUNA,10947,3,1724401
202930782,TARAQQIYOT,10950,3,1724401
202917970,BOGʻISHAMOL,6145,4,1724401
202890304,ANORZOR,5943,1,1724212
206991594,ISTIQLOL,5947,1,1724212
202905353,OLGʻABOS,5991,2,1724216
202905400,GULBULOQ,5993,3,1724216
202905116,MUSTAQILLIK,6000,4,1724216
202890224,SHODLIK,5933,1,1724206
207226443,SAHOVAT,8328,3,1733204
205251454,QALAJIQQALʻA,8326,3,1733204
207064471,OLTINQUM,8336,4,1733204
305555072,BUYUK-AJDODLAR,9824,1,1733220
204354184,YANGI OBOD,8504,1,1733220
305550744,TEMIRCHI MASKAN,9814,2,1733220
205238833,OVSHAR,8537,2,1733220
202678185,OZOD,3624,3,1714224
202678193,OBODON,3623,3,1714224
202664654,KATTA QOʻRGʻONCHA,3617,3,1714224
202686707,SOXIBKOR,3644,4,1714224
202673439,TOSHLOQ,3646,4,1714224
202686739,QASHQARGUZAR,3639,4,1714224
202868162,NURAFSHON,4949,4,1718238
203909386,OQ OLTIN,3053,1,1712230
203942704,KOʻHRON,3049,1,1712230
203032482,YANGI OBOD,3056,1,1712230
302776440,MADANIY YER,8603,4,1733223
202684954,DOʻSTLIK,6101,1,1724235
202894639,OBOD TURMUSH,6112,2,1724235
205206707,QORA-QUM,6109,2,1724235
202894345,XOVOSOBOD,6123,3,1724235
202680952,KARVONSAROY,6118,3,1724235
202799011,QULLUQSHO,5832,3,1722223
202833167,GʻURJAK-1,5828,3,1722223
206997823,HAMZAOBOD,6176,2,1727206
302866108,QOʻSHTEPA,6183,3,1727206
200568553,ELTAMGʻALI,6189,4,1727206
202705959,CHEK,3720,1,1714234
202705887,DOʻSTLIK,3724,2,1714234
202706062,KATTACHEK,3727,2,1714234
202705903,OʻRDABOGʻ,3735,2,1714234
202706269,ELATAN,3738,2,1714234
202800635,GULISTON,3742,3,1714234
202705942,MADANIYAT,3748,3,1714234
202886877,TOSHKESGAN,2089,1,1708220
202794232,OQBULOQ,9516,2,1708220
203339194,ADIROBOD,9523,3,1708220
207124372,SOVOT,2169,1,1708237
201455464,CHAMANZOR,2133,1,1708228
202863565,DILOROM,2138,3,1708228
203084514,SOYBOʻYI,2691,1,1710240
303151689,TARAGʻAY,10800,2,1710242
305058643,AMIR TEMUR,2706,2,1710242
303145860,DOʻSTLIK DIYORI,2710,2,1710242
203084410,TUQMOR,2720,3,1710240
201748709,CHIYAL,2723,3,1710240
303244477,SARCHASHMA,2824,4,1710245
205183674,BESHBULOQ,2254,1,1710212
201047045,QOʻRGʻONTOSH,2257,1,1710212
203055493,ROVOT,1039,1,1703227
203055232,OʻZBEKISTON,1041,1,1703227
203639984,XUJAQISHLOQ,9470,4,1718401
202948695,TURON,9465,4,1718401
202948743,ORZU,9460,4,1718401
202948822,MEHNAT,9455,4,1718401
203003312,XONAQA,1031,4,1703224
204006917,KARNAYCHI,7332,1,1730206
206961529,ISTIQBOL,7335,1,1730206
204011753,OQTEPA,7341,1,1730206
202894360,SARMICH,2175,4,1708237
201614978,ALACHABOB,2432,3,1710229
207079974,MEHMONOBOD,1348,1,1703408
202575590,TEYIT,1358,3,1703408
202575615,ANXOR,1360,4,1703408
202974522,NAVROʻZ,1077,4,1703227
202910815,SANGRAOBOD,1220,4,1703232
202910862,SHUVOQZOR-BOYKECHIK,1224,4,1703232
203055478,BOBUR,1228,1,1703236
203110401,GARAGURI,1237,2,1703236
202461038,KUNCHIQAR,2893,1,1710401
202808995,BOʻSTON,2889,1,1710401
202766574,ISTIQBOL,9768,4,1714367
202135172,KURASHXONA,9762,2,1714401
202139809,ZARAFSHON,10240,3,1714401
202849107,BOYBUL,4851,3,1718236
202681033,SHOLDIRAMA,8249,1,1730412
202609705,UZUN HOVUZ,8252,1,1730412
202681064,DOʻSTLIK,8259,1,1730412
202676347,ZUHRO,8264,2,1730412
202651505,YOYILMA,8272,2,1730412
202833619,GULISTON,8266,2,1730412
202609673,NAVRUZ,8278,3,1730412
202724104,OCHILDIMUROD MIRIY,5194,4,1718406
202724057,ZARIFOBOD,5190,4,1718406
203639937,CHORSHANBA,4701,1,1718233
203909379,GʻUJBOGʻTEPA,3080,4,1712230
203037831,PAXTAKOR,3083,4,1712230
203030454,BURQUT,3079,4,1712230
202067234,BAYMURAT,2984,1,1712211
202999729,ZAFAROBOD,10679,3,1712211
204737957,OQRABOT,3002,1,1712216
204737893,XOʻJAQOʻRGʻON,3007,1,1712216
203247254,POVULGʻON,7263,1,1730203
203257297,XOʻJAQOʻRGʻON,7296,2,1730203
203257337,KOʻMIRCHI,7293,2,1730203
203248885,BOZORBOSHI,7287,2,1730203
202824344,YANGI CHEK,7562,1,1730218
202286168,YURTOBOD,596,2,1703206
202286452,JARTEPA,602,3,1703206
202286437,OLCHAZOR,598,3,1703206
305127485,SHEROBOD,628,4,1703206
202286089,TURKISTON,626,4,1703206
202286531,SARNAVUL,622,4,1703206
202286563,QUMTEPA,619,4,1703206
203826775,NAYNAVO,935,3,1703220
203736168,A. JOMIY,945,4,1703220
200277195,IBN SINO,948,4,1703220
206960560,YANGIYOʻL,6942,3,1727259
202944274,XAQIQAT,6937,3,1727259
202944266,VATAN,6933,3,1727259
207293117,ITTIFOQ,6928,3,1727259
206926349,KOʻKALAMZOR,6961,4,1727259
205042097,BESHOʻGʻIL,2874,4,1710250
203030271,MEVAZOR,2879,4,1710250
203030264,ISHKENT,2876,4,1710250
305190118,OʻZBEKISTON,2576,1,1710234
201565604,CHANDIR,2566,4,1710233
305063377,TOLLIBULOQ,2834,1,1710250
203030256,NURLI YOʻL,2831,1,1710250
202668317,AYGʻIRKUL,2840,2,1710250
205697097,ALAKUYLAK,2841,2,1710250
303485225,NAMUNA,6306,2,1727224
202919708,38-SONLI MAʻRIFAT,7237,4,1727419
303209369,QORONQUL,6309,2,1727224
202953477,MARKAZIY,6312,2,1727224
303192654,TALPIN,6316,3,1727224
203645660,XAYMARI POYON,4698,1,1718233
203640803,YANGIARIQ,4702,1,1718233
202828385,SANOAT,690,4,1703210
204028081,BOʻSTON ,694,1,1703211
204750720,QILICHMOZOR,700,1,1703211
205310389,MADANIYAT,703,1,1703211
202904766,ZARBDOR,6004,1,1724220
205872419,SOYIBOBOD,6008,1,1724220
202904877,OLTIN VODIY,6013,2,1724220
202904956,TERAKZOR,6016,2,1724220
205872441,CHORTOQ,6022,3,1724220
202904631,AHILLIK,6025,4,1724220
303112300,BIRLIK,6881,4,1727256
202918258,ZAX-ARIQ,6964,1,1727265
202918463,KALAS,6976,1,1727265
202918455,UCH-CHINOR,6973,1,1727265
202918448,GULTEPA,6967,1,1727265
202918376,TUTZOR ,6984,2,1727265
202918320,DARHON,6987,2,1727265
202948141,NAVBAHOR,7197,4,1727415
200277188,OLTIN VODIY,956,4,1703220
200277228,OBOD TURMUSH,952,4,1703220
203103512,OQ TOʻNLIK,1094,1,1703230
207093302,UZUMZOR,8315,2,1733204
202706141,FAYZIOBOD,3765,4,1714234
202706126,OQTOVLIK,3761,4,1714234
202706015,QURAMA,3758,4,1714234
202753171,QIRQCHEK,3294,1,1714204
202753117,KICHIK JOMASHUY,3292,1,1714204
202753156,YANGI GULBOGʻ,3303,1,1714204
202730200,QOʻRIQOBOD,3306,2,1714204
207031877,MANGʻIT,2374,3,1710224
204647791,JUMABOZOR,2371,3,1710224
200688816,HILOL,10395,4,1710224
206175216,OʻZBEKISTON,2539,1,1710233
200701815,OBOD,2545,2,1710233
202443479,DOSTLIK,8815,3,1733406
204104082,ANGARIK,8821,4,1733406
202883834,TOZABOG,8819,4,1733406
303209559,ISKANDAR,6319,3,1727224
305393734,OBOD,6322,3,1727224
207292173,YANGIQOʻRGʻON,10755,4,1727224
303363456,YAKKATUT,6340,4,1727224
202882384,AXMAD YASSAVIY,6469,3,1727237
202559024,OʻRIKZOR,10696,3,1726262
202911964,TOʻQIMACHI,6498,4,1727237
202912044,OʻRIKZOR,6503,4,1727237
203245082,ISTIQLOL,7303,3,1730203
203248807,NAVQIRON,7321,4,1730203
203543804,SHODIYONA,7326,4,1730203
203245035,TEGIRMONBOSHI,7322,4,1730203
202871778,QUYI AVAZBOY,7674,1,1730224
203564382,QOʻSHCHINOR,7404,2,1730209
202762636,TARNOV,4314,2,1718215
202733995,YODGORXOʻJA,4303,2,1718215
202724294,A.NAVOIY,4301,2,1718215
202706592,KUMUSHQIRGʻOQ,4326,3,1718215
202702954,YANGIQIYOT,4339,3,1718215
202779749,JAHONOBOD,847,4,1703214
205259554,KAXLAK,2345,1,1710224
200688863,QOVCHIN,2347,1,1710224
200688776,TALLIKURON,2365,2,1710224
202631284,ZARDBOR,10242,3,1714401
201712610,DASHTBOG',10238,3,1714401
202132034,DAMBOGʻ,10236,3,1714401
202769894,BOBURSHOH,10234,3,1714401
204597357,NOVCHANDIR,4616,4,1718227
202832359,BAXSHIBOYI,4602,4,1718227
202832334,BOLTALI,4605,4,1718227
205430722,DOʻSTLIK,4608,4,1718227
202832381,ISKANDARI,4611,4,1718227
202832366,LOLAZOR,4613,4,1718227
202827695,PASTKI XOʻJA XASAN ,7573,2,1730218
200171487,KATTA DEHQONOBOD,7579,2,1730218
202827711,KATTA QASHQAR,7576,2,1730218
202824519,SULTONOBOD,7595,3,1730218
200171534,BAXOR,7603,3,1730218
202824408,YANGIOBOD,7596,3,1730218
207273670,FAROVON,7244,1,1727424
204737940,QALAYI-AZIZON,3000,1,1712216
203213827,GUZAR,551,4,1703203
202837042,OBOD,634,1,1703209
202296384,YANGI QISHOQ,9575,1,1703209
202878618,KOʻTARMACHEK,462,3,1703202
202831479,MARKAZ,465,3,1703202
202834814,XOʻJA,482,4,1703202
202831462,TEMIRXOʻJA,479,4,1703202
202718625,NURAFSHON,972,1,1703224
202695656,BAYNALMINAL,960,1,1703224
203041844,DEXQONOBOD,7859,3,1730230
203003201,NAVOIY,1007,3,1703224
203028731,ARGʻIN,1019,4,1703224
202802102,OLTINVOHA,5836,3,1722223
202782556,YANGIOBOD,2747,3,1710242
203084442,ZARBDOR,2732,3,1710242
203084324,BURONJUZ,2729,3,1710242
305655185,NUROBOD,10805,4,1710242
305517823,YASHNABOD,10803,4,1710242
202782517,BOGʻISHAMOL,2750,4,1710242
305052461,ESKIBOGʻ,2222,1,1710207
202890311,MUQUMIY,5953,1,1724212
202890288,UCHTURGON,5965,2,1724212
202924544,TURGʻUN AXMEDOV,6058,3,1724228
202924529,TOSHKENT,6061,4,1724228
201306664,SHUKRONA,6159,2,1724413
207226744,ABU RAYXON BERUNIY,8300,1,1733204
207226300,PAXTAOBOD,8311,1,1733204
207226238,NAMUNA,8308,1,1733204
200426800,QULONQORABOGʻ,8301,1,1733204
202853260,GULBOG,430,1,1703202
202853245,QASHQAR,434,1,1703202
202853277,MIROBOD,437,1,1703202
203662704,OQTUMOR,451,2,1703202
304011609,OXTA TAGOB,7824,1,1730230
304973076,KICHIK TAGOB,7822,1,1730230
203042161,SHOʻR QISHLOQ,7830,1,1730230
206947963,KARIMOBOD,7833,1,1730230
203041868,ISLOM,7837,1,1730230
203882755,OYDIN BULOQ,7841,2,1730230
203042185,ESKI YAYPAN,7844,2,1730230
202698367,SUXMON,4220,4,1718209
202779828,A.JOMIY,752,1,1703214
202756262,ROVOT,769,1,1703214
202756208,QUMKOʻCHA,795,2,1703214
202756168,UZUNKOʻCHA,801,2,1703214
206955424,CHOʻRTONLIQ,806,2,1703214
202779684,GUDUR,813,3,1703214
202805217,OYBEK,822,3,1703214
202779700,TOʻRAOBOD,826,3,1703214
203130685,ZARKENT,4357,1,1718216
203091244,QOʻRGʻON,4360,1,1718216
203091030,YUQORI SAROY,4364,1,1718216
203245067,JARQOʻRGʻON,7309,3,1730203
303188104,USMON NOSIR,6846,2,1727256
303112862,MADANIYAT,6859,3,1727256
204055532,PAHTAOBOD,6865,3,1727256
202944234,QORA-TEPA,6917,2,1727259
202944170,NIHOL,10703,2,1727259
201047014,OQTOSH,2286,4,1710212
201047084,BESHQOʻTON,2283,4,1710212
202817067,MUSTAQILLIK,2899,1,1710401
202808971,QILICHBEK-QURGʻONCHA,2896,1,1710401
202639960,QILICHLI,4784,3,1718235
202639945,NURDUM,4788,3,1718235
202639921,NURBULOQ,4787,3,1718235
202639827,URTABUZ,4797,4,1718235
207084036,NAVBAHOR,4794,4,1718235
202866498,ALIOBOD,4471,2,1718224
202893061,DOʻSTLAROBOD,4490,3,1718224
202830266,MANIOBOD,4495,3,1718224
202052618,OQQOʻRGʻON,4497,3,1718224
202893085,POLVONARIQ ,4498,3,1718224
207040874,SORISUV,4499,3,1718224
202893039,CHOSHTEPA,4503,3,1718224
202893014,ERNAZARQOʻRGʻON,4504,3,1718224
202052640,BURQUT,4489,3,1718224
202893007,YANGI HAYOT,4520,4,1718224
202872049,NOSGAR,7683,1,1730224
202871936,YANGI YOʻL,7686,1,1730224
204107387,GUMBAZ,7672,1,1730224
202872143,OQ OLTIN,7687,1,1730224
202871840,AMIROBOD,7696,2,1730224
202871872,OQTOMIR,7693,2,1730224
202871912,UCH ARIQ,7705,2,1730224
202872056,ISTIQBOL,7704,2,1730224
202872064,M.TOPIBOLDIYEV,7703,2,1730224
202871990,AR ROSHIDONIY,7702,2,1730224
207151300,FAROVONLIK,7700,2,1730224
203631290,QOʻSHTEPA,3509,1,1714219
202707758,MUSTAQILLIK,3510,1,1714219
202701924,NAVBAHOR,3511,1,1714219
202707702,OBOD,3513,1,1714219
202707780,OLMAZOR,3514,1,1714219
202707805,XAZRATI-BOB,3517,1,1714219
202701821,YUKSALISH,3520,1,1714219
202701814,YAKKATUT,3521,1,1714219
202701624,BIRLASHGAN,3522,2,1714219
202701576,BOGʻ,3523,2,1714219
202701552,GʻURUMSAROY,3525,2,1714219
202701616,ITTIFOQ,3526,2,1714219
202701520,OʻRTA MARGʻIZOR,3538,2,1714219
202701544,YANGIYER,3541,2,1714219
203595219,CHINOR,3540,2,1714219
201575766,GULISTON,2322,3,1710220
207205176,KATTA URA,2323,3,1710220
203295679,AZLARTEPA,2319,3,1710220
202286223,TULKIOBOD,580,1,1703206
202286230,TOVULDI,579,1,1703206
202164454,DUL-DUL,3060,2,1712230
202861505,XONTEPA,661,1,1703210
202828149,CHAQAR,662,1,1703210
202828228,QUMARIQ,667,2,1703210
202828282,BOYMAHALLA,665,2,1703210
202724064,NOQIS,5181,2,1718406
202724144,NURAFSHON,5182,2,1718406
202724208,ALISHER NAVOIY,5173,2,1718406
202724112,BALAND CHORDARA,5174,2,1718406
202876969,QORABOGʻ,5807,1,1722223
202799074,OYINLI,5808,1,1722223
202777728,UZUNSOY,5810,1,1722223
202799035,UCH YOGʻOCH,5811,1,1722223
202798962,XOʻJAQIYA-2,5812,1,1722223
202864968,CHORBOGʻ,5813,1,1722223
202777782,CHOʻMISHLI,5827,2,1722223
204421726,BALXIGUZAR,5814,2,1722223
202777822,BOYBULOQ,5815,2,1722223
202725070,MAJMUNTOL,5820,2,1722223
202802205,MEHNATOBOD,5821,2,1722223
202843811,HAKIMOBOD,5824,2,1722223
205008295,SHEROBOD,5839,3,1722223
202821031,QISHLOQBOZOR,5831,3,1722223
203486868,ISTIQBOL,5829,3,1722223
202799067,CHOʻYINCHI,5838,3,1722223
202798954,XOʻJAQIYA-1,5837,3,1722223
204964873,OQ TEPA,5835,3,1722223
202843828,MEHROBOD,5833,3,1722223
202797290,GʻAMBUR,5842,4,1722223
202777735,KATTA HAYOT,5845,4,1722223
202777774,QOʻRGʻON,5846,4,1722223
203125983,CHUVULLOQ,2725,3,1710240
203681752,TERAK-TAGI,530,2,1703203
203683132,CHEM,533,2,1703203
203683053,CHOʻNGBOGʻICH,9690,3,1703203
203058133,FAYZOBOD,1254,3,1703236
203058014,ORDAY,1251,3,1703236
203057973,MANAK,1249,3,1703236
207301500,MUSTAQILLIKNING 27-YILLIGI,10913,4,1703236
203058054,XIDIRSHA,1262,4,1703236
203055454,MUSTAXKAM,1260,4,1703236
203055439,ANDIJON,1257,4,1703236
202853284,AYRONCHI,428,1,1703202
202853198,JALABEK,432,1,1703202
202867021,KOʻMAKAY,433,1,1703202
202974554,QOVUNCHI,1068,3,1703227
202977240,YANGI HAYOT,1071,3,1703227
202974578,QOʻGʻONCHA,1076,4,1703227
202974561,BOBOXUROSON,1073,4,1703227
202987774,ALITEPA,1072,4,1703227
204074525,KOʻL BOʻYI,617,4,1703206
202286096,JASORAT,614,4,1703206
203640810,MAʻRIFAT,9453,4,1718401
202948632,MATONAT,9452,4,1718401
202948807,MAYSAZOR,9451,4,1718401
202950140,MAQSUD SHAYXZODA,9450,4,1718401
202646748,LOHUTIY,9449,4,1718401
202948664,IPAK YOʻLI,9447,4,1718401
202952960,ZIYOLILAR,9446,4,1718401
202949931,YOSHLAR,9444,4,1718401
202950229,GULLAR BOGʻI,9442,4,1718401
202684836,GULBAHOR,9441,4,1718401
202686904,BOGʻI CHINOR,9440,4,1718401
202666493,XUMO,4234,1,1718212
202680841,BESHARIQ,4223,1,1718212
202673786,BESHKAPA,4224,1,1718212
202724175,KUNJUPAY,5178,2,1718406
202723952,KATTAQOʻRGʻON,5185,3,1718406
202723944,USMON NOSIR,5187,3,1718406
202671852,FAROBIY,1340,4,1703401
202589486,UYGʻUROBOD,1339,4,1703401
303965814,SAFOIY,1338,4,1703401
202679398,BIRLIK,1324,4,1703401
202733458,HOʻTAN-ARIQ,1343,4,1703401
305018050,SADDA,1336,4,1703401
202589193,OZODLIK,1334,4,1703401
305231190,QURGʻONTEPA,10796,2,1710242
207181374,YANGIQURILISH,2728,2,1710242
201748731,QALQAMA,10795,2,1710242
202782524,OʻZBEKISTON,2742,3,1710242
206976524,CHILJIVUT,2743,3,1710242
206995461,YANGIQISHLOQ,2746,3,1710242
207254916,ISTIQLOL,2733,3,1710242
206981281,DURSUN,2731,3,1710242
201748652,QAHRAMON,2734,3,1710242
201748637,PAXTAOBOD,2740,3,1710242
206987961,OQTOSH,2761,4,1710242
203084466,OQ OLTIN,2760,4,1710242
201748763,TORJILGʻA,2763,4,1710240
201748716,UYSHUN,2764,4,1710242
203084474,ARABBANDI,2748,4,1710242
203084331,GULISTON,2753,4,1710240
303275709,QUSH AHXOR,2758,4,1710242
200676142,GULISTON,2211,1,1710207
206730790,OBOD,2278,3,1710212
207182136,TERAKLI,2281,3,1710212
202368555,GUMBULOQ ,10514,3,1710212
305751597,KALTAMINOR,10511,3,1710212
202308558,CHAMBIL,2288,4,1710212
307011344,ZAVQIY,10506,4,1710212
201047006,BOSHCHORBOGʻ,2284,4,1710212
202308534,GʻOʻROTI,2285,4,1710212
207201823,BELIBOYLI,2282,4,1710212
202330209,CHILGAZ,2290,4,1710212
202817218,TABASSUM-1,2887,1,1710401
202807618,XOʻJAXIYOL,2904,1,1710401
202747305,TABASSUM,2901,1,1710401
202807672,MAHALLOT ,2898,1,1710401
202559064,MAGʻZON,2897,1,1710401
202491088,QARLIQBOGʻOT,2894,1,1710401
202817011,KAMANDI,2891,1,1710401
202822513,GEOLOG,2890,1,1710401
203041875,QAYQUOBOD,7835,1,1730230
203674586,TUYUL,7836,1,1730230
303369219,QORATEPA,7849,2,1730230
203674594,AVGʻON,7842,2,1730230
303376051,KATTA QAYNAR,7843,2,1730230
203041890,DOʻSTLIK,7846,2,1730230
205506579,ZIYOLILAR,7848,2,1730230
203904274,YALTIRABOT,3077,3,1712230
203049610,UCH TUT,3075,3,1712230
203032499,XALOVAT-TEPA,3076,3,1712230
203030414,YANGI-KUCH,3078,3,1712230
203047566,YOSH KUCH,3068,3,1712230
203030518,YANGI YOʻL,3085,4,1712230
203030501,OʻZBEKISTON,3084,4,1712230
203030533,QOROVULTEPA,3081,4,1712230
202866119,USHTOBE,2987,1,1712211
202067202,SARJAL,2988,2,1712211
204013949,DOʻRMON,7376,4,1730206
305478667,MUMTOZ,9852,4,1730206
204006860,XALQOBOD,7377,4,1730206
202637330,BOGʻOLONI,10087,2,1718230
203030485,ARMIJON,3058,2,1712230
204371719,DULDUR,490,1,1703203
202547815,SHOSH TEPA,10724,2,1726266
204341969,QOʻQONLIK,493,1,1703203
203691559,QOʻSHARIQ,494,1,1703203
203691534,NAYMANOBOD,499,1,1703203
203345149,OQ ROVVOT,501,1,1703203
203691503,XOʻJA,505,1,1703203
203640408,YUKSALISH,509,1,1703203
203683820,AYLANPA,484,1,1703203
203683077,ZANGIBOBO,516,2,1703203
203683149,QORATUT,520,2,1703203
203681744,QOʻSHCHINOR,523,2,1703203
203683124,GUMBAZ,511,2,1703203
203683156,DARXON,512,2,1703203
203683100,OGʻULLIK,526,2,1703203
203683164,BAHOR,527,2,1703203
202640004,BULOQBOSHI,4792,4,1718235
202639834,OLGʻA,4795,4,1718235
202640029,SAHOBA,4796,4,1718235
202961981,YUQORI BESHKAPA,4801,1,1718236
202818374,POCHVON,4816,1,1718236
202818216,SANCHIQUL,4817,1,1718236
202844612,XONCHORBOG,4928,2,1718238
202844779,SARIOSIYO,4935,3,1718238
202980642,YUQORI ROVOT,1047,1,1703227
203055518,HASANMERGAN,1042,1,1703227
202990890,SHOMAT,1043,1,1703227
203055249,DURAFSHON,1033,1,1703227
202981356,KONCHILAR,1034,1,1703227
202974467,HOʻJAARIQ,1058,2,1703227
203024745,GAR-GAR,1048,2,1703227
202980666,DUKCHI ESHON,1049,2,1703227
205642743,MIRISHKOR,1053,2,1703227
202974546,TOSH YOʻLI,1055,2,1703227
202980627,ERSHI,1070,3,1703227
202987244,BOZORBOSHI,1061,3,1703227
207192789,POLVONOBOD,7698,2,1730224
202871833,GULISTON,7697,2,1730224
202871896,XOJI QISHLOQ,7692,2,1730224
202872104,OʻYRAT,7723,3,1730224
202871556,DASHT PANDIGON,7706,3,1730224
202871643,GUZAR,7707,3,1730224
206975462,PASTKI BULOQBOSHI,7712,3,1730224
202872071,PANDIGON,7716,3,1730224
202871532,NAVBAHOR,7717,3,1730224
202872088,DASHT TEGIRMON,7719,3,1730224
202871714,SAROY,7722,3,1730224
202872111,VOHIM,7729,4,1730224
202724168,QOʻSHHOVUZ,5167,1,1718406
202853300,QOʻSHTEPA,435,1,1703202
202853094,MEHNAT,436,1,1703202
202867060,SADDA,439,1,1703202
202853292,UYGʻUR,441,1,1703202
202853142,SAROY,452,2,1703202
202834767,MAMAYUSUFCHEK,450,2,1703202
202853134,ANDIJON,448,2,1703202
203119104,BUYRAK,7668,4,1730221
203119111,YAKKATUT,7667,4,1730221
203119246,QORAYANTOQ,7664,4,1730221
203119222,SOBIRJON,7663,4,1730221
203119239,CHANG,7662,4,1730221
202689590,NAVR O ʻ Z,7660,4,1730221
202689647,TINCHLIK,7669,4,1730221
203041789,BUZUQOʻRGʻON,7827,1,1730230
203673342,QOʻRGʻONCHA,7828,1,1730230
306170964,ZIYO NURSUX,10820,1,1730230
203041772,BERUNIY,7821,1,1730230
200189510,PASTKI QOʻRIQ,7820,1,1730230
304917570,NAMUNA,7831,1,1730230
203042043,MEVAZOR,7832,1,1730230
203041829,DAXANA QAQIR,7834,1,1730230
202657440,BOʻRONXOʻJA,4225,1,1718212
202679778,CHAQAR,4235,1,1718212
202657457,OʻZBEKISTON,4232,1,1718212
202673762,SUGʻOT,4231,1,1718212
202673730,RAVOT,4229,1,1718212
202654080,KOʻKTEPA ,4227,1,1718212
202657512,GULOBOD,4242,2,1718212
202666478,XONAQA,4252,2,1718212
202673708,TUPOR,4251,2,1718212
202679761,ODIL,4250,2,1718212
202770849,MIRISHKOR,4248,2,1718212
204024634,GARMDON,7367,3,1730206
204011777,DEHQONOBOD,7365,3,1730206
202871484,QORAKALTAK,7361,3,1730206
202871477,LANGAR,7360,3,1730206
204028937,SHODLIK,7359,3,1730206
204024641,BOROT,7358,3,1730206
204470279,KOʻPRIKBOSHI,7369,4,1730206
202589218,NAMUNA,1333,4,1703401
202673010,MADANIYAT,1328,4,1703401
203077538,DEHQONOBOD,1327,4,1703401
202847394,BOBUR,1325,4,1703401
202828124,QUMGUZAR,657,1,1703210
202832864,CHANDIR,4625,4,1718227
202832635,PARCHA CHANDIR,4617,4,1718227
202832825,AGʻRON,4601,4,1718227
207236842,GULOBOD,4607,4,1718227
202832833,JOUL QOSIM,4609,4,1718227
202832342,ZANGIBOYI,4610,4,1718227
202832374,QUYI DARGʻOM,4612,4,1718227
203213810,JEVACHI,554,4,1703203
203213874,ZAVROQ,555,4,1703203
203213866,JAXONOBOD,553,4,1703203
203213859,BUYUK TURON,550,4,1703203
203681680,OTCHOPAR ,9698,4,1703203
203681720,GULISTON,9702,4,1703203
205409872,BOGʻBON,4269,4,1718212
202732902,JURA MAXMUDOV,4271,4,1718212
202654026,ZARTEPA,4273,4,1718212
202679793,MINGLAR,4275,4,1718212
202679785,MOXPAR,4277,4,1718212
202680834,SOHIBKOR,4278,4,1718212
202673747,SHEYXLARKENT,4282,4,1718212
202673636,YUGʻONTEPA,4283,4,1718212
306114145,ZARMITAN,10094,1,1718216
203091180,QUVKALLA,4358,1,1718216
203091276,QIYQIM,4359,1,1718216
203091079,MAYINTEPA,4361,1,1718216
203091284,SHOVANA,4363,1,1718216
203091094,JOʻSH OTA,9856,2,1718216
203272715,YUKSALISH,7299,2,1730203
203272690,MAORIF,7300,2,1730203
202828250,SOXIBKOR,677,3,1703210
202828322,TINCHLIK,678,3,1703210
202823084,SOYBOʻYI,691,4,1703210
202828354,BALANDCHEK,681,4,1703210
202828084,BARLOS,682,4,1703210
202823052,YORBOSHI,684,4,1703210
202823069,KOʻPRIKBOSHI,686,4,1703210
202861465,NEFTCHILAR,687,4,1703210
202823044,RAISH,688,4,1703210
204782024,AQCHA,692,1,1703211
203850004,DOSTONOBOD,695,1,1703211
204016105,QORAGʻUL,701,1,1703211
203650237,QORAYANTOQ,702,1,1703211
203685683,GULISTON,713,2,1703211
203660715,SHARXONCHEKI,723,2,1703211
203646991,TOSHXOVUZ,720,2,1703211
202824558,NAYMAN,7598,3,1730218
202827649,SANOATCHILAR,7590,3,1730218
202975212,OʻRABOSHI,7592,3,1730218
202824415,SOYKELDI,7593,3,1730218
200171455,ITTIFOQ,7594,3,1730218
202849984,TOSHKENT,7615,4,1730218
202778354,OʻRTA QOʻNGʻIROT,7453,1,1730212
207125538,TARRACHI,7441,1,1730212
202778472,DEXQONOBOD ,7451,1,1730212
204081010,AQTOV,3159,2,1712244
204080961,SUKETTI,3160,2,1712244
204080993,KERIZ,3162,3,1712244
204080985,SHIELI,3163,3,1712244
204080954,AYAQQUDUQ,3164,4,1712244
202692914,UZUNQUDUQ,3168,1,1712248
202692898,ALTINTOV,3165,1,1712248
202692938,KOʻKAYAZ,3172,2,1712248
202892902,ABAY,3169,2,1712248
202692906,BOZDUN,3170,2,1712248
203681665,KATTA GUZAR,9704,4,1703203
202296424,PILLAKOR,633,1,1703209
202296377,KOʻXINUR,9572,1,1703209
201979555,NURAFSHON,638,2,1703209
202853174,OʻRTA,455,2,1703202
202853103,TOPTIQ,454,2,1703202
202853159,SAFAROBOD,453,2,1703202
202834735,OQTEPA,467,3,1703202
202831526,SAROY-1,469,3,1703202
202831534,SAROY-2,470,3,1703202
202831486,ITTIFOQ,460,3,1703202
202834750,KATTA OQTEPA,461,3,1703202
202801056,AMIR TEMUR,753,1,1703214
202801071,YUQORI,780,1,1703214
202779843,GURKIROV,788,2,1703214
202779724,BESHTERAK,784,2,1703214
202801088,ANORZOR,781,2,1703214
202756215,TOSHKECHIK,800,2,1703214
202756326,URGANJI,803,2,1703214
204776711,OʻRTAQISHLOQ,804,2,1703214
202756190,YUQORI CHUVAMA,807,2,1703214
202779732,GUZAR,814,3,1703214
202779811,BOTIROBOD,812,3,1703214
202779835,TINCHLIK,824,3,1703214
202680826,ZARBAND,4244,2,1718212
202666485,DOʻSTLIK,4243,2,1718212
206947948,BOʻSTON,4241,2,1718212
202654065,CHINORTEPA,4267,3,1718212
202657472,AZAMAT,4254,3,1718212
202654073,QOʻNGʻIROT,4264,3,1718212
207302468,VATANPARVAR,10899,4,1718406
202724089,SUFI OLLOYOR,5195,4,1718406
202724183,MEHRJON,5193,4,1718406
202724286,ZIYOLILAR,5191,4,1718406
202724025,AMIR TEMUR,5188,4,1718406
203640794,YANGIJOY,4703,1,1718233
203645692,OHALIK,4693,1,1718233
203640859,KOʻSAHO,4690,1,1718233
203643671,MIRONQUL,4691,1,1718233
203640827,OʻRTA OHALIK,4695,1,1718233
203643560,OʻRTASHIQ,4696,1,1718233
203640898,XAYMARI BOLO,4697,1,1718233
203640866,RAJABAMIN,4718,2,1718233
202832628,PARCHAQORA,4618,4,1718227
207103485,PAXTACHI,4619,4,1718227
202832840,ESABOY,4626,4,1718227
202464849,TORARIQ,4621,4,1718227
202832904,FURQAT,4623,4,1718227
202640036,AMIR TEMUR,4764,1,1718235
202824447,KANDABULOQ,7555,1,1730218
202824423,DAMARIQ,7554,1,1730218
202824462,QASHQAR,7582,2,1730218
207083149,PANDIGON,7584,2,1730218
200171470,SOYGUZAR,7586,2,1730218
202827735,YANGIQISHLOQ,7587,2,1730218
202824534,OQQOʻRGʻON,7588,2,1730218
207207244,GUMXONA,7589,2,1730218
200171542,TURKROVOT,7575,2,1730218
202824479,KATTA QISHLOQ,7580,2,1730218
200171510,B Oʻ S T O N,7597,3,1730218
200171559,IFTIXOR,7601,3,1730218
202824565,QAYIRMA,7599,3,1730218
202831502,NAMUNA,466,3,1703202
202853181,UZUNKOʻCHA,471,3,1703202
207130065,MADANIY MEHNAT-2,476,4,1703202
202831454,QAYIRMA,474,4,1703202
202834807,ERKIN,483,4,1703202
202834822,ITTIFOQ,10751,4,1703202
202834774,MAQSAD,478,4,1703202
202718618,BOBUR,965,1,1703224
202718633,BARAKA,961,1,1703224
202692272,AMIR TEMUR,959,1,1703224
202692289,SHODLIK,976,1,1703224
304932181,TINCHLIK,7851,2,1730230
203041979,QUMBOSTI,7853,2,1730230
304991592,FAROVON KELAJAK,7855,2,1730230
306091438,NAVBAXOR,10471,2,1730230
203042146,TURKISTON,10469,2,1730230
202657529,QORAQISHLOQ,4262,3,1718212
202698399,ORLOT,4265,3,1718212
202673754,QIRQYIGIT,4261,3,1718212
202654097,KOʻTARMA,4260,3,1718212
205309016,DEHQONOBOD,4259,3,1718212
202657464,DAMARIQ,4258,3,1718212
202654105,GʻAFUR GʻULOM,4257,3,1718212
202673651,TOYTUYOQ,4266,3,1718212
202828339,UCHTEPA,679,3,1703210
202828314,ZARGʻALDOQ,672,3,1703210
203006309,QAQIR,673,3,1703210
202934373,NAVOIY,675,3,1703210
202828243,SARVONTEPA,676,3,1703210
202820469,YUQORI TEGANA,4822,1,1718236
202657884,BIRLIK,4803,1,1718236
202826626,GʻISHTMACHIT,4804,1,1718236
202818191,KOʻTARMA,4890,4,1718236
207129864,YORMISH,8387,4,1733208
203544430,YANGIOBOD,2612,4,1710234
202807926,BAYNALMINAL,2613,1,1710235
201286754,BALXIYAK,2614,1,1710235
207106093,NURCHI,2626,2,1710235
201286628,PAXTAZOR,2627,2,1710235
203003454,BAHRIN,997,3,1703224
203003074,GʻANCHIYUZ,1000,3,1703224
203003178,KUJGAN,1002,3,1703224
203003122,CHOʻNTAK,1015,3,1703224
203611577,25-QIPCHOQ ARIQ,8160,1,1730405
203536504,30-SADOQAT,8149,1,1730405
203404540,61-MUQIMIY,8177,2,1730405
203603515,19-SHAYXON,8173,2,1730405
205763197,64-SAODAT,10457,3,1730405
203324371,ISTIQBOL,3140,3,1712238
203327225,OQMACHIT,3152,4,1712238
203327289,BOʻDIQ,3147,4,1712238
203339581,IBN SINO,3149,4,1712238
202782699,ZARAFSHON,3180,1,1712251
203480378,XOʻJAQULOBOD,3193,1,1712251
202950956,ABDUXOLIQ GʻIJDUVONIY,1539,4,1706215
304926932,QUYI YAKKATUT,7775,1,1730227
202850614,HOʻJAARIQ,7769,1,1730227
202850337,SOYBOʻYI,7776,1,1730227
203248878,TOSHKENT,7284,2,1730203
203272730,BEGLAR,7282,2,1730203
203257305,ZARXAL,7297,2,1730203
202868115,SHOPULOT,4941,3,1718238
202863691,XOʻJAQISHLOQ,4940,3,1718238
202868130,OʻRTAQISHLOQ,4938,3,1718238
202868186,TEPAQISHLOQ,4937,3,1718238
202868194,TALLIOTA,4936,3,1718238
202863709,SARIBOZOR,4934,3,1718238
202868179,NAVZANDAK,4933,3,1718238
202863716,JUMABOZOR,4932,3,1718238
202844708,ADAS,4930,3,1718238
202806175,KOʻKSAROY,3183,1,1712251
203590390,ISTIQLOL,3182,1,1712251
202740569,NAYMAN,3204,2,1712251
202803544,QUCHCHI,3201,2,1712251
203700972,TOSHLOQ,902,1,1703220
203701006,TADBIRKOR,901,1,1703220
203701038,OBODON,900,1,1703220
203701021,NAFOSAT,899,1,1703220
203700989,NAVBAXOR,898,1,1703220
203700964,QOʻSHTEPA,896,1,1703220
203700885,QOʻTQAR,895,1,1703220
207098144,YANGIER,7657,3,1730221
203569803,PAXTAOBOD,3112,3,1712234
203569810,NARPAY,3110,3,1712234
305468275,OʻZBEKISTON,10932,3,1712234
207213468,BOGʻISHAMOL,3107,3,1712234
203569748,VARQ,3115,4,1712234
202813286,GULOBOD,3116,4,1712234
203569787,KATTA MACHIT,3119,4,1712234
203569770,TALQOQ,3122,4,1712234
202813254,FARHOD,3123,4,1712234
202813279,BESHKENT,10888,4,1712234
202286373,QAXRAMON,571,1,1703206
202286397,QOʻRGʻONCHA,572,1,1703206
202286262,NAVNIHOL,574,1,1703206
202286254,SIZA,577,1,1703206
204032688,YANGI XAYOT,584,1,1703206
204032671,OʻLMAS,581,1,1703206
204028944,QRTA OʻQCHI,7344,2,1730206
204028952,OʻQCHI,7352,2,1730206
207196506,XUMDON,7351,2,1730206
204022146,SARMAZOR,7348,2,1730206
206961084,BOʻSTON,7347,2,1730206
206142257,SAROY,4770,1,1718235
202639881,SARIKUL,4769,1,1718235
202639898,SAZAGʻON ,4768,1,1718235
204269946,MEHNATKASH,4765,1,1718235
202639866,OMONDARA,4778,2,1718235
204309720,HALQABOD,4781,2,1718235
206200263,BOSHQUDUQ,4773,2,1718235
202639874,JOM,4776,2,1718235
202639810,ULUS,4780,2,1718235
204343482,TEGIRMONBOSHI,4779,2,1718235
202639953,MASHʻAL,4786,3,1718235
202704682,OLMAZOR,4213,3,1718209
202704699,ESKI JOMBOY,4215,3,1718209
202698374,QORAMOʻYIN,10763,4,1718209
201180744,SAMARQAND,10764,4,1718209
202820452,GʻIJDUVON,4854,3,1718236
202609680,PICHOQCHI,8275,3,1730412
202678938,ARIQ BOʻYI,8274,3,1730412
202427687,ROXAT,10910,3,1730412
202414434,GALATOY,8282,3,1730412
202681057,YANGI HAYOT,8284,3,1730412
202656807,ALISHER NAVOIY,8287,4,1730412
202681001,CHILONZOR,8298,4,1730412
202567846,CHOR CHINOR,8297,4,1730412
202520328,TOSHLOQ-TEPA,8295,4,1730412
202609713,CHAROGʻON,8294,4,1730412
202674223,YORQIN,8289,4,1730412
202759360,IQBOL,8288,4,1730412
203552912,XOʻJAQISHLOQ,7381,1,1730209
203564540,BOGʻISHAMOL,7391,1,1730209
203561291,CHEKMIRZAOBOD,7390,1,1730209
203561355,AMIROBOD,7387,1,1730209
203090000,QUSHQOʻNOQ,1114,2,1703230
203090088,ESHON QISHLOQ,1119,2,1703230
203090024,NAYNOVO,1121,2,1703230
203103472,DORILOMON,1124,3,1703230
203089926,DOʻLON,1125,3,1703230
202820548,GULOBOD,4806,1,1718236
202818209,IPAKLI,4808,1,1718236
202818184,QUYI ALGAR,4810,1,1718236
202820476,MIRZAQISHLOQ,4814,1,1718236
202820594,QORABULOQ,10750,2,1718236
202818224,BESHKAPA,10969,2,1718236
202818248,TERSAK,4846,2,1718236
202835726,XOʻJAYDUQ,4848,2,1718236
202830338,NISBOT,4840,2,1718236
202826634,JOʻRAPTEPA,4832,2,1718236
202839736,JOZMON,4831,2,1718236
202835654,VAGʻASHTI,4829,2,1718236
202835679,BUNYODKOR,4828,2,1718236
202839696,BEKRAVOT,4824,2,1718236
202830384,BESHYOGʻOCH,4850,3,1718236
204991334,CHORBOGʻ,4183,4,1718206
202871707,CHEK JALAYER,7730,4,1730224
202978549,YANGI BOʻJAY,7733,4,1730224
202872017,TOSHOGʻOLIQ,7734,4,1730224
202613829,TEMIR YOʻLCHI,9968,2,1710401
202817185,SHODLIK,2915,2,1710401
202701394,MUQIMIY,3549,3,1714219
202701441,NUROBOD,3550,3,1714219
202701386,OYBEK,3551,3,1714219
202701798,OBIHAYOT,3552,3,1714219
202701434,OZOD,3553,3,1714219
202131993,MINGTERAK,4006,2,1714367
202146863,FURQAT,4016,2,1714367
202681706,B.MASHRAB,3996,2,1714367
305617968,YOSHLIK,9766,1,1714367
203010731,SOHIL,9764,4,1714367
202777158,ILGʻOR,10244,3,1714401
202258834,ZARKENT,10243,3,1714401
207182208,TARAQQIYOT,10253,3,1714401
202166443,OBOD,10250,3,1714401
202681777,MAʻRIFAT,10249,3,1714401
206940395,LOLA,10247,3,1714401
202439671,BAHOR,10233,3,1714401
202766622,SARDOBA,4037,3,1714401
202365820,SHOʻRTEPA,2989,2,1712211
202067226,QARAGʻATA,2991,3,1712211
202365837,SHOʻRKUL,2993,3,1712211
306369421,KOʻKCHA,10620,4,1712211
202365797,DOʻSTLIK,2995,4,1712211
203226969,YANGI HAYOT,3009,1,1712216
204737964,BOBODOʻGʻI,2997,1,1712216
204737901,HASANCHA,3008,1,1712216
204737885,OʻRTAQOʻRGʻON,3005,1,1712216
204737878,GʻAMXOʻR,2998,1,1712216
203683891,SANOAT,9694,3,1703203
203683021,BOBOGʻOZI,9697,3,1703203
204393105,MAORIF,540,3,1703203
203345164,DEHQON,539,3,1703203
203683014,QORAQALPOQ,9676,3,1703203
203683884,BAXT,9673,3,1703203
203681673,HAQIQAT,9705,4,1703203
203681697,CHILON,9707,4,1703203
202844644,SOCHAK,4951,4,1718238
202844802,ILMOBOD,4946,4,1718238
202844715,UZUNQISHLOQ,4952,4,1718238
202844651,GULOBOD,4944,4,1718238
202844683,DAVLATOBOD,4945,4,1718238
203056341,BESHRABOT,3046,1,1712230
302757227,ARABXONA,3045,1,1712230
203043248,QORAJON,3051,1,1712230
203043224,KESKANTERAK,3048,1,1712230
206947719,KELACHI,3047,1,1712230
203907223,YANGI HAYOT,3055,1,1712230
203030446,ARABSAROY,3057,2,1712230
203030540,XASHMAN,3066,2,1712230
202027536,SAROY,3064,2,1712230
202779717,HAQQULOBOD,774,1,1703214
202756254,TUYACHI,773,1,1703214
202756144,MARKAZ,762,1,1703214
202756405,NAVJUR,765,1,1703214
202756183,TARAQQIYOT,771,1,1703214
202871968,ZARARIQ,7735,4,1730224
202871588,MINOR,7736,4,1730224
202871983,QOZI AHROR,7737,4,1730224
202871667,CHEK NASRIDDIN,7725,4,1730224
207004165,XOʻJA ILGʻOR,7726,4,1730224
202765133,BAYNALMINAL,8246,1,1730412
202759377,XOʻJA PORSO,8247,1,1730412
202406278,KOSIBCHILIK,8248,1,1730412
202609641,UVASIY,8253,1,1730412
202678921,MILTIQSOZ,8254,1,1730412
202677306,QASHQAR,8257,1,1730412
202676315,BAHRIN,8261,1,1730412
202676330,QIRGULI,8263,2,1730412
202674215,NADIRMAT,8262,2,1730412
202683085,TUYAGUM,8273,2,1730412
202683061,TOGʻLIK,8271,2,1730412
202609744,TOSHKESAR,8265,2,1730412
202765125,Z.M.BOBUR,8286,3,1730412
202697914,MUSTAQILLIK ,8279,3,1730412
202759384,UZUMZOR,8277,3,1730412
207174913,YANGIOBOD ,4056,3,1714401
202175543,BOʻSTON,4022,3,1714401
202139784,MAJNUNTOL,4032,3,1714401
202681753,DIYOR,10239,3,1714401
202832650,KICHIK NAYMANCHA,4584,3,1718227
202832604,KATTA NAYMAN,4583,3,1718227
202796790,ILM,4581,3,1718227
202832484,SANCHIQUL,4593,3,1718227
202832500,TEMIR XOʻJA,4594,3,1718227
206816231,TOSHKOʻPRIK,10159,4,1718230
204490261,TAVARRIYON,1555,4,1706215
202972572,POMOʻZA,1552,4,1706215
202593815,JOʻYNAV,1777,1,1706258
202989606,DEHQONOBOD,6245,1,1727220
202815631,GULISTON,6255,2,1727220
203115648,BOBUR-MIRZO,6261,2,1727220
202821356,OʻZBEKISTOM,6266,3,1727220
202836051,XOS,6270,3,1727220
202857588,SHOVA,6273,3,1727220
202845230,NAZARBOY,6279,3,1727220
202903110,AL-XORAZMIY,7172,4,1727413
202912417,FARXOD,7175,4,1727413
302866581,ZARAFSHON,6169,1,1727206
305399575,QOTORTOL,8050,1,1730242
305699828,YANGIBOʻSTON,8053,1,1730242
202911236,TOʻQQIZBOGʻ,1202,3,1703232
206849333,YANGIXAYOT,7463,2,1730212
202720538,QOʻRGʻONOBOD,7477,3,1730212
202720521,BACHQIR,7470,3,1730212
202862392,YASHNAROBOD,7468,3,1730212
202786416,DODXO,7465,3,1730212
202778378,QOʻRGʻONCHA,7481,4,1730212
202786391,INGʻIRCHOQ,7489,4,1730212
202778361,JALOYER,7490,4,1730212
202778346,YANGIQISHLOQ ,7491,4,1730212
202778385,NAYMAN,7485,4,1730212
203118968,MASHAT,7626,1,1730221
202689654,FAROVON,7625,1,1730221
300421615,YANGIOBOD,7629,1,1730221
203119199,BAXRIN,9392,1,1730221
203119207,XASANQORA,7624,1,1730221
300495548,BOBOSHBEK,7632,1,1730221
203118983,SULTON,7620,1,1730221
203417650,ALISHER NAVOIY,3023,3,1712216
309066679,KONSURUN,3029,3,1712216
204738124,XUSBUDDIN,3032,3,1712216
204738060,ARABXONA,3024,3,1712216
204738117,VAROZUN,3025,3,1712216
205704198,OQSOCH,3041,4,1712216
204737989,BUYUK IPAK YOʻLI,3039,4,1712216
204738021,XOMRABOT,3044,4,1712216
204738053,AYRONCHI,3034,4,1712216
203659366,DEHIBALAND,3128,1,1712238
203659303,GULISTON,3127,4,1712412
206855825,GULISTON,9580,2,1703209
206855065,MEXNATOBOD,637,2,1703209
206855334,NAVROʻZ,9588,3,1703209
202703011,KADAN,4306,2,1718215
202698382,BESHBOLA,4216,4,1718209
202698439,QOʻSHTEPA,10722,1,1718215
202702829,QIRGʻIZ,4291,1,1718215
202702764,VALIJON,4287,1,1718215
202702757,QUMOQ,4292,1,1718215
202702796,KATTAMING,4290,1,1718215
202762572,BOLTABEK,4285,1,1718215
202758924,YANGIOBOD,4300,1,1718215
202702868,FAYZIKENT,4299,1,1718215
202702875,NAYMAN,4297,1,1718215
202734109,CHUYANCHI,4318,2,1718215
202734116,MIRZO ULUGʻBEK,4308,2,1718215
202730976,JAVLON,4304,2,1718215
202702789,YANGIRAVOT,4319,2,1718215
202706624,CHAROGʻON,4317,2,1718215
202734091,BOGʻOT,4302,2,1718215
202702772,MULLOTOGʻAY,4311,2,1718215
202733988,OLMAZOR,4333,3,1718215
202734052,POLVONTEPA,4335,3,1718215
202734020,YAKKABOGʻ,4338,3,1718215
202734076,BALANDRAVOT,10189,3,1718215
201238456,SOʻKCHILIK,7801,3,1730227
202850566,HOTINQUMI,7792,3,1730227
304924888,QAMCHIPURUSH,7814,4,1730227
202850280,SHODLIK,7813,4,1730227
202850130,QOʻRGʻONCHA,7811,4,1730227
202850234,PIYOZCHILIK,7810,4,1730227
202850090,VARZAK,7808,4,1730227
304942613,MARKAZIY FARGʻONA,8049,1,1730242
203304697,IJODKOR,8051,1,1730242
202911212,SOY,1200,3,1703232
202911290,SOXIL,1201,3,1703232
202911251,SHOVRUQ,1204,3,1703232
202778418,TOGʻLIQ,7437,1,1730212
207246704,SHOʻR,7442,1,1730212
205417293,BUYUK IPAK YOʻLI,7444,1,1730212
202778274,ELOBOD,7446,1,1730212
202718672,QADRIYAT,970,1,1703224
202701085,KAMOLOT,969,1,1703224
202718657,ISTIQLOL,968,1,1703224
203002947,YANGISOR,996,2,1703224
203002930,FAYZIOBOD,994,2,1703224
203003296,TAJRIBA,992,2,1703224
203002986,OTISH,991,2,1703224
203003304,LABGARDON,988,2,1703224
203003050,QORAQIY,987,2,1703224
203003289,DASTURXONCHI,979,2,1703224
203003035,AHTACHI,978,2,1703224
203569921,YANGIOBOD,3105,2,1712234
203569914,UYROT,3101,2,1712234
203569866,NURAFSHON,3100,2,1712234
203569984,ARABXONA,3099,2,1712234
203569938,AYRONCHI,3097,2,1712234
203569842,JALOYIR,3104,2,1712234
203090174,NOMOZGOX,1149,4,1703230
203090143,SHAHRIXON,1153,4,1703230
203510379,55-ISTIQBOL,10453,3,1730405
206857656,TUMAR,3132,2,1712412
203659310,SHAYXON,3133,3,1712412
203659381,SENTOB,3137,2,1712238
204929622,KATTASOY,3135,2,1712238
203659359,AMIR TEMUR,3134,2,1712238
203671298,TEMIRQOVUQ,3138,2,1712238
203656480,SUVLIQ,3143,3,1712238
203659334,QADOQ,3142,3,1712238
203530425,SAYDATO,3153,4,1712238
203327185,ALISHER NAVOIY,3146,4,1712238
203324435,MIRISHKOR,3150,4,1712238
203330745,GʻAFUR GʻULOM,3148,4,1712238
202668070,AMIR TEMUR,2236,3,1710207
202668016,SOVBOGʻ,2240,3,1710207
200677759,TINCHLIK,2242,3,1710207
200676435,SHAKARBULOQ ,2243,3,1710207
200677505,BUYUK KARVON YOʻLI,2245,4,1710207
200676902,QORAKOʻL,2246,4,1710207
203091205,CHIMMOS,9857,2,1718216
203091237,QORATOSH,4375,3,1718216
203091158,MINISHKOR,10684,3,1718216
306063083,SOHIBKOR,10683,3,1718216
203091213,SHOVA,4381,3,1718216
203091126,PANGAT,4379,3,1718216
203091252,QOVUNCHI,4374,3,1718216
206944904,DOʻSTLIK,10652,4,1718216
203091086,CHORLOQ,10653,4,1718216
206994700,BULOQ,10654,4,1718216
203091134,TEGIRMONOVUL,10649,4,1718216
203425530,MUSTAQILLIK,10655,4,1718216
206985008,ISTIQLOL,4463,1,1718224
202573713,GOʻZAL,4458,1,1718224
203639952,QUYI CHORDARA,4733,3,1718233
203639976,QUYI TURKMAN,4732,3,1718233
203638922,SHAROF RASHIDOV,4729,3,1718233
203643743,BUXORI,4725,3,1718233
203660723,GʻOZICHEKI,712,2,1703211
203647001,GʻALABA,711,2,1703211
203643220,BESHTOL,710,2,1703211
203661627,BESHKARAM ,709,2,1703211
203870034,A RAHMONOV,726,3,1703211
203845104,BOZORBOSHI,727,3,1703211
203650220,GʻAYRAT,729,3,1703211
203660730,DELVARZIN,730,3,1703211
204630427,DEXQONOBOD,731,3,1703211
203852214,NAVOIY,725,3,1703211
203849984,QOʻRTQI,734,3,1703211
305002966,OSUDA HAYOT,736,3,1703211
203828947,UZUN KOʻCHA,740,3,1703211
202778314,SHOʻRQISHLOQ,7462,2,1730212
202778322,TURK,7461,2,1730212
202720474,JILVA,7464,2,1730212
206394624,KUM,7457,2,1730212
207149372,XAKIMTOʻRA,7455,2,1730212
203516504,OLTINQOʻRGʻON,7475,3,1730212
202778250,XONOBOD,7478,3,1730212
202778235,PISHAGʻAR,7472,3,1730212
202778489,BEGOBOD,7471,3,1730212
206396369,PONSOD,7469,3,1730212
202778243,OQTEPA,7467,3,1730212
202862345,BEGLAR,7488,4,1730212
202778393,CHOʻTAKA,7479,4,1730212
202786409,MASLAHAT,7482,4,1730212
202778401,TEPALIK,7484,4,1730212
202720481,OQQOʻRGʻON,7487,4,1730212
202822900,YANGIARIQ,3255,1,1712401
202906178,KIMYOGAR,3259,2,1712401
202906161,CHINOR,3260,2,1712401
202822892,GULZOR,10630,2,1712401
202906146,MUSTAQILLIK,10631,2,1712401
202822917,TURON,10632,2,1712401
203418665,45-ASHURALI ZAXIRIY,8153,1,1730405
203471071,2-SHALDIRAMOQ,8164,1,1730405
203556614,3-TOLZOR,8163,1,1730405
203556621,4-GʻISHTLI MASJID,8162,1,1730405
203510362,5-VAQF CHORSU,10901,1,1730405
203520754,29-CHORCHINOR,8157,1,1730405
203504424,42-AT-TERMIZIY,8179,2,1730405
203421290,14-QAYMOQLI GUZAR,8175,2,1730405
203381342,32-QOʻSHCHINOR,8169,2,1730405
203521981,38-TOʻXLIMERGAN ,8166,2,1730405
203449414,26-BULOQBOSHI,8170,2,1730405
203505945,58-BUNYODKOR,10456,3,1730405
203449406,41-URGANJIBOGʻ,10449,3,1730405
203593134,43-NAVBAHOR,10450,3,1730405
203573181,56-NAVROʻZ,10454,3,1730405
205775886,65-SUNBULA,10459,3,1730405
203611584,54-SHIRIN,10452,3,1730405
202879727,ALISHER NAVOIY,4452,1,1718224
202884175,BIRLASHUV,4455,1,1718224
206691438,BESHQOʻRGʻON,4454,1,1718224
203564374,QASHQARMAKEY,7403,2,1730209
203561324,KONIZAR,7401,2,1730209
203579316,SAMARQAND,7398,2,1730209
203561309,MAYLAVOY,7396,2,1730209
203564343,XITOY,7412,3,1730209
304948217,NURAFSHON,7409,3,1730209
203564461,QOʻSHTEGIRMON-2,7418,3,1730209
203564454,QOʻSHTEGIRMON-I,7419,3,1730209
203564407,ULTARMA,7423,3,1730209
203564422,DASHT,7424,3,1730209
304960006,YUKSALISH,10726,3,1730209
203574988,QOʻGʻOLI,7415,3,1730209
203574924,IRGʻOLI,7414,3,1730209
203564328,MUQUMIY,7436,4,1730209
304952704,BEKOBOD,7432,4,1730209
203564493,DOʻSTLIK,7426,4,1730209
203828994,DOʻSTLIK,744,4,1703211
203829004,IBRAT,745,4,1703211
205310396,KOʻTARMA,746,4,1703211
203646984,OXUNBOBOYEV,748,4,1703211
202692945,SHALXAR,3177,4,1712248
202960144,ALISHER NAVOIY,3277,1,1712408
203041947,QUDASH,7858,3,1730230
203041923,QIRQKETMON,7857,3,1730230
306056811,NURLI KELAJAK,10903,3,1730230
203042107,SOCHTEPA,7871,3,1730230
200189574,YAYPAN GUZAR,7862,3,1730230
203042193,YAKKATUT,7860,3,1730230
200189645,QULIBEK,7868,3,1730230
203042154,OʻQCHI-DASHT,7881,4,1730230
203041812,OBOD QISHLOQ,7883,4,1730230
203042139,BOGʻI ERAM,7884,4,1730230
207295304,OʻQCHI-TUMAN,10636,4,1730230
203041908,SHAKAR OBOD,7876,4,1730230
203751087,BOʻSTON,7877,4,1730230
204737767,HAFQORIYON,3021,2,1712216
204737799,VANGʻOZI,3012,2,1712216
204737854,KULOLON,3013,2,1712216
206919751,MADANIYAT,3015,2,1712216
203259531,KATPUT,7318,3,1730203
203248799,GULOBOD,7317,3,1730203
203296510,ZILOL,7316,3,1730203
203003082,QURAMA,1004,3,1703224
203003114,BOZORBOSHI,998,3,1703224
203003193,BOʻZARIQ,999,3,1703224
203003423,YANGIOBOD,1018,3,1703224
203003154,YUQORI BOʻZ,1017,3,1703224
203003099,TURON,1012,3,1703224
203002962,SAIDOBOD,1011,3,1703224
203003430,NIYOZBOTIR,1009,3,1703224
203477539,44-AVGʻONBOGʻ,8154,1,1730405
202742289,GULISTON,1288,2,1703401
202742408,BOʻSTON,1287,2,1703401
203091291,TOZ,9861,2,1718216
203091197,JONBULOQ,9866,2,1718216
203091062,OQCHOBSOY,9868,2,1718216
206989476,OʻRTA SOY,9872,2,1718216
203091054,YANGIQISHLOQ,9865,2,1718216
306251965,SORIGUL,9862,2,1718216
203832286,NURAFSHON,9528,4,1708220
201454838,ANDIJON,9531,4,1708220
202894338,YANGIOBOD,2170,1,1708237
202916735,SAKSON OTA,9397,2,1727239
204597697,BULOQ BOSHI,6535,2,1727239
202893497,QORASUV,9395,2,1727239
201684987,MAʻRIFAT,9396,2,1727239
206988675,MIYAM QANGLI,9406,2,1727239
206988668,BAHOR,6547,3,1727239
202935507,NURAFSHON,6542,3,1727239
204597665,UCHCHINOR,6544,3,1727239
202916728,ISTIQBOL,6546,3,1727239
202823607,BOʻSTON,3394,1,1714212
202770089,GULDIROV,3395,1,1714212
205403177,BOZORBOSHI,3393,1,1714212
202740971,MUSTAQILLIK,3316,3,1714204
202753250,QOʻGʻOLIKOʻL,3314,3,1714204
202753274,QAYROGʻOCHOVUL,3313,3,1714204
202753188,SERXARAKAT,3324,4,1714204
202766654,PAXTAKOR,3323,4,1714204
202766685,INGICHKA,3321,4,1714204
202681824,YANGI XAYOT,3598,1,1714224
202686746,SOHILOBOD-1,3590,1,1714224
204986893,TURKISTON,1901,2,1706403
202914714,ABDULLA QODIRIY,1898,2,1706403
202914667,ARABXONA,1904,3,1706403
202685454,ZIYOKOR,1906,3,1706403
202914722,XOʻJABARGI,1912,4,1706403
202914707,ZIRABOD,1909,4,1706403
204124256,MUGʻONCHA,10627,1,1706242
204804937,BAXTIYORCHI,1677,1,1706242
200978526,QIZIL RAVOT,1679,1,1706242
200978479,QOʻRGʻON,1680,1,1706242
204125294,OʻZBEKISTON,1682,1,1706242
204135718,XOSA,1690,2,1706242
200978486,CHELONGʻU,1692,2,1706242
203214113,GAZLI,1686,2,1706242
204577319,QAHRAMON,10642,2,1706242
203334185,IBN SINO,1700,3,1706242
204105549,MIRISHKOR,1703,3,1706242
204587109,ATTARON,1694,3,1706242
204119689,TARNAUT,1706,3,1706242
204581924,BOGʻCHA,1697,3,1706242
202263892,SHERALI,2221,1,1710207
200676980,DOʻSTLIK,2214,1,1710207
202667974,YONQISHLOQ,2215,1,1710207
200678740,GULSHAN,2212,1,1710207
201572819,YANGIOBOD,2234,2,1710207
203637987,YARGʻUNCHI,2235,2,1710207
206867439,MOʻMINOBOD,2228,2,1710207
201561887,BATOSH,2226,2,1710207
207125291,MUSTAQILLIK,10743,2,1710207
203843644,TUYALAS,749,4,1703211
203857223,NAVOIY,9670,4,1703211
202980659,PAXTAKOR,1037,1,1703227
204552136,GULISTON,883,4,1703217
202293294,BIRLIK,10823,2,1703220
203701014,YANGI BOʻSTON,906,1,1703220
202818359,YETTI OʻYLIK,4856,3,1718236
202820563,JARQISHLOQSI,4857,3,1718236
202855170,ISHCHANSI,4859,3,1718236
202818334,QUYI GUZAR,4861,3,1718236
202833024,QUYIQISHLOQ,4862,3,1718236
308673479,MIRZABOGʻLON,4863,3,1718236
202820413,MOʻMINOBOD,4865,3,1718236
202837747,RAHMATOBOD,4868,3,1718236
202830432,TERAK,4872,3,1718236
202863866,UZUN,4875,3,1718236
202906139,MATONAT,9478,3,1712401
202906122,OLTIN VODIY,9477,3,1712401
202906114,DUSTLIK,3262,3,1712401
202906107,XUMO,9475,3,1712401
203569906,YOSHLIK,9481,3,1712401
202822924,ORZU,9942,4,1712401
202822884,OʻZBEKISTON,3274,4,1712401
202906099,BAHOR,3270,4,1712401
203569960,DEGARON,3087,1,1712234
203569834,PAXLAVON,3094,1,1712234
203569992,SARDOBA ,3095,1,1712234
203569898,QAHRAMON,3092,1,1712234
204486273,CHIGʻATOY,8648,1,1733230
204392580,YANGI BURLOQ,8649,1,1733230
200911593,PAXTAKOR,8651,1,1733230
207240428,QUNDUZ,8653,1,1733230
204543724,POʻLAT,8643,1,1733230
204135306,IDALIQALʻA,8656,1,1733230
204494858,QIYOT,8655,1,1733230
304985045,QIRGʻOQ BOʻYI,8658,2,1733230
204526562,ARBOB,8668,2,1733230
206987606,ASAVEY,8664,2,1733230
204392605,BUNYODKOR,8660,2,1733230
205933128,MONOQ,8659,2,1733230
204540261,BESHMERGAN,9809,2,1733230
204540278,YANGIYOʻL,9810,2,1733230
204313044,BOʻSTON,8683,3,1733230
205872394,SOHILOBOD,6015,2,1724220
202904884,FURQAT,6017,2,1724220
205872458,BESHBULOQ,6020,3,1724220
202904860,MUSTAQILLIK,6021,3,1724220
202904609,ALISHER NAVOIY,6023,4,1724220
202904806,IBRAT,6028,4,1724220
202677979,PANJI,2473,1,1710232
204151864,JALOIR,8380,4,1733208
204055564,SARBOZOR,9812,4,1727256
303277372,BOGʻBON,6871,4,1727256
303277444,MEVAZOR,6873,4,1727256
303112253,SUT-BULOQ,6875,4,1727256
303112260,SUTCHILAR,6876,4,1727256
303112277,CHORVADOR,6877,4,1727256
303300336,MARKAZIY,6883,4,1727256
202918241,EʻZOZ,6965,1,1727265
207243004,QIZGʻALDOQ,6963,1,1727265
202822480,NEFTCHI,9983,3,1710401
202798091,GUNGON,9979,3,1710401
202817099,OYDIN,9989,3,1710401
202807657,XUDAYZOD,2943,4,1710401
202817004,ZOGʻZA,2935,4,1710401
202491017,SHAYHALI,2947,4,1710401
202363340,ESKIANXOR,2948,4,1710401
202791269,NASAF,2939,4,1710401
202817074,ARABXONA,2930,4,1710401
202817107,ROGUZAR,2941,4,1710401
305037503,OSG NURAFSHON,2470,1,1710232
202859316,NEKOʻZ,10767,4,1710229
305222463,BOGʻISHAMOL,10769,4,1710229
202859291,DARCHA,10762,4,1710229
207072447,QANOTLI,2686,3,1710240
201748787,KOʻKDALA,2685,1,1710240
207059667,TOLOVUL,6190,4,1727206
202958145,OQDARYO,2774,1,1710245
204027843,MEVAZOR,2772,1,1710245
303244484,ABZIYAT,2766,1,1710245
305907281,RAVOT,10919,1,1710245
203808512,QUTCHI,10892,2,1710245
305907321,NURAFSHON,10898,2,1710245
305848830,OLMAZOR,10894,2,1710245
303244453,YANGIOBOD,10890,2,1710245
204022502,TUDAMAYDON,2791,2,1710245
303244517,TEPAR,2790,2,1710245
304977901,OQ OLTIN,2786,2,1710245
202795476,UZUN,2122,1,1708225
202795681,YORQIN,2125,2,1708225
202795674,PISTALIKENT,2127,3,1708225
202795666,LOLAZOR,2128,4,1708225
202861703,TOSHKENT,2132,1,1708228
201740893,BUYUK IPAK YOʻLI,2130,1,1708228
201740878,PAXTAKOR,2135,2,1708228
202382792,SUVONOBOD,2136,2,1708228
201455488,BOGʻISHAMOL,2137,3,1708228
201455471,MINGCHINOR,2139,3,1708228
201740885,OQ BULOQ,2142,4,1708228
202863541,DOʻSTLIK,2140,4,1708228
202924339,SANGZOR,1937,1,1708204
202678541,BOʻSTON,6381,4,1727228
202782549,CHOSHTEPA,2700,1,1710242
201748676,CHORVADOR,2699,3,1710240
202782564,CHIROQCHI,2698,1,1710242
304980384,XUSHALI,2697,1,1710240
203309627,HARDURI,2696,1,1710240
203084427,OʻTAMAYLI,2695,1,1710240
207181224,TOSHLI,2693,3,1710240
202890200,BOʻSTON,5935,2,1724206
207185550,FAROVON,6974,1,1727265
202918409,ZARGAR,6977,1,1727265
204094635,MAJNUNTOL,6978,1,1727265
202922981,SAYQAL,10949,3,1724401
202933589,OBOD YURT,10946,3,1724401
202933572,MAʻNAVIYAT,10961,4,1724401
202933604,BAHOR,10959,4,1724401
202941484,MADANIYAT,10960,4,1724401
202890399,BOBOYURT,5945,1,1724212
202890367,GULBOG,5946,1,1724212
202890414,QARAPCHI,5949,1,1724212
202890232,MARKAZ,5951,1,1724212
302778059,NAVRUZ,5954,1,1724212
202890343,OʻZBEKISTON,5957,1,1724212
302778027,FARHOD,5958,1,1724212
202876059,BAXORISTON,6046,1,1724228
202876042,YOʻLDOSHOBOD,6047,1,1724228
202922848,XAQIQAT,6049,1,1724228
202905020,NURAFSHON,6053,2,1724228
202924575,NAVROʻZ,6052,2,1724228
202927817,DOʻNGARIQ,6051,2,1724228
203875859,DOVUD,1751,3,1706246
202991233,QAROLI,1752,3,1706246
203875827,QOROVUL,1753,3,1706246
201561816,PAXTAZOR,2250,4,1710207
206958736,ESHONQUDUQ,2253,4,1710207
202668024,XOʻJAGUZAR,10318,4,1710207
207147122,DOʻSTLIK,6729,3,1727250
204645620,SHODLIK,2176,4,1708237
202940106,A.NAVOIY,2035,1,1708215
202940098,CHINOBOD,2040,2,1708215
202836036,ILGʻOR,6282,3,1727220
201614946,YUKSALISH,2431,2,1710229
202861917,GULISTON,2415,2,1710229
203062422,QORABAYIR,2418,2,1710229
206997284,UYROT,2445,3,1710229
202901952,CHIROQCHI,2447,3,1710229
202839253,YAKKASAROY,2448,3,1710229
202839174,DOʻSTLIK,2434,3,1710229
202839245,NAVBAHOR,2438,3,1710229
202859244,MOʻLALI,2437,3,1710229
202839206,PAXTAZOR,2440,3,1710229
206835200,RAHIMSO'FI,2441,3,1710229
202839181,SARIPUL,2442,3,1710229
203705474,XOʻJAQUDUQ,2446,3,1710229
202859331,JIZZALIK,2451,4,1710229
202839221,RAVOT,2460,4,1710229
202839214,REGZOR,2461,4,1710229
202689314,QOʻSHQAYRAGʻOCH,3587,1,1714224
202686761,QODIROBOD,3586,1,1714224
202678107,ZARBDOR,3584,1,1714224
202681817,GULQISHLOQ,3583,1,1714224
202686722,UZUMZOR,3591,1,1714224
202673367,OʻRDA,3592,1,1714224
202689322,CHORBOGʻ,3595,1,1714224
202689307,BORDIMKOʻL,3581,1,1714224
202673407,CHUST KOʻPRIK,3612,2,1714224
202352315,QORATEPA,2676,4,1710237
201803308,QAMASHI,2675,4,1710237
205856904,DOʻSTLIK,2674,4,1710237
202540896,YANGIDALA,2110,1,1708223
202540840,MUSTAQILLIK,2109,1,1708223
202540929,BOGʻBON,2111,2,1708223
202540872,MIRZADALA,2113,2,1708223
202540912,PAXTAZOR,2115,3,1708223
202540904,OʻZBEKISTON,2116,3,1708223
202540825,GʻALABA,2114,3,1708223
202540889,TOSHKENT,2119,4,1708223
202540857,DOʻSTLIK,2118,4,1708223
200340577,GULZOR,2117,4,1708223
204129479,GULISTON,1698,3,1706242
204790735,HOFIZRABOT,1721,4,1706242
204599060,HAZORTUT,1720,4,1706242
204968851,OʻTABEK,1718,4,1706242
204790743,NAVBAHOR,1716,4,1706242
204136770,MARZIYA,1715,4,1706242
204587091,QOQISHTUVON,1713,4,1706242
204578507,BOGʻISAYDON,1709,4,1706242
203870153,LUQMON,1728,1,1706246
202975513,IBN SINO,1726,1,1706246
203875866,DALMUNOBOD,1723,1,1706246
203870145,YOSH KUCH,1724,1,1706246
203875906,HAZORMAN,1747,2,1706246
205588612,SAMONCHUQ,1743,2,1706246
202975480,XUMDONAK,1745,2,1706246
202972636,QALMOQ,1739,2,1706246
202668055,NAVROʻZ,2217,1,1710207
202922744,KOʻRKAM DIYOR,5936,2,1724206
202890217,AXILLIK,5934,2,1724206
202442812,ZAXOKIMARON,9961,2,1710401
202794343,OQTEPA,9966,2,1710401
202816994,BATOSH,9957,2,1710401
202491095,NAQSHAB,9965,2,1710401
202822473,SHOXBEKAT,9969,2,1710401
202817050,SHURTANGAZ,9970,2,1710401
202817193,QAVALI,2921,3,1710401
202686460,OTCHOPAR,10003,3,1710401
203330738,TURKO,3154,4,1712238
204567575,NOVJA,3185,1,1712251
207199834,BOGʻCHAKALON,3179,1,1712251
202911323,AVOQLI,3178,1,1712251
203480385,TOSHQULOQ,3192,1,1712251
203453663,TINCHLIK,3191,1,1712251
202740616,SAMARQAND,3189,1,1712251
202782754,POLVONOTA,3188,1,1712251
202782707,NAVRUZ,3184,1,1712251
203564501,BEDARAK,7429,4,1730209
202778307,OZOD,7447,1,1730212
202778425,TUMAN,7440,1,1730212
202871699,QALAYNAV,7676,1,1730224
206855105,DUTIR,7678,1,1730224
205186069,ALIJON,10285,3,1718215
202698478,OMONBOY KOʻPRIK,10194,3,1718215
204387088,BUNYODKOR,10287,3,1718215
203248782,SHALOLA,7315,3,1730203
203259594,BUNYODKOR,7314,3,1730203
203245043,ESKIARAB,7311,3,1730203
203290890,QOʻRGʻONCHA,7310,3,1730203
203245074,BIRLASHGAN,7308,3,1730203
203268742,MUSTAQILLIK,7306,3,1730203
203259524,YANGIARIQ,7301,3,1730203
203245028,GʻAYRAT,7302,3,1730203
203248767,OQBOʻYRA,7328,4,1730203
202486385,FAYZIOBOD,7327,4,1730203
203290875,ZILXA,7323,4,1730203
203253366,YANGITURMUSH,7329,4,1730203
202871761,JAHONOBOD,7684,1,1730224
202871785,YUQORI AVAZBOY,7670,1,1730224
207127828,TOʻRAOBOD,7673,1,1730224
205650014,CHOʻNGARA,7675,1,1730224
304956112,SAIDOBOD,7408,2,1730209
203561331,MIRZAOBOD,7406,2,1730209
201180887,GULISTON,4217,4,1718209
204028074,QASHQAR,717,2,1703211
203857208,QADAQSIN,716,2,1703211
202829638,XOʻJAMAZGIL,4182,4,1718206
202829660,XOʻJABACHCHA,4181,4,1718206
207097082,GULOBOD,4174,4,1718206
206985331,BESHKUBI,4173,4,1718206
202829684,OQTEPA,4177,4,1718206
201181331,SHODLIK,4195,1,1718209
202722684,TUT,4193,1,1718209
202732854,TOʻQQIZBOY,4192,1,1718209
207064464,HURRIYAT,4191,1,1718209
202700324,KATTA QISHLOQ,4187,1,1718209
201180720,A.QURBONOV,4185,1,1718209
200736914,XOLVOYI,10431,1,1718209
202700332,POLVONARIQ,4203,2,1718209
202704722,NOGAHON,4202,2,1718209
202704739,QOʻLBOSTI,4200,2,1718209
202709114,QANGLI,4198,2,1718209
201180713,TOSHKENT,4214,3,1718209
202704746,DEXQONOBOD,4208,3,1718209
206999654,QUDUQLI,4210,3,1718209
202881686,TINCHLIK,3283,3,1712408
202977035,DAUGIZTAU,10930,3,1712408
202969930,YULDUZ,3288,4,1712408
202964978,BAHOR,3284,4,1712408
202906067,YANGIOBOD,3256,1,1712401
202906043,BUNYODKOR,3247,1,1712401
202906011,GULISTON,3248,1,1712401
202822964,ISTIQLOL,3250,1,1712401
203099257,BEG-BACHCHA,1085,1,1703230
203269567,DOʻRMON,1086,1,1703230
203090182,QALACHA,1088,1,1703230
203090214,QOZIQOʻRGʻON,1090,1,1703230
203103551,QUM,1091,1,1703230
203090222,YANGI TURMUSH,1103,1,1703230
203090071,QUMTEPA,1110,2,1703230
204525065,QOʻRGʻONCHA,7,2,1703230
203135773,BOBOCHEK,1106,2,1703230
203090017,QORABOʻYIN,1109,2,1703230
204737774,OQMACHIT,3017,2,1712216
204737822,PAXTAOBOD,3018,2,1712216
204737814,BASHIR,3011,2,1712216
204737846,BALANDGʻARDIYON,3010,2,1712216
204738092,AZIZOBOD,3022,3,1712216
203639897,KONIGIL,4709,2,1718233
203639865,QOZIARIQ,4711,2,1718233
203639873,QOʻSHTAMGʻALI,4713,2,1718233
204580094,NAVOBOD,4714,2,1718233
203524305,RAVONAK,4717,2,1718233
203234112,TALIBARZUI BOLO,4719,2,1718233
203643592,CHAMAN,4721,2,1718233
203466314,SHOʻRBOI,4723,2,1718233
203317554,URGANJI,4738,3,1718233
203638946,NAVBOGʻ,4736,3,1718233
202850638,TOGʻLIQ,7804,3,1730227
202727829,ISHCHILAR,1290,2,1703401
202589479,YAXSHI,1323,3,1703401
204904923,SHIFOKOR,1322,3,1703401
202589178,SOY,1319,3,1703401
202821546,19-ZARBDOR,8078,1,1730401
200151464,GULISTON,8080,1,1730401
202505219,21-BOʻSTON,8081,1,1730401
202646502,TOʻQIMACHILAR,8083,1,1730401
202623285,36-LOLAZOR,8088,1,1730401
202925907,53-BEGLAR,8089,1,1730401
200151488,22-MUSTAQILLIK,8091,1,1730401
202578999,MEXRIBONLIK,8101,2,1730401
202982078,69-SURXTEPA,10900,2,1730401
203640834,DASHTIOBOD,4750,4,1718233
203560934,OQMACHIT,4760,4,1718233
203272271,OBOD,4759,4,1718233
203639905,QOʻSHMACHIT,4757,4,1718233
204275235,QOʻSHKOʻPRIK,4756,4,1718233
203176249,QUMZOR,4755,4,1718233
203640763,SHALGʻAMON,4763,4,1718233
202911022,GULDIYOR,9758,4,1703232
202911046,MUSTAHKAM,9755,4,1703232
203117185,GULISTON-PASTQISHLOQ,1207,4,1703232
202910854,OBOD,1218,4,1703232
202910823,TUPOBJUVOZ,1221,4,1703232
202910847,XAYRAOBOD,1222,4,1703232
202910926,DURDIYOR,9760,4,1703232
203057997,KARNAYCHI,1229,1,1703236
203058125,NAVBAHOR,1230,1,1703236
203055422,TOSH OTA,1233,1,1703236
203058118,NAVOIY,1231,1,1703236
203055446,BAHRIN,1226,1,1703236
203058007,CHIMBULOQ,1245,2,1703236
203150416,SOLPI,1243,2,1703236
203055414,SANOATCHILAR,1242,2,1703236
203058061,KOʻPRIKBOSHI,1240,2,1703236
203055367,IPAKCHI,1239,2,1703236
203055407,DILKUSHOD,1247,3,1703236
207106046,IBN SINO,2631,3,1710235
202807894,OBOD,2633,3,1710235
202807854,TINCHLIK,2634,3,1710235
201718095,SHIRINOBOD,2635,3,1710235
202807886,ISTIQBOL,10852,3,1710235
207191268,CHORVADOR,2086,4,1708218
202886853,DUOBA,2080,4,1708218
202943212,GʻALLAKOR,2079,4,1708218
202886845,OQAR,2088,1,1708220
202794256,MUSTAQILLIK,9515,1,1708220
202943236,YOSHLIK,9512,1,1708220
201454814,LALMIKOR,2091,2,1708220
202794304,YANGIOBOD,9521,2,1708220
206979529,YANGI HAYOT,9519,2,1708220
202794288,SHODLIK,9524,3,1708220
202794295,NAVROʻZ,9527,3,1708220
204474859,NAVOIY,9530,4,1708220
203089886,SOXIOBOD,1131,3,1703230
203089902,TUMOR,1133,3,1703230
202640051,SHARQ YULDUZI,4772,1,1718235
206937857,AYLANMAJAR,7793,3,1730227
201238274,YAKKOVUT,7794,3,1730227
202850534,KOʻLARIQ,7795,3,1730227
202850527,BESARANG,7797,3,1730227
202850202,KATTA-KOʻCHA,7799,3,1730227
201238449,KONIZAR,7791,3,1730227
304921630,SADDA,7789,3,1730227
202319924,SARIQ JOʻGA,9587,3,1703209
202340156,GULSHAN,9589,3,1703209
206853535,BOGʻI ERAM,9590,3,1703209
203298516,DAVLATOBOD,9586,3,1703209
202296449,MAORIF,9594,4,1703209
206855058,YAKKA TOL,654,4,1703209
202296417,GUZAR,9591,4,1703209
206824174,BOʻSTON,870,1,1703217
204232644,YANGIOBOD,873,1,1703217
206825102,SARIQ SUV,871,1,1703217
204232605,CHOʻLOBOD ,878,2,1703217
204232597,TERAKZOR,875,2,1703217
207226388,NUROBOD,10912,2,1703217
204232613,MINGCHINOR,879,3,1703217
204232620,OQ TOM,885,4,1703217
204232573,AVULMAT,884,4,1703217
202850470,TURVAT,7782,2,1730227
202850219,OBISIYO,7786,2,1730227
202850320,FAROGʻAT,7787,2,1730227
202718689,HAMDOʻSTLIK,975,1,1703224
202694475,ULUGʻBEK,974,1,1703224
202718601,OʻZBEKISTON,973,1,1703224
202779771,TOʻRTKOʻL,827,3,1703214
202801095,ELATAN,833,3,1703214
202756247,YANGI AVLOD,836,3,1703214
202756437,BARHAYOT,839,4,1703214
202809622,BIRLASHGAN,841,4,1703214
202756279,GULISTON,842,4,1703214
202756230,DARYOBOʻYI,844,4,1703214
202779867,JONOBOD,846,4,1703214
202756413,ZARBDOR,849,4,1703214
202779874,QOʻSHKOʻPRIK,853,4,1703214
202779692,OBOD,855,4,1703214
202756420,SOLBOSHI,858,4,1703214
204804762,SHINAM,864,4,1703214
202756380,SHODLIK,866,4,1703214
202311040,NAVBAHOR ,1273,1,1703401
202638052,SANOAT,1275,1,1703401
202727069,3-SON,1270,1,1703401
202720269,DOʻSTLIK,1268,1,1703401
203089482,BOG'I ERAM,1265,1,1703401
203552896,MIRISHKOR,7384,1,1730209
203564533,SAMANDARAK,7394,2,1730209
203276377,TOSHXOVUZ,8047,1,1730242
203272644,ITTIFOQ,8046,1,1730242
203152800,JOʻYI ABBOS,4707,2,1718233
203597904,JOʻY-SOY,4708,2,1718233
202799028,BUYUK IPAK YOʻLI,5841,4,1722223
202843771,BAHOR,5840,4,1722223
202777814,XOʻJGI,5847,4,1722223
204486265,MADANIYAT,8647,1,1733230
202915665,SHAYXONTOHUR,10837,2,1726277
202706617,NOMOZPOLVON,4332,3,1718215
202702915,QUSHBEGI,4330,3,1718215
202702923,QORAKOʻLCHA,4329,3,1718215
202734069,QORADARYO,4328,3,1718215
202702930,KUMUSHKENT,4327,3,1718215
202698422,KATTAKOʻRPA,4325,3,1718215
202706600,YONBOSHSOY,4344,4,1718215
202706649,OYJON,10308,4,1718215
202706664,JUMABOY,10305,4,1718215
202703004,MOYBULOQ,4349,4,1718215
202702979,QOQSOY,4346,4,1718215
202818303,CHOSHTEPA,4878,3,1718236
202830528,ANDAK,4880,4,1718236
202855194,YUQORI KALANGAR,4903,4,1718236
202849114,NAVROʻZ,4904,4,1718236
202830353,SOʻFIYON,4897,4,1718236
202818310,OʻZBEKISTON,4895,4,1718236
202833000,NAVBOGʻ,4892,4,1718236
202820603,KULOLLIK,4889,4,1718236
202826619,JAYRATEPA,4886,4,1718236
202818294,DOʻSTLIK,4885,4,1718236
304925768,GULISTON,8059,2,1730242
204418768,QORASOY,8061,3,1730242
203278019,QORATEPA,8063,3,1730242
203278041,PORLOQ,8067,3,1730242
203292287,GASTON,8064,3,1730242
305230256,ISHTIRXON,8065,3,1730242
203278026,YOZYOVON,8077,4,1730242
205333233,TEGIRMONBOSHI,8075,4,1730242
304969554,XONOBOD,8074,4,1730242
305516018,SUVLIARIQ,8071,4,1730242
206130304,YANGI VAHIM,1155,4,1703230
203089879,QAYROGʻOCHGUZAR,1144,4,1703230
203090128,VAHIM,1141,4,1703230
203090199,ANDIJONLIK,1137,4,1703230
203119364,ABDUSAMAT,1136,4,1703230
205435478,NAVROʻZ,1148,4,1703230
202836993,FOZILMON,1350,1,1703408
202579783,MUSTAQILLIK,1349,1,1703408
202579775,XIDIRSHA,1351,1,1703408
202575654,XONOBOD,1353,2,1703408
202575630,BUNYODKOR,1356,3,1703408
202511195,ISTIQLOL,1357,3,1703408
202575608,KAMPIRROVOT,1361,4,1703408
202910744,QASHQAR,10489,1,1703232
202987767,TURON,1080,4,1703227
203711753,DAMARIQ,489,1,1703203
202950157,NAYMAN,10348,3,1718401
202911054,YANGI OBOD,9759,4,1703232
202911039,SANOAT,9757,4,1703232
202988464,TOʻLGʻA,1040,1,1703227
202948704,SHODLIK,10370,3,1718401
203696306,NURAFSHON,10352,3,1718401
202950125,MEHROBOD,10346,3,1718401
203936496,NAFOSAT,10349,3,1718401
202956124,SADAF,10355,3,1718401
202950164,SEMURG,10358,3,1718401
202948671,TERAKZOR,10360,3,1718401
202948735,TOKZOR,10363,3,1718401
202948728,HUNARMANDLAR,10368,3,1718401
202950118,YULDUZ,10372,3,1718401
202951234,TINCHLIK,10361,3,1718401
203019774,ADOLAT,9431,4,1718401
202950133,BARAKA,9434,4,1718401
207286464,BAXTLI XAYOT,9435,4,1718401
203651694,HUMO,9473,4,1718401
202700284,XOʻJA YUSUF,9471,4,1718401
202952834,AL FAROBIY,9467,4,1718401
202950189,TUTZOR,9466,4,1718401
202734013,BURGANSOY,4343,4,1718215
202702962,ANDOQSOY,4342,4,1718215
202724129,OQ OLTIN,5169,1,1718406
202724262,OʻRIKZOR,5170,1,1718406
202723969,KOʻHNADAM,5166,1,1718406
304954369,AHMAD-YASSAVIY,1284,2,1703401
202721773,ANDIJON,1283,2,1703401
202766187,YANGI TURMUSH,1302,2,1703401
206579979,SHOʻRBULOQ,1301,2,1703401
202672993,TOʻQQIZ-ARIQ,1299,2,1703401
202775643,TAXTAKOʻPRIK,1298,2,1703401
202270061,TARAQQIYOT ,1297,2,1703401
204947134,HABIBIY,1296,2,1703401
202671931,MASHʻAL,1294,2,1703401
202766155,MAORIF,1293,2,1703401
202861924,PISTALI,2424,2,1710229
202930728,BIRLIK,6029,1,1724226
202930688,DOʻSTLIK,6030,1,1724226
202930711,OTAYURT,6032,1,1724226
202930545,QUYITOSH,6035,2,1724226
202930521,NAVROʻZ,6040,3,1724226
202930538,FAYZLIOBOD,6042,3,1724226
202930584,PAXTAKOR,6041,3,1724226
202930632,RAVOT,6045,4,1724226
202882273,PAXTAKOR,6103,1,1724235
202888067,YANGIYER,6106,1,1724235
202807823,KAPTARLI,2616,1,1710235
201286564,NISHON,2618,1,1710235
202807934,ULUGʻBEK,2621,1,1710235
305564229,KOʻKSOY,10676,2,1710235
202807879,GULISTON,2622,2,1710235
207106039,KIMYOGAR,2624,2,1710235
205205107,PISHKANIK,8637,4,1733226
202883841,KUMYASKA,8810,1,1733406
202896342,MEVASTON,8809,1,1733406
203115670,QOLGANSIR,6248,1,1727220
206653981,YOSHLIK-2,6241,1,1727220
202745671,OʻRTAQISHLOQ,3311,2,1714204
202740995,GULISTON,3312,3,1714204
202753267,YAKKATOL,3318,3,1714204
202701995,BOGʻ,3915,2,1714242
202702076,ISTIQBOL,3938,3,1714242
202679549,QIZILQIYOQ,3937,3,1714242
202679556,GAISTON,3935,3,1714242
202679588,VODIY,3934,3,1714242
207163429,QUTLUGʻTOL,3943,3,1714242
202679604,TOSHKENT,3948,3,1714242
207109137,YUQORI QORAYONTOQ,3950,3,1714242
202712254,NURAFSHON,3944,3,1714242
302784320,OBOD,3945,3,1714242
202665542,QUYI QORAPOLVON,3941,3,1714242
202665534,QORAPOLVON,3939,3,1714242
202665494,HURRIYAT,3963,4,1714242
202712214,BUNYODKOR,3953,4,1714242
202702148,GʻALABA,3955,4,1714242
202712182,MASHʻAL,3957,4,1714242
202664575,NAVKENT,3958,4,1714242
202712207,SALMON,3960,4,1714242
204062990,SHIRIN,10825,2,1718401
203936575,SARBADORLAR,5052,2,1718401
203936590,REGISTON,5048,2,1718401
203937115,RASADXONA,5047,2,1718401
203936970,OBI-RAXMAT,5044,2,1718401
203936551,BUNYOD,10827,2,1718401
203936440,CHOʻPON OTA,10826,2,1718401
207153392,YANGIOBOD,8727,4,1733233
207189459,KILLAVIT,8734,4,1733233
207178471,SAVGAN SHAHARCHA,8731,4,1733233
207192488,SHEROBOD,8729,4,1733233
207228345,ADOLAT,8396,1,1733212
203084363,AYRITOM,2683,2,1710240
202886022,DOʻSTLIK,10951,1,1724401
202933629,YANGI XAYOT,10954,1,1724401
202933596,BOʻSTON,6137,2,1724401
205101893,ISTIQLOL,6138,2,1724401
202907864,CHARMGARON,1451,1,1706212
204302027,KUMUSHKENT,1449,1,1706212
204173663,XOʻJARABOT,1448,1,1706212
204065188,TERAKLIK,1447,1,1706212
204065228,ROZMOZ,1444,1,1706212
204165894,KOʻLXATIB,1440,1,1706212
205672255,GʻARIBSHOX,1438,1,1706212
204065211,QOʻQIN,1458,2,1706212
202907833,DOʻSTLIK,1456,2,1706212
204065274,SHIRIN,1463,2,1706212
204065243,XAJUVON,1461,2,1706212
204165902,SHOHNIGOR,1464,2,1706212
202907904,RABOTOXUN,1460,2,1706212
204194424,DIYOR ,1465,3,1706212
202907889,SHIFOKOR,1475,3,1706212
204165919,SHANBA,1474,3,1706212
204065235,NAYMAN,1468,3,1706212
204160370,XAYRXUSH,1469,3,1706212
206847161,ANJIRBOGʻ,1476,4,1706212
204529258,ZANGI,1736,2,1706246
202975520,DENOV,1735,2,1706246
205588564,DARVESHI,1750,3,1706246
202577003,GULISTON,3824,1,1714237
202820183,NAVROʻZ,3834,1,1714237
202664590,PILOL,3835,1,1714237
202684979,MAʻRIFAT,6160,3,1724413
202684962,NAVROʻZOBOD,6163,4,1724413
202691836,BINOKOR,6162,4,1724413
207226349,USTALAR,8312,1,1733204
207226332,MEHNATGULI,8310,1,1733204
207226221,GULZOR,8307,1,1733204
207226808,BOGʻZOR,8306,1,1733204
207228417,NAVBAHOR,8304,1,1733204
207226214,BOGʻISTON,8316,2,1733204
202702020,CHOʻNGBAGʻISH,3928,2,1714242
202719362,GʻOVOZON,3919,2,1714242
202706158,BOGʻ KOʻCHA,3754,4,1714234
202800604,SHODLIK,3767,4,1714234
204068064,RABOT QALMOQ,1416,2,1706207
205659436,PODSHOXI,1415,2,1706207
203988155,DEXCHA,1413,2,1706207
203988109,TALALIYON,1428,3,1706207
205026678,NOVMETAN,1427,3,1706207
206944611,ZARMANOQ,1424,3,1706207
204068057,GULSHANOBOD,1422,3,1706207
205682021,BOGʻDASHT,1421,3,1706207
203988131,XUMIN,1429,3,1706207
203988148,TURKON,1436,4,1706207
204067984,SOXIBKOR,1435,4,1706207
202994964,NIYOZ HOJI ,1562,1,1706219
203329547,SUXOR,1563,1,1706219
202994989,BEKLAR,1566,2,1706219
306325714,TARAQQIYOT,5,2,1706219
205785881,ISTIQBOL,1567,2,1706219
203317633,TUT-KUNDA ,1569,2,1706219
203008431,SIYOZ POYON,1573,3,1706219
204782254,TUN-IROQ ,1575,3,1706219
203006466,KOGON,1571,3,1706219
203598847,GEOFIZIKA,6601,2,1726269
203818341,BAHOR,6604,2,1726290
207128485,NAVBIR YOP,8353,1,1733208
202912242,DEXQONOBOD,6486,4,1727237
202912281,ACHCHISOY,6500,4,1727237
303319342,GULZOROBOD,6839,1,1727256
204055524,ALISHER NAVOIY,6834,1,1727256
303213468,YOʻLTUSHGAN,6837,1,1727256
303188000,YANGI HAYOT,6817,1,1727256
303213490,OYDIN,6818,1,1727256
303213737,DEXQONOBOD,6824,1,1727256
303213705,YOLLAMA,6831,1,1727256
309290820,YOVVOSH,6838,1,1727256
204055588,BUNYODKOR,9807,2,1727256
303213579,YAHSHI NIYAT,6850,2,1727256
203110608,KOʻCHKAK,2346,1,1710224
203134743,MIRMIRON,2348,1,1710224
207041722,BOʻSTON,6688,3,1727249
204764078,CHINORBULOQ,6689,3,1727249
207142596,QUYOSH,6684,3,1727249
202938351,QOʻLICHI ,6683,3,1727249
202922824,TOSHKENT,5939,3,1724206
202922809,OBOD,5938,3,1724206
202922752,YANGI DAVR,5942,4,1724206
202893845,ULUGʻBEK,6070,1,1724231
202893988,TARAQQIYOT,6069,1,1724231
202893781,ADOLAT,10302,1,1724231
202894266,MUSTAQILLIKNING 25 YILLIGI,6111,2,1724235
203222254,KAYIRMA,6108,2,1724235
202712199,MADANIYAT,3901,1,1714242
202692755,QIZILYOZI,3900,1,1714242
202679643,KOʻKYOR,3898,1,1714242
202719379,BIRLIK,3895,1,1714242
207035705,YANGI BOGʻISTON,3929,2,1714242
202665566,BOGʻISTON,3916,2,1714242
202665559,SOHIL,3924,2,1714242
202702109,DEXQONOBOD,3922,2,1714242
202665487,BOʻSTON,3917,2,1714242
202940145,QAHRAMON,2038,2,1708215
202940160,SARITEPA,2043,3,1708215
202940177,BUNYODKOR,2041,3,1708215
202940081,Gʻ.GʻULOM,2042,3,1708215
202940114,SANOATCHILAR,2046,4,1708215
207174786,OQ MACHIT,8702,1,1733233
303366809,DOʻSTLIK,8703,1,1733233
207153384,YANGIARIQ,8704,1,1733233
303364201,TUZLOQ,8706,1,1733233
303030823,KATTABOGʻ,8712,2,1733233
207175286,CHAKIR,8708,2,1733233
304978124,POLMON,10840,4,1710245
304978060,TOSHBULOQ,10842,4,1710245
202921120,HISOR,10844,4,1710245
304978164,SAYYOD,2823,4,1710245
206946442,OYBEK,10499,1,1710212
305757010,YANGIOBOD ,10497,1,1710212
305588198,TOGʻAYTEMIR,10496,1,1710212
201047038,QIZILCHA,2256,1,1710212
201047100,OQIRTMA,2258,1,1710212
201047077,OQRABOT,2259,1,1710212
201046996,BIBIQORASOCH,2265,2,1710212
202203064,ISTIQLOL,2269,2,1710212
202203071,NODIRA,2270,2,1710212
206817634,AYRIDEVOL,2263,2,1710212
202673501,TURKISTON,3610,2,1714224
202673454,POROSMON,3608,2,1714224
202673350,ISTIQLOL,3606,2,1714224
202673414,ISVAXON,3605,2,1714224
202770208,OʻLMAS,3402,1,1714212
207128295,DOʻSIMBIY,8351,1,1733208
207128493,DEHQON,8352,1,1733208
202659256,GUZAR,10262,4,1714401
202166435,GULBOGʻ,10263,4,1714401
202777165,YANGI QURILISH,10279,4,1714401
202659596,YAKKATUT,10278,4,1714401
202701402,PILLAKASH,3554,3,1714219
203628752,XOʻJAOBOD,3557,3,1714219
202701781,ESKI TOʻDA,3559,3,1714219
202701806,YANGI TOʻDA,3560,3,1714219
202701458,ANHOR,3544,3,1714219
202701379,GUZAR,3546,3,1714219
202701687,BOYON,3563,4,1714219
202701860,CHORKESAR,3576,4,1714219
202701877,MADANIYAT,3569,4,1714219
202701670,SHAYXON,3571,4,1714219
206915758,YUQORI CHODAK BOSHI,3578,4,1714219
202701734,ISTIQLOL,3567,3,1714219
202701884,IMON OTA,3566,4,1714219
202701663,GULISTON,3565,4,1714219
202864611,DEHQONOBOD,3826,1,1714237
202894424,AFROSIYOB,6116,3,1724235
202680969,YETTI GUZAR,6117,3,1724235
303312677,MUSTAQILLIK,6119,3,1724235
202876066,BINOKOR,6125,4,1724235
202895534,BOʻSTON,6126,4,1724235
303244500,SHANBE,2779,1,1710245
202893766,SHIRIN,6099,4,1724231
202893742,OQIBAT,10033,4,1724231
202893971,MATONAT,6096,4,1724231
202893734,YOSHLIK,10031,4,1724231
202893759,4-PAHTAKOR,6098,4,1724231
202902784,FARXOD,6151,2,1724410
204081114,DOʻSTLIK,6153,3,1724410
204081121,AMUR TEMUR,6155,4,1724410
202904971,BAXMAL,6003,1,1724220
202904774,ISHONCH ,6005,1,1724220
202904781,MEVAZOR,6006,1,1724220
202904687,TAJRIBAKOR,6009,1,1724220
202904734,X.OLIMJON,6010,1,1724220
202904892,SH.XAQIQATI,6018,2,1724220
207185155,SABURZON SHAHARCHA,8725,3,1733233
207171560,POʻRSANG ,8722,3,1733233
207170737,YANGI YER,8723,3,1733233
207041714,QIRGʻIZOVUL ,6691,3,1727249
204764085,KUMUSHKON,6692,3,1727249
207154486,TEMAN,6695,3,1727249
202675443,YOSHLIK,2593,3,1710234
201571179,SARIQ,2600,3,1710234
305060104,BOʻSTON,2605,4,1710234
202675467,TONG,2609,4,1710234
305034167,ORZU BOʻSTONI,10681,1,1710235
207206372,GULZOR,2615,1,1710235
202637101,AMIROBOD,10114,3,1718230
207015001,TARAQQIYOT,10106,3,1718230
202637196,YANGIOBOD,10100,3,1718230
202637229,GULOBOD,10108,3,1718230
207133267,QIRGULI,10104,3,1718230
202637125,MIRZO SALIMIY,10115,3,1718230
202637085,OBODON,10103,3,1718230
206815881,URGANJI,10113,3,1718230
202637275,HAYIT ELBEGI,10110,3,1718230
202637164,AMIR TEMUR,10156,4,1718230
202637419,TADBIRKOR,10137,4,1718230
202637133,CHASHMA,10141,4,1718230
207016919,QORATEPA,10132,4,1718230
202637426,FAY,10152,4,1718230
202637236,BOʻSTON,10146,4,1718230
202637007,BODOY,10150,4,1718230
202637157,ISTIQLOL,10164,4,1718230
207008698,JAHONOBOD,10121,4,1718230
202649394,NAVBOGʻCHIYON,4983,1,1718401
200711028,OʻRTA,2885,4,1710250
206345114,TURON,2884,4,1710250
200711043,SAMOQ,2881,4,1710250
204600463,OQTOSH,2880,4,1710250
203022795,KENGUZAR,2878,4,1710250
207180788,KATTABOGʻ,2877,4,1710250
207183048,YOSHLIK,2875,4,1710250
202675482,BOBUR,2571,1,1710234
202675499,ALISHER NAVOIY,2570,1,1710234
202675507,SARDOBA,2575,1,1710234
202675474,KONCHILAR,2585,2,1710234
204380636,PAXTAKOR,2588,2,1710234
207203360,YANGIOBOD,6590,2,1727248
202773654,KOʻRPASOY,7066,2,1727404
202773883,IBN SINO,7077,3,1727404
202767526,HAMZA,7075,3,1727404
202773764,NAMUNA,7074,3,1727404
202773890,YANGI HAYOT,7071,3,1727404
202767541,ABDULLA QAHHOR,7070,3,1727404
202773701,ABDULLA QODIRIY,7073,3,1727404
202767486,TERAKLI,7068,3,1727404
202773812,GʻAFUR GʻULOM,7079,4,1727404
207128786,NURAFSHON,8359,2,1733208
207128779,MEVAZOR,8360,2,1733208
207130169,OQQUM,8363,2,1733208
207128106,CHINOBOD,8375,3,1733208
203011453,BOGʻISHAMOL,8374,3,1733208
204028991,OLGʻA,8382,4,1733208
207129856,MOYLI,8381,4,1733208
202514928,BOGʻISTON,8386,4,1733208
202623340,FIDOKOR,8384,4,1733208
202918581,SARKE,7000,2,1727265
202918313,OYDIN HAYOT,6988,2,1727265
202918305,RAHBAROBOD,6989,2,1727265
303379371,ULUGʻBEK,8696,1,1733233
207174779,CHIQIRCHI,8697,1,1733233
207183087,GULBOGʻ,8698,1,1733233
202948134,ORZU,7192,3,1727415
202944622,YANGILIK,10427,3,1727415
202950347,ILOQ,9951,3,1727415
202947104,SHODLIK,9950,3,1727415
202950354,QOʻRGʻON,10433,4,1727415
203087335,SHIRKENT,2354,1,1710224
203110615,PISTAKENT,2343,1,1710224
203777884,YERTEPA,2344,1,1710224
202924512,DEXQONOBOD,6055,3,1724228
202935450,TINCHLIK,6060,4,1724228
200330921,ZAHIRIDDIN MUHAMMAD BOBUR,6156,1,1724413
202818944,TEMUR MALIK,6157,1,1724413
202919382,GULBULOQ,1952,4,1708204
203022258,KATTA ARAVON,7986,3,1730236
203022194,QASHQAR,7999,3,1730236
202280793,KATTA MINGLAR,7998,3,1730236
203153174,NAYMANCHA,7996,3,1730236
203026133,TARGʻOVA,7987,3,1730236
203141015,BOY BOʻTA,7988,3,1730236
202735770,ARZIKTEPA,7991,3,1730236
203040441,G`ALABA,7990,3,1730236
203026229,UVAYSIY,10441,4,1730236
203300877,QIYALI QOʻRGʻONCHA,8002,4,1730236
203022226,URGANJI,8005,4,1730236
203058734,PISHQARON,8006,4,1730236
204927514,KATTA BOYBUCHA,8008,4,1730236
203022219,QORAMULLA,8009,4,1730236
203067218,KICHIK-YANGI,9887,1,1730238
203075294,JANGKETMON,9876,1,1730238
203075327,XAYIT,9878,1,1730238
304949279,CHEK-KOʻPRIK,8011,1,1730238
304948200,ISTIQLOL,8019,2,1730238
203075287,CHIRKAY,8021,2,1730238
207211827,UBAYD,10853,1,1727212
207209376,TELOV,6209,2,1727212
207123169,USMON OTA,6775,2,1727253
207127297,YORIQ,6776,2,1727253
204904772,XALQOBOD,6778,2,1727253
207136888,QOʻSHDARYO,6773,2,1727253
205946847,QAYTMAS,6792,3,1727253
206984547,YUQORI OVUL,6780,3,1727253
206984530,OʻRTA OVUL,6781,3,1727253
204151857,SOVUNCHI,8383,4,1733208
203117462,KOJOR,2358,2,1710224
200688966,BODOMZOR,10389,2,1710224
200688981,ROVOT,10390,2,1710224
200688934,NAVROʻZ,10391,2,1710224
204788919,QORAQUM,2603,3,1710234
202675404,XITOY,2599,3,1710234
203738480,OʻTKIR,6639,4,1727248
202985152,BOʻSTON,6641,4,1727248
202911434,NIHOL,6438,1,1727237
202911441,ABDUJALILBOB,6435,1,1727237
207204709,BODOMZOR,6422,1,1727237
202911394,OʻRTA OVUL,6423,1,1727237
202911648,XOʻJAMOZOR,6424,1,1727237
203797758,ESKI QALʻA,6429,1,1727237
202911727,QUYOSHLI,9619,1,1727237
202911663,OʻRTA,9635,1,1727237
202911687,BOGʻZOR,9640,1,1727237
202911670,SORTEPA,9638,1,1727237
202911703,ERKIN,10920,1,1727237
202911710,QURILISH,6442,1,1727237
207300368,VATANPARVAR,10921,1,1727237
202911781,ALOQA,6452,2,1727237
202911845,FAROBIY,6454,2,1727237
202911584,NAMUNA,6457,2,1727237
202911932,IQBOL,6458,2,1727237
202911465,ESHONGUZAR,6462,2,1727237
202911505,DOʻSTLIK,6465,2,1727237
202956132,MIRZO ULUGʻBEK,4978,1,1718401
202635509,MIR SAID BARAKA,4977,1,1718401
202706466,LOLAZOR,4974,1,1718401
202686872,XOʻJA-SOAT,4998,1,1718401
202708424,YANGIQOʻRGʻON,5000,1,1718401
202710329,NAVROʻZ,10740,1,1718401
202644513,DEVORI KOʻNDALANG,4968,1,1718401
202704571,AHILLIK,4958,1,1718401
202680802,GULISTON,4967,1,1718401
202698295,AHMAD YASSAVIY,4956,1,1718401
202722503,BOʻSTON,4965,1,1718401
203895027,CHILQUDUQ,10742,1,1718401
202704611,YOSHLIK,10741,1,1718401
202732450,XOFIZ SHEROZIY,10880,1,1718401
202693746,ZARGARTEPA,4970,1,1718401
202704595,BOGʻI TEMUR,4962,1,1718401
202836692,TADBIRKORLAR,4990,1,1718401
202773796,FURQAT,7080,4,1727404
202773678,MUQIMIY,7082,4,1727404
202773646,OLTIN,7086,4,1727404
202773789,ZARBULOQ,7087,4,1727404
202767519,BOBUR,7088,4,1727404
202773582,RAMAZON,7090,4,1727404
206992324,YOSHLIK,7151,1,1727413
202903142,BUNYODKOR,7146,1,1727413
202903103,MUQIMIY,7144,1,1727413
202912449,DOʻSTLIK,7152,1,1727413
202903127,METALLURG,7150,1,1727413
202907097,MAʻRIFAT,7154,2,1727413
202912377,TURKISTON,7157,2,1727413
202915301,SAMARQAND,7158,2,1727413
204053639,AFGʻON,6878,4,1727256
204055611,QOZI,9811,4,1727256
202982426,NURAFSHON,1755,3,1706246
204529219,OYTUGʻDI,1756,3,1706246
207210013,PAHLAVON,1757,3,1706246
203875810,TOBAGAR,1759,3,1706246
205588572,XOʻJAXAYRON,1760,3,1706246
204836264,ERONSHOX,1762,3,1706246
204529234,YANGIOBOD,1763,3,1706246
204529186,NAVGADI,1768,4,1706246
204836288,NAMGONI,1769,4,1706246
202975892,OXSHIX,1771,4,1706246
205588629,RABOT,1773,4,1706246
205028524,QOʻSHXODIM,1406,1,1706207
203988091,RABOTAK,10735,1,1706207
205003682,NAVROʻZ,1408,1,1706207
204067991,BOGʻIKALON,1400,1,1706207
302916645,AMIROBOD - GULISTON,1411,2,1706207
204068096,SHEXONCHA,1420,2,1706207
203988124,XONABOD,1418,2,1706207
203988116,RABOTI POYON,1417,2,1706207
200950736,YANGIOBOD,8673,3,1733230
204313069,MEVAZOR,8678,3,1733230
204486313,OLTINQALʻA,8686,4,1733230
303485240,PSKOM,6334,4,1727224
303209653,UZUN,6331,4,1727224
305484351,NANAY,6330,4,1727224
304965552,DOʻSTLIK,6329,4,1727224
303363424,FAZOGIR,6327,4,1727224
203196209,MAY,6580,1,1727248
207299338,TURKISTON,10814,1,1727248
203655926,ILGʻOR,6575,1,1727248
203632772,ABDURAXMON JOMIY,6576,1,1727248
203455984,YANGI AVLOD,6579,1,1727248
202966982,SHALOLA,6581,1,1727248
203013767,TARAQQIY,6568,1,1727248
203024262,YONARIQ,6569,1,1727248
202918154,SOHIBKOR,6981,1,1727265
202893814,DOʻSTLIK,10303,1,1724231
202894084,NAVOIY,10298,2,1724231
202893806,TINCHLIK,6076,2,1724231
202893900,ORZU,6075,2,1724231
203300609,ISHONCH,10293,2,1724231
202894076,DEHQONOBOD,10295,2,1724231
202894037,QUYOSH,6085,3,1724231
202894020,ELOBOD,6091,3,1724231
202893860,FURQAT,6089,3,1724231
202893995,FAROVON,6088,3,1724231
202684384,QARSHI,10252,2,1710401
305037614,OBOD,2471,1,1710232
202873008,BERUNIY,2067,3,1708218
202862979,BAXT,2066,3,1708218
203509551,CHILONZOR,2078,3,1708218
202862962,ULUGʻBEK,2076,3,1708218
302810858,BARKAMOLLIK,8571,1,1733223
302811033,FIDOYILAR,8572,1,1733223
302811040,VATANPARVAR,8573,1,1733223
302778335,DOʻSTLIK,8563,1,1733223
302811064,MAHORAT,8583,2,1733223
302777566,DURGADIK,8576,2,1733223
302810905,EZGULIK,8582,2,1733223
304484692,TAYANCH,10935,2,1733223
302810984,BUNYODKOR,8585,3,1733223
302773968,GʻAYRAT,8591,3,1733223
302776433,MADANIYAT,8590,3,1733223
302810952,PORLOQ,8595,3,1733223
302810976,AHILLIK,8594,3,1733223
302810937,MANGULIK,8605,4,1733223
302777559,PAXTAKOR,8604,4,1733223
302775704,DOʻRMON,8600,4,1733223
203840395,PAXTAKOR,2809,3,1710245
202983979,SHAMATON,10779,3,1710245
303244421,XALQOBOD,10787,3,1710245
305848926,TANXOZ,10791,3,1710245
202706205,YOGʻDU,3744,3,1714234
202706197,DEHQONOBOD,3743,3,1714234
202810496,SHAYXON,3387,4,1714207
202810536,A.JOMIY,3375,4,1714207
202810568,OʻRTA KOʻCHA,3384,4,1714207
202813587,ZAMONDOSH,3386,4,1714207
202679635,DOʻSTLIK,3896,1,1714242
207055127,SOHIBKOR,3911,1,1714242
202679628,SOY BOʻYI,3910,1,1714242
207015279,OLMAZOR,3908,1,1714242
203084521,TALOQTEPA,2692,1,1710240
305058628,OLTIN DALA,2689,1,1710240
203087493,GALABEK,10798,2,1710242
203084481,QURUQSOY,10799,2,1710242
203084355,OBOD,10801,2,1710242
202782532,NAVOIY,2705,2,1710242
203084506,ANNARUZ,2707,3,1710240
201748620,DODIQ,2709,2,1710242
202782571,KISHMISHTEPA,2713,2,1710242
201748755,QUMDARYO,2716,3,1710240
203084498,SUVLIQ,2719,3,1710240
203097251,UYMOVUT,2721,3,1710240
201748770,XUMO,2722,2,1710242
202921801,MIROBOD,6551,3,1727239
204346344,CHORSHANBE,10846,4,1710245
203842069,ACHCHIGʻI,2816,4,1710245
304977918,KOʻL,2818,4,1710245
202915104,MIRAKI,2821,4,1710245
204029452,AMIR TEMUR,10838,4,1710245
202902089,QOʻRGʻONTEPA,10839,4,1710245
304978100,SHAKARTERI,10847,4,1710245
304978117,SHIRAMON,10848,4,1710245
204354231,MUSTAQILLIK,8530,2,1733220
204354294,OTALIQ,8531,2,1733220
205235710,PAXLAVON MAXMUD,9828,3,1733220
305558812,MING OTLIQLAR,9825,3,1733220
206718449,PICHOQCHI,8551,3,1733220
206735824,BOʻSTON,8550,3,1733220
204354224,QOVUNCHI,8549,3,1733220
204354169,GULZOR,8545,3,1733220
204354248,OYBEK,8556,4,1733220
205291381,SULAYMON QALʻASI,9832,4,1733220
305579683,BOGʻIROGʻLAR,9831,4,1733220
207000148,ISHCHILAR,8555,4,1733220
305577038,BUYUK-SIYMO,9830,4,1733220
305529594,TUPRAQQALʻA,9536,1,1733221
205230204,SAIDLAR,9534,1,1733221
207123549,SAYAPIR,9533,1,1733221
205230164,YOʻLDOSH OXUNBOBOYEV,9537,2,1733221
205230171,YOSHLIK,9541,3,1733221
204356728,SHAYXLAR,9545,4,1733221
207128121,SHANGʻI,8348,1,1733208
207128271,MARBUGAT,8349,1,1733208
206842027,BUNYODKOR,2413,2,1710229
207208425,XAYDAROBOD,6598,2,1727248
202985073,AHILLIK,6624,3,1727248
202875882,NAVROʻZ,6622,3,1727248
205228497,XONIYON,2378,3,1710224
201286611,CHAROGʻIL,2379,3,1710224
205982258,BATOSH,10970,3,1710224
200688508,DASHT,2370,3,1710224
203101214,SAROY,2376,3,1710224
203081724,KERAYIT,10896,4,1710224
200689054,BOGʻOBOD,2383,4,1710224
203521301,PAXTAZOR,2389,4,1710224
205309847,TAXTAPUL,2392,4,1710224
203121672,AYZABOD,2526,1,1710233
203121664,MIROBOD,2531,1,1710233
203121657,NURAFSHON,2533,1,1710233
206175209,OQMACHIT,2536,1,1710233
206975597,YANGIARIQ,2540,1,1710233
203127940,YANGI MIRISHKOR,2542,1,1710233
202504361,YANGIOBOD,2548,2,1710233
202590732,YANGI TURMUSH,8808,1,1733406
205220778,QIBLA TOZABOG,8806,1,1733406
202883819,ICHAN-KALA,8805,1,1733406
202719576,XALQABOD,4450,4,1718218
202829993,TOTKENT,4448,4,1718218
202866355,OQTOSH,4446,4,1718218
202932273,FAROVON,4445,4,1718218
202892198,NOGʻARAXONA,4444,4,1718218
202842378,MUSHKENT,4442,4,1718218
203053243,MUQIMIY,4441,4,1718218
202866363,MANGʻIT,4440,4,1718218
202496262,ISLOM SHOIR,4439,4,1718218
202649205,BAXT,4436,4,1718218
206815011,MIRZO NODIM,9938,1,1718230
207015714,QUSHXOVUZ,9935,1,1718230
202637140,BURQUT,9933,1,1718230
206815028,MIRZO OLIM,9927,1,1718230
202637315,HUNARMAND,9923,1,1718230
202637251,GOʻROʻGʻLI,9924,1,1718230
202637283,XUDOYBERDI,9926,1,1718230
207015824,TINCHLIK,9930,1,1718230
202637039,TUGʻOLON,10019,1,1718230
202637402,DOʻNG,10082,2,1718230
202637347,ZARAFSHON,10084,2,1718230
202944314,MARKAZ,6940,3,1727259
203790704,MIRZO ULUGʻBEK,6943,3,1727259
206960553,XOʻJAOBOD,6941,3,1727259
202944281,OZOD,6939,3,1727259
202944298,MINGBULOQ,6930,3,1727259
202944535,GULBAHOR,6944,4,1727259
202067985,YANGI TURMUSH,8684,4,1733230
204400238,ESHON - QALʻA,10564,4,1733230
200710796,QAYRAGʻOCH,2859,3,1710250
202668277,MADANIYAT,2862,3,1710250
206883783,NAVRUZ,2864,3,1710250
202569036,UYGʻUR,2865,3,1710250
205707272,ULAMJI,2866,3,1710250
200711050,ESKI YAKKABOGʻ,2872,3,1710250
203375340,DOʻRMON,6618,3,1727248
203632789,FIDOKOR,6617,3,1727248
202985113,FAROVON,6616,3,1727248
203556455,YANGI YOʻL,6614,3,1727248
203273792,OʻNQOʻRGʻON,6613,3,1727248
203980863,YANGI OʻNQOʻRGʻON,6634,3,1727248
203351735,GULISTON,6632,3,1727248
203644092,PARVOZ,6631,3,1727248
203667586,MUSTAQILLIK,6642,4,1727248
203738505,CHINOBOD,6653,4,1727248
202938201,HOSILDOR,6650,4,1727248
202927950,ALISHER NAVOIY,6648,4,1727248
305037075,PARCHAKENT,2474,1,1710232
207128596,ZIYOKOR,8354,1,1733208
202905718,YANGI BOG,8345,1,1733208
202632235,MADADKOR,8344,1,1733208
207128138,DOʻSTLIK,8347,1,1733208
207128651,DEHQONOBOD,8365,2,1733208
207128675,BOLDOQLI,8366,2,1733208
202632228,YANGI ASR,8355,2,1733208
207130176,OLCHIN,8356,2,1733208
207189284,QIYOT,8812,2,1733406
202942238,LOLAZOR,8811,2,1733406
202896327,YANGI XAYOT,8813,2,1733406
202527364,BINOKOR,8816,3,1733406
202549614,GULIRAYXON,8814,3,1733406
202919873,SANGAR,8823,4,1733406
202928815,GILAMCHI,8822,4,1733406
207139194,DARHON,6952,4,1727259
202944543,AHIL,6949,4,1727259
202710755,MUSTAQILLIK,7246,1,1727424
202710787,FAYZLI,7247,1,1727424
202678906,RAMADON,7248,2,1727424
202775113,BAXT,7253,3,1727424
202678898,MEZON,7252,3,1727424
202678881,NAVROʻZ,7257,4,1727424
207273576,MEVAZOR,7256,4,1727424
202955799,NAVBAHOR,6646,4,1727248
202637308,NAYMAN,10071,2,1718230
202637204,UKRASH,10032,2,1718230
202637394,URGʻUCH,10030,2,1718230
206815035,KESHTALI,10027,2,1718230
202637212,BOLTALI,10028,2,1718230
202918226,FAYZOBOD,6983,1,1727265
202918431,ISTIQBOL,6968,1,1727265
202918574,SIRGʻALI,6999,2,1727265
203937258,QOʻSH HOVUZ,5034,2,1718401
205806584,PASHMON,1795,2,1706258
203974918,MIRZOQUL,1793,2,1706258
203974957,JILVON,1790,2,1706258
202914840,BOGIAFZAL,1789,2,1706258
206450974,SULTONOBOD,1812,3,1706258
203093843,UZUMZOR,2352,1,1710224
203110623,POTRON,2350,1,1710224
205120997,SOXIBKOR,2349,1,1710224
203107696,SHODLIK,2368,2,1710224
204100714,MEVAZOR,2361,2,1710224
202876034,QAXRAMON,6127,4,1724235
202933564,AXILLIK,10955,1,1724401
204494841,OQ - KOʻL,10561,4,1733230
204496729,ARBEK,10563,4,1733230
205544990,BOʻYRACHI,8694,4,1733230
205942955,OQ - KO'L,10558,4,1733230
206855975,BOTIRLAR,8691,4,1733230
204486297,KATQALʻA,8689,4,1733230
202600551,DASHYAQ,8614,1,1733226
205202625,QORAQUM,8613,1,1733226
302808004,OQYOP,8615,1,1733226
303506649,ISTIQLOL,8623,2,1733226
207300534,PARISHA,10924,2,1733226
207300462,ATAJON TURA,10923,2,1733226
202706047,YANGI HAYOT,3769,4,1714234
202706030,TINCHLIK,3764,4,1714234
202705927,SANOAT,3762,4,1714234
202705981,KATTAMOʻGʻOL,3757,4,1714234
202769934,BESHSERKA,3290,1,1714204
202766646,YOSHLIK,3291,1,1714204
202766725,QOZOQOVUL,3295,1,1714204
202753132,QOLGANDARYO,3296,1,1714204
202766796,TOLLIK,3301,1,1714204
202753124,MOMOXON,3298,1,1714204
202730192,OYBEK,3300,1,1714204
202753195,BALAND GURTEPA,3304,2,1714204
202745649,MADANIYAT,3307,2,1714204
207204193,UYGʻUR,8398,1,1733212
206925753,XOSIYON,8400,1,1733212
206925760,TEGALAK,8401,1,1733212
202633732,XAYROBOD,8402,1,1733212
200688974,XITOYKENTI,10392,2,1710224
202994972,SARAYON,1578,4,1706219
202830020,UMID,4411,1,1718218
203660121,AMIR TEMUR,4424,3,1718218
205785874,HUKUMATOBOD,1580,4,1706219
202839657,IPAK YOʻLI,4398,1,1718218
202830155,IYMON,4397,1,1718218
202896864,SALOVAT,4406,1,1718218
202941864,NAVRUZ,4403,1,1718218
203166237,DOʻSTLIK,4396,1,1718218
202830037,YANGI ARIQ,4412,1,1718218
202835575,DEDAN,4395,1,1718218
202830163,ISTIQLOL,4399,1,1718218
202830013,QOZIYOQLI,4400,1,1718218
202835583,SARBOZOR,4407,1,1718218
202892206,TOʻRON,4409,1,1718218
202830148,SOXIBKOR,4417,2,1718218
202830116,CHARXIN,4422,2,1718218
202844920,CHORBOGʻ,4423,2,1718218
202837708,TEPAQOʻRGʻON,4418,2,1718218
202866348,GULISTON,4426,3,1718218
202835568,TOSHKOʻPRIK,4432,3,1718218
202830109,XOʻJAQOʻRGʻON,4433,3,1718218
202830069,KOʻK-OTA,4428,3,1718218
204055556,YANGI,6847,2,1727256
303112886,GʻAYRAT,6860,3,1727256
303112847,TONG YULDUZI,6861,3,1727256
204055604,XAMZA,9808,3,1727256
303277475,ULUGʻVOR,6866,3,1727256
303300375,KANALOBOD,6863,3,1727256
303300447,ESHONOBOD,6857,3,1727256
303277451,KOʻTARMA,6858,3,1727256
202660676,BOLO,3823,1,1714237
203633336,SHERBILAK,3839,1,1714237
202854268,YAKKABULOQ,3840,1,1714237
202660669,YANGICHAK,3841,1,1714237
205100579,CHORTOQ,6884,4,1726292
203708526,SAID OTA,6885,1,1727259
202944432,GʻALABA,6886,1,1727259
202944321,FAROVON,6891,1,1727259
203111899,CHAMANZOR,6920,2,1727259
202944488,CHANG-TEPA,6916,2,1727259
202944353,DEXQONOBOD,6915,2,1727259
207300519,SAPCHA,10922,2,1733226
204104099,VARAGZON,8627,2,1733226
207186479,QATTIBOSH,8632,3,1733226
207300526,HAZRATI XAYIT ESHON,10731,3,1733226
204099399,QOʻSHCHI KATTABOGʻ,8641,4,1733226
207300502,GʻOVUK,10284,4,1733226
205202110,AVAZ DUNAK,8638,4,1733226
207333034,DOʻSTLIK,6027,4,1724220
202888652,GʻOFUR GʻULOM,6588,2,1727248
310537211,MUZBEL,15922,1,1708204
204495469,GʻISHTI,1527,3,1706215
202951020,GULISTON,1543,4,1706215
207205294,ZAFAR,2333,4,1710220
201575774,LOYQASOY,2336,4,1710220
207205137,MANGʻIT,2337,4,1710220
207236447,DOVUD,2331,4,1710220
306173334,QOʻNGʻIROT,10945,4,1710220
202700238,GOʻRMIRON,3364,3,1714207
202810440,IFTIXOR,3372,3,1714207
202810544,BOGʻIBALAND,3371,3,1714207
202750184,BOGʻISHAMOL,3361,3,1714207
202813706,OLMAZOR,3379,4,1714207
202810489,SOXIBKOR,3381,4,1714207
202526611,JARQOʻRGʻON,9976,3,1726290
202586926,JOʻRABEK,9984,3,1726290
202586775,BESH BOLA,9973,3,1726290
202586790,M.ASHRAFIY-11,9992,3,1726290
205687480,SHIRINOBOD,9996,3,1726290
202346930,XOSIYATLI,9998,3,1726290
207293188,OʻQCHI-OLMAZOR,10002,3,1726290
202586657,ASALOBOD,9971,3,1726290
202313513,MUSTAQILLIK,5550,1,1722214
206980648,NURLI DIYOR,5552,1,1722214
202285059,PAXTAOBOD,5553,1,1722214
202313458,ULUGʻBEK,5557,1,1722214
202337862,UYAS,5559,1,1722214
202285249,CHAYONTEPA,5562,1,1722214
202313520,YANGIYER,5564,1,1722214
202300158,DOʻSTLIK,10732,2,1722214
202285200,NEFTCHILAR,10733,2,1722214
202330026,BOBOTOGʻ,5568,2,1722214
202330019,ACHAMOYLI,5567,2,1722214
202285114,YANGI QISHLOQ,5573,2,1722214
202285256,SHEROZI,5585,3,1722214
202289163,CHOʻKIRLI,5584,3,1722214
202285121,YANGISHAHAR,5586,3,1722214
203600203,PASTXAM,5582,3,1722214
202993167,OLTIQUSH,7973,2,1730236
306278384,"""CHODAKLIK  MAHALLA FUQAROLAR YIG`INI""",10736,2,1730236
202906709,XAMKOROBOD,8901,1,1726266
205720685,MURUVVAT,8918,2,1726266
205718575,UVAYSIY,10671,2,1726266
202908579,BOBO-DEHQON,8916,2,1726266
202908562,YUNUS OTA,8923,2,1726266
201124661,BEGʻUBOR,10641,2,1726266
205718583,YURTOBOD,10725,2,1726266
303824585,MEXNAT OBOD,10723,2,1726266
202919138,OQ-TEPA,10673,2,1726266
202906597,ABDURAHMON JOMIY,8933,3,1726266
202908554,YANGI-ARIQ,8932,3,1726266
202906810,ANORZOR,8940,3,1726266
202906874,QOʻSHCHINOR,10639,3,1726266
202906803,BILLUR,10638,3,1726266
202906731,HUSNIOBOD,8938,3,1726266
202906763,SHAHRISTON,8936,3,1726266
202906558,USTO SHIRIN,8934,3,1726266
202859237,GULBOGʻ,2397,1,1710229
206955455,QUYI OBRON,2399,1,1710229
202839198,NARTIBALAND,2402,1,1710229
206998315,XALIMA,2405,1,1710229
204792029,SHIRINTEPA,2407,1,1710229
202859309,ESABOY,2408,1,1710229
205426274,BOYGʻUNDI,2396,1,1710229
206997277,MUSTAQILLIK,2420,2,1710229
205451332,NIHOL,2422,2,1710229
204783134,USHOQTEPA,2428,2,1710229
204122204,NAVROʻZ,10580,2,1710229
202859252,BESHQOʻTON,10579,2,1710229
202667950,DOʻLTALI,2213,1,1710207
202667982,JARARIQ,2216,1,1710207
202854172,TAXTAKOʻPRIK,3382,4,1714207
202810551,BAHORISTON,3376,4,1714207
202706316,NAMUNA,3714,1,1714234
202706331,NUROBOD,3715,1,1714234
202706394,OZOD,3717,1,1714234
202705870,ULUGʻBEK,3718,1,1714234
202706324,UCHYOGʻOCH,3719,1,1714234
202706459,SHAXRIXONCHEK,3721,1,1714234
202706403,YANGIOBOD,3722,1,1714234
202706244,ATLAS,3723,2,1714234
202706237,KOʻCHABOSHI,3728,2,1714234
207016009,FAROVON,3736,2,1714234
202800667,XALFATOʻPI,3737,2,1714234
202706252,ESHONTOʻPI,3739,2,1714234
202706220,YASHIQ,3740,2,1714234
202706180,YANGIYER,3753,3,1714234
202800643,MEHNATOBOD,3749,3,1714234
202678368,QORAQOʻYLI,9604,3,1727228
202678383,IBRAT,9602,3,1727228
304955446,ISTIQLOL,9607,3,1727228
202678526,OʻRTA-TEPA,9610,3,1727228
204428178,NOVOBOD,9611,3,1727228
202678519,KATTA ROVOT,6368,3,1727228
202678447,BAXMAL,10505,4,1727228
302866614,QUSHTAMGʻALI,6188,4,1727206
202926747,MUSTAQILLIK,6187,4,1727206
204597680,OBODON,6514,1,1727239
202590566,JUMABOZOR,6519,1,1727239
203088784,QIZIL SOY,6521,1,1727239
202877999,OʻZBEKISTON,6511,1,1727239
205825349,FAROVON,6510,1,1727239
206969438,DARXAN,6512,1,1727239
202921818,USMONOBOD,6513,1,1727239
202909403,SULTONRAVOT,9401,2,1727239
202909434,CHUMCHUQJAR,9400,2,1727239
204492544,TINCHLIK,1549,4,1706215
202951037,ZARANGARI,1546,4,1706215
202950853,DILKUSHO,1545,4,1706215
202950917,NODIRABEGIM,1551,4,1706215
202950924,BOBUR,1541,4,1706215
202950884,ABDULLA QAXXOR,1540,4,1706215
202950949,SARVARI,1553,4,1706215
202950806,FAYZULLA XOʻJAEV,1556,4,1706215
202954049,GʻALABA,1557,4,1706215
202848306,QALMAQON,1779,1,1706258
203974972,ISKOGARE,1778,1,1706258
205963430,YANGIQISHLOQ,1785,1,1706258
203974964,TALISAFED,1782,1,1706258
203974901,CHITKARON,1797,2,1706258
205842984,BOBOATO,1787,2,1706258
204960903,MIRZO ULUGʻBEK,1897,1,1706403
202914754,ISTIQLOL,1896,1,1706403
202663688,ALISHER NAVOIY,1892,1,1706403
202014268,13-SON AMIR TEMUR,1893,1,1706403
204986901,BERUNIY NOMLI 18-SON,1899,2,1706403
203643728,QIR,5032,2,1718401
206794070,KOʻRISHKENT,1805,3,1706258
202593830,JOʻYRABOD,1802,3,1706258
205763141,PAXTAOBOD,10624,4,1706258
203974925,BOBOHAYDAR,1817,4,1706258
206923036,NURAFSHON,1820,4,1706258
204731926,NAVOIY,1643,1,1706240
205007297,TURKISTON,1645,1,1706240
202942886,ABU ALI IBN SINO,1654,2,1706240
205607168,XORKASH,1669,3,1706240
205594946,BOBOHOJI,1661,3,1706240
206825126,MUSTAQILLIK,1550,4,1706215
207269604,NOʻGʻOYQOʻRGʻON,10414,1,1727415
202888644,BERUNIY,6586,2,1727248
202842583,SHODLIK,6595,2,1727248
202593790,ALISHER NAVOIY,1816,4,1706258
206667229,GULISTON,1818,4,1706258
203974933,KOTIYON,1819,4,1706258
203050421,BOʻZACHI,1634,2,1706232
204247958,SHAKARKENT,1484,4,1706212
205702572,NIYOZXOʻJA,1482,4,1706212
204065267,LATIFSOBUNGAR,1481,4,1706212
202907872,QURUVCHI,1480,4,1706212
204310856,KOʻLIODINA,1479,4,1706212
202907840,VOBKENT,1478,4,1706212
305733817,QALʻA,10046,1,1706240
203475042,VARAXSHO,1639,1,1706240
207164584,KUYOVXOʻJA,1640,1,1706240
206821052,NAVGAHON,1642,1,1706240
203171801,CHIBOGʻONI,1649,1,1706240
207209954,JIZZAXLIK,2015,3,1708212
305218894,YOSHLIK,2014,3,1708212
207193881,XAYRABOD,2026,3,1708212
207193914,YANGIHAYOT,2034,4,1708212
207195285,UMAR,10829,4,1708212
202863296,BOGʻISHAMOL,2048,1,1708218
202863368,BIRLIK,2047,1,1708218
202863329,SHAROF RASHIDOV,2056,1,1708218
202863390,TARAQQIYOT,2054,1,1708218
202863344,OQTEPA,2053,1,1708218
202876010,QAYIRMA,2050,1,1708218
207089804,YOSHLIK,2059,2,1708218
202810045,SHIRIN,2064,2,1708218
202943204,NAVOIY,2061,2,1708218
202873054,XAMID OLIMJON,2077,3,1708218
203509568,GULISTON,2069,3,1708218
202431651,QARLIQ,2586,2,1710234
206566156,AMIR TEMUR,2581,2,1710234
203284351,CHANGAK,2341,4,1710220
205111414,OQGUZAR,2339,4,1710220
207165433,OLMAZOR,2340,4,1710220
202912384,TARAQQIYOT,7164,3,1727413
202912424,ISTIQLOL,7176,4,1727413
202903181,TINCHLIK,7170,4,1727413
206980118,BULOQ ARIQ,7171,4,1727413
202903174,SEMENTCHI,7177,4,1727413
202926779,USTA NORMAT,6164,1,1727206
302866717,QAHRAMON,6171,1,1727206
200568704,ZARBDOR,6167,1,1727206
302866660,GULISTON,6166,1,1727206
202926708,BIRLIK,6177,2,1727206
302866186,HOSILDOR,6172,2,1727206
202926723,S.RAXIMOV,6186,3,1727206
207064155,BOYGULI,6181,3,1727206
302866115,SULTONOBOD,6184,3,1727206
207061469,JAGʻALBOYLI,6185,3,1727206
302866534,XONOBOD,6191,4,1727206
302866638,SUVTI,6192,4,1727206
202847101,SARBINAZ,9873,3,1735401
302860599,JARKOʻCHA,2668,3,1710237
202339614,NAZARTEPA,2670,3,1710237
201803315,MUGʻLON,2669,3,1710237
207166431,MUSHKQOQI,2678,4,1710237
204518359,BESH YUZ,6288,4,1727220
202815616,BOʻSTON,6284,4,1727220
302958736,TURON,6285,4,1727220
203111843,FARXOD,6287,4,1727220
202678573,OʻZBEK,6377,1,1727228
202664171,BUNYODKOR,6342,1,1727228
202678329,PARKENT,6348,1,1727228
202678494,SAMARQAND,6349,1,1727228
202678613,TOSHLOQ,6350,1,1727228
202678605,GULISTON,10403,1,1727228
202678415,QOʻLDOSHTEPA,10245,2,1727228
202678486,MIRZABEK,6355,2,1727228
202678462,OLTISH,10241,2,1727228
202678351,QULDUROQ,6359,2,1727228
206918469,RAMADON,6353,2,1727228
207311053,YANGIBOGʻ,10237,2,1727228
202678336,XOʻJAQOʻRGʻON,6352,2,1727228
202678408,DASHTOBOD,9601,3,1727228
203771324,OʻGʻLON,1646,1,1706240
205220216,KAMOLOT,1656,2,1706240
203235253,PESHKOʻ,1659,2,1706240
203708859,SADIR,1660,2,1706240
205732924,XOʻLBOR,1670,3,1706240
205323879,SOʻSANA,1667,3,1706240
203781589,DOʻSTLIK,1662,3,1706240
204516947,VALFAJIR,9730,4,1706240
203865292,CHIGʻIRCHI,1674,4,1706240
203857405,MUSTAQILLIK,1673,4,1706240
203850375,MALISHOYAK,9732,4,1706240
205770901,AYIRTOM,1523,3,1706215
205745005,QORABOG,1530,3,1706215
205435461,BESHTUVO,1526,3,1706215
204507324,TOSHLOQ,1536,3,1706215
204836271,POCHCHOYI,1758,3,1706246
204529226,CHORZONA,1761,3,1706246
203870160,QOVCHIN,1767,4,1706246
203875874,OBOD,1770,4,1706246
203875898,PAXTAKOR,1772,4,1706246
204068040,QAVOLA MAXMUD,1404,1,1706207
203639533,SOʻFIKORGAR,1410,1,1706207
204068018,KUNJI-QALʻA,1425,3,1706207
302923487,DILOBOD - ZAFAROBOD,1423,3,1706207
204068104,ISTIQBOL,1432,4,1706207
202659343,QAHRAMON,3658,1,1714229
202654785,QASHQAR,3659,1,1714229
202661650,OLMURUT,3661,1,1714229
202659382,XOJIOBOD,3663,1,1714229
202659399,EZGULIK,3664,1,1714229
206982906,YANGI HAYOT,3666,1,1714229
202659350,YANGIYER,3665,1,1714229
202661628,GʻAYRAT,3652,1,1714229
202659328,DOʻSTLIK,3654,1,1714229
202659335,ZIYOKOR,3655,1,1714229
202654793,KESKANYOR,3657,1,1714229
202659604,QUVURBOSHI,3671,2,1714229
202659644,MASHAD,3672,2,1714229
202661595,OBOD,3674,2,1714229
202661588,OʻNXAYAT,3676,2,1714229
202659121,CHURTUK,3678,2,1714229
202659629,AXSI,3686,3,1714229
202659232,BALANDARIQ,3679,3,1714229
202659295,JIYDAKAPA,10708,3,1714229
202654825,QOʻRGʻONCHA,10709,3,1714229
206934520,UMID,10712,3,1714229
202814364,QOʻYTOSH,1983,4,1708209
304149926,KOʻKGUMBAZ,1982,4,1708209
203620154,XOʻJA AHMAD VALE,7888,1,1730233
203620186,SHOHIMARDON,7887,1,1730233
203652241,GULISTON,7906,1,1730233
203634342,KAPTARXONA ,7908,1,1730233
206838949,BOʻSTONOBOD ,7905,1,1730233
203633011,SHOXIMARDONOBOD,7904,1,1730233
203652226,NOVKENT,7903,1,1730233
203654760,BIRDAMLIK,7915,2,1730233
203638598,QORASUV,7912,2,1730233
203654792,AVVAL,7916,2,1730233
204452617,OBOD,7919,2,1730233
203652258,LOGʻON ,7920,2,1730233
203634231,VAZIYO,7921,2,1730233
203634224,MASHAʻL ,7923,2,1730233
203633074,QURILISH,7932,3,1730233
203634294,YUQORI ARCHA,7924,3,1730233
202944607,YOSHLIK,10416,1,1727415
202954713,BAXT,10413,1,1727415
202950362,ADOLAT,10412,1,1727415
202944614,XONOBOD,9946,2,1727415
202948158,GULISTON,9947,2,1727415
202944646,UMID,7190,3,1727415
202878103,PAXTACHI,6383,1,1727233
207255369,JUMAGʻUL,6384,1,1727233
202878127,BALIQCHI,6390,1,1727233
202878110,TOʻQBOY,6391,1,1727233
202903031,PAXTAZOR,6399,2,1727233
202883651,MADANIYAT,6398,2,1727233
207255305,TINCHLIK,6400,2,1727233
202883668,YILQICHI,10577,2,1727233
207255384,OYDINOBOD,6403,3,1727233
202649918,XURSHID,5699,3,1722217
306502160,DARAGISTON,5694,3,1722217
202639107,ZILOL,10078,3,1708401
202870099,OLTINTOPGAN,8895,4,1726264
203115569,CHOSH-TEPA,9173,1,1726292
306236531,BUNYODOBOD,9836,1,1726283
202814134,OʻZGARISH,9165,1,1726283
202824881,HABIBIY,9166,1,1726283
202822022,Mehrigiyo,9167,1,1726283
202975085,GULISTON,9168,1,1726283
202970339,EZGULIK,9170,1,1726283
202979705,YANGI SERGELI,9171,1,1726283
202836527,JOʻN-ARIQ,9174,1,1726283
207300447,XUMO,9842,3,1726292
207300423,TASHABBUS,9840,1,1726292
202966223,CHAROGʻON,9179,2,1726292
202964273,DARYO BOʻYI,9177,2,1726283
202840720,AL-FARGʻONIY,9181,2,1726292
202734281,XONOBOD,9180,2,1726283
303934117,OLCHAZOR,9188,3,1726292
203023288,YANGI OBOD,8230,3,1730408
202688807,GOʻZALLIK,5867,2,1722226
202688861,YOSHGʻAYRAT,5869,2,1722226
202688767,ZARIBDOR,5870,2,1722226
202688782,KOʻKLAM,5872,2,1722226
202720822,OBODON,5874,2,1722226
202720846,OYNAKOʻL,5875,2,1722226
202688704,SAVJURONBOBO,5889,3,1722226
202688839,SAKSONKAPA,5888,3,1722226
202688846,BAXSHTEPA,5879,3,1722226
203480496,OQKAMAR,5886,3,1722226
202688695,QOQAYDI,5885,3,1722226
202688854,KAKAN,5884,3,1722226
202688671,JOYILMA,5883,3,1722226
202703794,BAXSHTEPA-1,5880,3,1722226
202760884,EZGULIK,5899,4,1722226
202760852,XUSHCHEKKA,5898,4,1722226
202760876,OZOD,5895,4,1722226
207274020,TAMSHUSH,5896,4,1722226
202688750,IBN-SINO,5892,4,1722226
201318206,YANGIOBOD,5262,1,1722202
203785069,QOZIGUZAR,9664,1,1710405
202385883,KULOLLIK,9663,1,1710405
202329548,QUSHXONA,9662,1,1710405
202336341,NAVRUZ,9659,1,1710405
202787557,FAYZ OBOD,2969,2,1710405
202336326,BUNYODKOR,2960,2,1710405
202880244,KESH,2963,2,1710405
202853958,MAʻRIFAT,2965,2,1710405
202329524,ZIYOKOR,2971,3,1710405
202436794,IPAK YOʻLI,2973,3,1710405
202605853,KAMOLOT,2974,3,1710405
202902999,XOʻJA,6405,3,1727233
207255313,VATAN,6408,3,1727233
202924773,UCH CHINOR,6409,3,1727233
202903063,BOGʻISTON,6410,3,1727233
204068072,YANGI TURMUSH,1437,4,1706207
205785866,MUSTAQILLIK,1561,1,1706219
202989186,YANGI HAYOT,1565,1,1706219
206670843,OʻRTA CHOʻL,1570,2,1706219
203003067,FIDOKOR,1013,3,1703224
202830131,BEKLAR,4413,2,1718218
202728368,TINCHLIK,4430,3,1718218
202754241,OQ-OLTIN,4429,3,1718218
202727274,CHAYKAL,4451,4,1718218
202637061,TOMA,9932,1,1718230
202637172,SHAMSNAZAR,10099,2,1718230
202693739,NAVBAHOR,4982,1,1718401
202706506,MADADKOR,4979,1,1718401
202643926,YANGI HAYOT,5001,1,1718401
202686896,BOTIR ZOKIROV,4959,1,1718401
203639920,DUKCHIYON,4969,1,1718401
202680819,SIYOBCHA,4989,1,1718401
205941885,UCHMA,2147,1,1708235
201411012,UXUM,2146,1,1708235
205941893,QOʻLBA,2145,1,1708235
202867758,QORAOBDOL OTA,2150,2,1708235
204914207,MUSTAQILLIK,2151,2,1708235
303403817,ILONLI,2149,2,1708235
206817720,OQTOM,2155,3,1708235
202875179,XONBANDI,2168,4,1708235
200340584,DARBOZA,2162,4,1708235
200340538,QIZILQUM,2163,4,1708235
202638868,YOSHLIK,2180,1,1708401
206072850,DOʻSTLIK,2179,1,1708401
202638947,BOBUR,2177,1,1708401
202638875,ULUGʻBEK,2184,1,1708401
202638883,XAYROBOD,10057,2,1708401
202639114,KIMYOGAR,10063,2,1708401
202639011,MADANIYAT,10065,2,1708401
202638962,OʻRATEPALIK,10072,3,1708401
203629102,GUZAR,7943,3,1730233
205527734,DOʻSTLIK,7940,3,1730233
203634263,SOY BOʻYI,7926,3,1730233
203634270,BOY,7928,3,1730233
203638503,LANGAR,7935,3,1730233
203634216,GULSHAN,7936,3,1730233
203652265,YANGIOBOD,7950,4,1730233
203632986,"""O`RTA  SHO`RA""",7960,4,1730233
203638542,MAYDON ,7959,4,1730233
203638559,QOʻRGʻONTEPA ,7958,4,1730233
203633035,OʻZBEKISTON ,7956,4,1730233
203633043,OQ OLTIN ,7954,4,1730233
203633028,XONQIZ,7949,4,1730233
203652234,CHIMYON SHAHARCHA,7948,4,1730233
202951360,LASHKAR,8221,1,1730408
202505075,DOʻSTLIK,8218,1,1730408
202951338,BOGʻBON,8217,1,1730408
202951298,YUQORI MOʻYAN,8223,1,1730408
304948399,MOʻYAN,8222,1,1730408
202951306,PAKANA,8226,2,1730408
207255337,SURUM,6411,4,1727233
202878063,KOʻKSAROY,6415,4,1727233
202878055,BERUNIY,6417,4,1727233
202878070,XOʻJAPISKON,6418,4,1727233
207312811,QIR ARIQ,10775,1,1727259
204457823,PAXTA,6903,1,1727259
202944511,NAMUMA,6899,1,1727259
202913351,8-SONLI GULZOR,7206,1,1727419
202923664,5-SONLI IQBOL,10744,1,1727419
202677986,TUPCHOQ,2511,3,1710232
305043021,ANORZOR,2498,3,1710232
202677804,BOGʻBON,2515,4,1710232
202677844,BEKTEMIR,2514,4,1710232
305037978,ALAQUYLIQ,2513,4,1710232
202677836,XOJI,2523,4,1710232
202677875,XALQLAR DOʻSTLIGI,2522,4,1710232
202678004,GULISTON,2516,4,1710232
303229218,AMMOGʻON,9666,1,1710405
205683130,KALLON,1547,4,1706215
203637948,DEGREZON,1544,4,1706215
205789844,BOʻLAKIYON,1542,4,1706215
202010012,NAVOIY,64,2,1735207
206984942,U.JUMANIYAZOV,71,2,1735207
205054984,TURON,85,4,1735207
202695918,MAVOROUNNAXR,3351,2,1714207
202813714,CHAK,3359,2,1714207
202813594,SOY BOʻYI,3357,2,1714207
202695940,YOSHLIK,3365,3,1714207
202813610,GULBOGʻ,3363,3,1714207
207128454,NOMDANAK,6787,3,1727253
207122383,BOYOVUL,6789,3,1727253
207190973,QORAQOʻYLI,6794,3,1727253
207126869,MAYRAMKOʻL,6793,3,1727253
206854580,BESHBOY,6799,4,1727253
207127645,GALABOTIR,6805,4,1727253
207075291,A.YOʻLBARISOV,6813,4,1727253
207134914,GULISTON,6814,4,1727253
207127638,YANGILIK,6801,4,1727253
207075173,QUMJIQQIN,268,1,1735236
202780314,NURLI JOL,271,1,1735236
207168136,GULZOR,10942,1,1735204
207140149,BESH TOM,10940,1,1735204
203553325,CHOYKOʻL,13,1,1735204
207140117,YUQORI QISHLOQ,30,2,1735204
205211338,SAMANBAY,10886,4,1735401
205358257,KOʻK OʻZEK,419,4,1735401
202922436,KATTABAYOT,1369,1,1706204
203822339,ASAJAM ,1372,2,1706204
206833211,YOSH BOTIR,1376,2,1706204
203243663,ESKI OLOT,1381,2,1706204
203695877,DEXQONOBOD,1582,1,1706230
202995014,QORAXOJI,1586,1,1706230
206938680,MIROB,1589,1,1706230
203702717,OQ-OLTIN,1591,1,1706230
203020807,QORAKOʻL,1600,2,1706230
205221752,TOJIKENT,1607,2,1706230
203974893,SHIBIRGʻON,1815,3,1706258
205318979,XORIN,1814,3,1706258
205140079,TEMIRCHI,1813,3,1706258
205567203,PATTAXON,1811,3,1706258
207037679,NEKKISHI,1810,3,1706258
206695660,KALON,1804,3,1706258
202938240,SOY ,6696,3,1727249
204764061,KICHIKQOʻRGʻON,6690,3,1727249
202938390,OYBEK,6698,4,1727249
202366764,ZAMINOBOD,9041,3,1726273
202938329,QURUQSOY,6708,4,1727249
205599464,QOʻRGʻONTEPA,6697,4,1727249
202938430,MAYLOBOD,6712,1,1727250
202949235,BEKOBOD,6710,1,1727250
207146725,SAIDOBOD,6719,1,1727250
202942070,YANGIOBOD,6722,2,1727250
202942087,BIRLIK,6721,2,1727250
207146701,KOʻL OTA,10465,2,1727250
207336805,KELOVCHI,6725,2,1727250
207147146,GULISTON,6724,2,1727250
206987313,YOSHLIK,6960,4,1727259
204157714,NAVBAHOR,6956,4,1727259
202944384,QIRSADOQ,6955,4,1727259
204845142,SHODLIK,6954,4,1727259
202944400,SAHOVAT,6953,4,1727259
207209946,ZIYOKOR,2016,3,1708212
207285466,YANGI XAYOT,6249,1,1727220
203122687,QORA QOʻYLI,6242,1,1727220
203073091,PAXTAKOR,6244,1,1727220
202836083,QUSHCHI,6250,2,1727220
202846443,OʻZBEKOBOD,6252,2,1727220
202846435,BUNYODKOR,6253,2,1727220
202846450,OQ-TEPA,6256,2,1727220
202849724,PASTKI KERAYIT,6257,2,1727220
202857556,BOGʻISHAMOL,6260,2,1727220
203115655,YANGIBOZOR,6262,2,1727220
202836068,YANGI OVUL ,6264,3,1727220
202852326,TAQACHI,6268,3,1727220
202836029,YOSHLIK,6269,3,1727220
202836044,QUSHTAMGʻALI,6271,3,1727220
202857571,QOQONI,6272,3,1727220
202966928,ACHAMAYLI,6274,3,1727220
206584847,TERAKZOR,6277,3,1727220
202927967,BAYTQOʻRGʻON,6647,4,1727248
202903166,OBOD-TURMUSH,7162,3,1727413
202903134,XAMID OLIMJON,7163,3,1727413
202665503,YUQORI NAVKENT,3964,4,1714242
200701854,BOʻSTON,2543,2,1710233
204815764,BARHAYOT,2552,3,1710233
206987147,OLTIN BOSHOQ,2555,3,1710233
201565589,POMUQ,2556,3,1710233
201565596,CHAMANZOR,2557,3,1710233
305549048,UMR BUNYODKORI,10181,4,1710235
202807862,YUKSALISH,2642,4,1710235
205809779,OBOD YURT,2648,1,1710237
202360194,OQQAMISH,2649,1,1710237
302842668,BOGʻARIQ,2643,1,1710237
206834337,JIZZA,2646,1,1710237
202368603,KASBI,2647,1,1710237
202339622,XOʻJAQARLIQ,2653,1,1710237
205846195,OQJANGAL,2664,2,1710237
202388903,MIRZO ULUGʻBEK,2663,2,1710237
207088971,ISTIQLOL,2656,2,1710237
207119876,QOʻNGʻIROT,2660,2,1710237
202368610,MAYMANOQ,2661,2,1710237
201803251,KOMILON,2657,2,1710237
202352354,XOʻJA KASBI,2666,2,1710237
202848321,ZARCHABEK,1803,3,1706258
206932509,DORIGAR,1800,3,1706258
205736744,TALISANGOBOD,1822,4,1706258
202848298,XOJA ORIF,1826,4,1706258
206932223,XORKASH,1825,4,1706258
202687404,YANGI KUCH,5457,3,1722210
202687769,SHAMOLI,5455,3,1722210
202688054,TOTUVLIK,5451,3,1722210
202687737,TINCHLIK,5450,3,1722210
202687594,SURXON,5447,3,1722210
202687665,SURNAYTEPA,5446,3,1722210
202687626,OSTONA,5443,3,1722210
202687222,OQQOʻRGʻON,5442,3,1722210
202687863,NAMOZGOX,5439,3,1722210
202687468,MUQUMIY,5437,3,1722210
202687278,MINGBULOQ,5436,3,1722210
207200849,QOROMON,8464,2,1733217
207104183,BERUNIY,8463,2,1733217
302908393,MUNIS XORAZMIY,8483,3,1733217
303407691,TADQIQOTCHILAR,8489,3,1733217
207200856,YOSHLIK,8491,3,1733217
303404618,CHANDIR,8488,3,1733217
205591697,OLTIN KOʻL,8481,3,1733217
303404664,QAYCHILI,8485,3,1733217
303977356,BAXSHILAR,8495,4,1733217
207189030,QOʻNGʻIROT,8492,4,1733217
207200864,HIDOYAT,8498,4,1733217
207203764,GULOBOD,8497,4,1733217
202946334,MASHʻAL,9780,1,1733401
207209044,SHOVGʻOZ,6208,2,1727212
207209075,TOSHARIQ,6207,2,1727212
207209051,QUYUN,6215,2,1727212
204034487,SANAM,6206,2,1727212
204221753,KOʻKSAROY,10866,3,1727212
207209012,CHINOR,10864,3,1727212
207204225,CHUVILDOQ,6219,3,1727212
203943891,GOʻSHSOY,6220,3,1727212
202694071,SHUR-TEPA,8973,1,1726269
202695094,AT-TERMIZIY,5719,1,1722220
207250770,TERMIZ,5734,2,1722220
204364884,AYRITOM,5728,2,1722220
202674476,UCHQIZIL,5739,3,1722220
202784545,JUYJANGAL,5744,4,1722220
202797039,OʻZBEKISTON,5907,1,1722401
202767264,MAʻRIFAT,5919,3,1722401
202767225,ABDURAXMON JOMIY,5915,3,1722401
202777711,ALISHER NAVOIY,9804,4,1722401
203624007,FARXOD,5929,4,1722401
202931955,ALPOMISH,5925,4,1722401
202671299,XOʻJAIDOD,5297,1,1722204
201318166,XOMKON,5257,1,1722202
202760006,TALLASHQON,5270,2,1722202
202309097,BAHOR,5273,3,1722202
202299903,NAVROʻZ,5285,4,1722202
202731168,DOʻSTLIK,5330,1,1722207
202731129,OLMAZOR,5333,1,1722207
202881909,YUKSALISH,3787,1,1714236
202874457,ORA-ARIQ,3797,2,1714236
202874464,OQTERAK,3796,2,1714236
200107635,NAVRUZ,3794,2,1714236
202638844,JIZZAXLIK,10083,3,1708401
202639004,XALQAOBOD,10074,3,1708401
302791416,GULISTON,8569,1,1733223
302775688,YANGI TURMUSH,8575,1,1733223
302787514,QORAMOZI,8570,1,1733223
202845380,OBLIQ,7110,2,1727407
202838190,MUSTAQILLIK,7116,2,1727407
202838215,BOBOTOGʻ,7114,2,1727407
203573174,GEOLOG,7113,2,1727407
202862242,SAID OTA,7123,2,1727249
207255771,FAYZOBOD,7125,2,1727249
206976912,NAVBAHOR,7130,3,1727407
202838286,YANGI BOGʻ-SURX,7132,3,1727407
202845397,OPPARTAK,7119,3,1727407
202846664,LASHKERAK,7118,3,1727407
202852405,KARVON,7140,4,1727407
202846704,JIGARISTON,7135,4,1727407
202838358,ISTIQLOL,7139,4,1727407
206993615,QUTLI QONIS,386,2,1735401
200363294,SHIMBAY SHAYXANA,2,2,1735401
202822308,XALIQLAR DOSLIGI,9867,3,1735401
204065195,SOʻFIDEXQON,1446,1,1706212
202907857,ISTIQLOL,1439,1,1706212
204208941,MOʻMINOBOD,1459,2,1706212
204097092,PONOB,1470,3,1706212
202645495,QOʻSHXOVUZ,9668,1,1710405
202837454,TUTZOR,9656,1,1710405
203936299,SADRIDDIN AYNIY,5050,2,1718401
203936544,OGAHIY,5045,2,1718401
203936361,QUSH CHINOR,5036,2,1718401
202854860,TOSHARIQ,7512,1,1730215
202857739,QOʻRGʻONCHA,7515,2,1730215
203264764,MAʻRIFAT,7522,2,1730215
202687619,YURCHI,5422,2,1722210
202687959,SOʻFI OLLOYOR,5413,2,1722210
202687199,NAMUNA,5406,2,1722210
202687451,BUYUK IPAK YOʻLI,5390,2,1722210
202687389,QORAXON,5402,2,1722210
202687301,BO'STON,5386,2,1722210
203264788,QUM,7519,2,1730215
203264795,KULOL-OBOD,7530,3,1730215
202649854,TERAKZOR,5687,2,1722217
202649878,SHOHJAXON,5691,2,1722217
202649839,BOʻYRAPUSH,5679,2,1722217
202906842,QADRDON,10667,4,1726266
202906644,OTCHOPAR-2,10666,4,1726266
202630095,BOʻRIJAR,9385,4,1726294
202847229,ISTIQLOL,82,4,1735207
203585927,PAXTACHI,238,1,1735233
203593370,OQQAMISH,10540,3,1735233
203093724,QIZILQUM,331,1,1735250
207107607,OQ-OLTIN ,334,1,1735250
203093621,TOZA-BOGʻ,337,1,1735250
203093692,ELLIKQALʻA,363,4,1735250
204895216,ATA MAKAN,101,3,1735211
202805399,JILWANJAP,113,2,1735212
202811764,QUMSHUNGUL,116,3,1735212
203023328,TAXTAKOʻPIR,229,4,1735230
201012019,TAZA-JOL,298,1,1735240
202665194,GUJIMLI,305,3,1735240
202665234,JIPEK JOLI,312,4,1735240
203131803,KERDER,191,3,1735225
202800929,NAYMANKUL,196,1,1735228
204760004,ORAYLIQ,206,4,1735228
202586783,MAʻRIFAT,9988,3,1726290
202586941,KATTA QOʻYLIQ,9331,4,1726290
202586902,QOʻYLIQOBOD,9333,4,1726290
202460252,UYSOZLAR,9334,4,1726290
202586854,YANGI QOʻRGʻON,9337,4,1726290
202586640,BUNYODKOR,10587,4,1726290
202460276,YANGI DAVR,10586,4,1726290
202915634,ZAFAROBOD,9744,1,1726277
202915586,OʻZBEKISTON,9742,1,1726277
202915942,BELTEPA,9733,1,1726277
202915641,SHODLIK,9736,1,1726277
303794102,YANGI JARARIQ,9737,1,1726277
202915705,TAXTAPUL,10834,2,1726277
203553769,MUZBULOQ,1941,2,1708204
202711445,QUTLUGʻOBOD,1940,2,1708204
202791062,BAXMAL,1939,2,1708204
203577209,FIDOKOR,1949,3,1708204
202924314,TONGOTAR,1948,3,1708204
202927444,DOʻSTLIK,1946,3,1708204
202776451,BARLOS,1944,3,1708204
204459170,SHODLIK,1957,4,1708204
202301385,MUXAMMAD NARSHAXIY,1836,1,1706401
203936647,MAROQAND,5037,2,1718401
203936132,GʻAFUR GʻULOM,5011,2,1718401
203936378,GEOLOGLAR,5014,2,1718401
203936891,DARI ZANJIR,5018,2,1718401
203936963,IBROXIM XOʻJA,5025,2,1718401
203936536,SHARQ TONGI,5074,2,1718401
203936164,ABDURAXMON JOMIY,5002,2,1718401
203936876,CHASHMA,5071,2,1718401
204495437,SAIDKENT,1516,2,1706215
204495491,MAHALLAMIRZAYON,1513,2,1706215
204495484,TARXANON,1518,2,1706215
205652897,XATCHA ,1521,2,1706215
204520911,KOʻKCHA,1529,3,1706215
207151585,JIPEK JOLI,370,1,1735401
202915863,KATTA-XOVUZ,9080,3,1726277
202915855,MANNON UYGʻUR,9082,3,1726277
202915697,TINCHLIK,9084,3,1726277
202915848,OBINAZIR,9085,3,1726277
202915887,KOʻKCHA DARVOZA,9088,3,1726277
202915594,YANGI SHAHAR,9089,3,1726277
202915658,SHOFAYZI,9090,3,1726277
202915713,SARXUMDON,9092,3,1726277
202915744,CHARX NOVZA,10613,4,1726277
202887432,KATTA OQTEPA,10619,4,1726277
202915831,OLIM XOʻJAYEV,10618,4,1726277
202915602,YANGI OBOD,10610,4,1726277
202915626,ESHONGUZAR,10824,4,1726277
202855109,MIRISHKOR,8885,1,1726264
202855116,IQBOL,8888,2,1726264
202810583,YANGIYER,3894,4,1714237
202684804,DOʻZANDA,3886,4,1714237
202849082,SARIMSOQTEPA,3889,4,1714237
202741915,OʻZBEKISTON,7608,4,1730218
202741844,QUVA,7617,4,1730218
202649767,LOCHIN,5683,2,1722217
202649799,MARJONA,5684,2,1722217
202649846,NILOVA,5685,2,1722217
202638994,TURON,10088,4,1708401
202639067,ZARGARLIK,10095,4,1708401
202639122,BOGʻISHAMOL,10098,4,1708401
202638851,NAVRUZ,10093,4,1708401
202639043,AMIR TEMUR,2203,4,1708401
202638836,SHODLIK,10092,4,1708401
205689296,GULBAHOR,9502,1,1708201
204154282,TINCHLIK,1915,1,1708201
204968915,CHINOBOD,9504,2,1708201
202782209,YANGIBOʻSTON,9503,2,1708201
202782216,ZARAFSHON,9505,2,1708201
202878736,GʻOLIBLAR,9507,3,1708201
202817874,YAYDOQ,3462,1,1714216
202817834,FURQAT,3460,1,1714216
202688086,A.JOMIY,5459,4,1722210
202687720,DAXANA,5461,4,1722210
202687515,KOʻKABULOQ,5464,4,1722210
202687927,SUMBULA,5472,4,1722210
202687436,SOHIBKOR,5471,4,1722210
202688079,14-SON NURISTON,5467,4,1722210
202687776,OʻSHOR,5473,4,1722210
206989524,DASHTI-CHINOR,5462,4,1722210
202760654,TAKIYA,5611,1,1722215
202907209,41-SONLI SHARQ,7242,4,1727419
202726473,GUL,6395,1,1727233
207255376,ABAY,6394,1,1727233
202726164,MIROBOD,6386,1,1727233
202726157,IBRAT,6385,1,1727233
202871019,SINABOGʻ,2978,3,1710405
202810274,UYCHILIK,2982,4,1710405
202826508,KUNCHIQAR,2981,4,1710405
202669584,QUYI KARNON,3874,3,1714237
202664615,SABZAZOR,3880,3,1714237
202681714,YAKKASADA,10277,4,1714401
202194719,SOXIBKOR,10272,4,1714401
202366899,YANGIZAMON,9920,1,1726273
202374010,FURQAT,9919,1,1726273
202366882,A.AVLONIY,10036,2,1726273
202366692,AT-TERMIZIY,10039,2,1726273
202366700,YANGI MIROBOD,9044,3,1726273
202372615,TEMIRYOʻLCHILAR,9042,3,1726273
202914303,NUROBOD,10596,4,1726262
202205647,TIRSAKOBOD,9347,1,1726294
202366795,ISTIQLOLOBOD,9038,3,1726273
202285177,OQSOY,5597,4,1722214
202287815,TEBAT,5600,4,1722214
202760813,OFTOBMAKON,5857,1,1722226
202760891,OQTUMSHUQ,5854,1,1722226
202720782,BOBOTOGʻ,5848,1,1722226
202895724,TURON,8993,3,1726269
202577399,ASAKA,8994,3,1726269
202627937,OQIBAT,8996,3,1726269
303858148,OLIY HIMMAT,9002,3,1726269
303858155,ELOBOD,9000,3,1726269
202694318,BUYUK IPAK YOʻLI,8988,3,1726269
202906770,XIYOBON TEPA,8948,4,1726266
202906898,BOʻZSUV,8951,4,1726266
202906652,AKBAROBOD,10849,4,1726266
202906534,FIRDAVSIY,8953,4,1726266
202912740,OBOD,8959,4,1726266
202906620,POSIRA,8960,4,1726266
202887504,OLIMPIYA,9116,1,1726280
202908784,ISTIQBOL,9115,1,1726280
202919288,TABASSUM,9106,1,1726280
202908863,PAXTA,9112,1,1726280
206128114,MOYARIQ,9121,1,1726280
202862829,GʻALABA,9122,1,1726280
202908855,YANGI TOSHKENT,9110,1,1726280
202897641,YOSHLIK,9119,1,1726280
202388490,SHODIYONA,9117,1,1726280
206932279,TINCHLIK,5612,1,1722215
202748224,YANGIOBOD,5616,1,1722215
202700428,GULOBOD,5605,1,1722215
202746188,ISTIQLOL,5608,1,1722215
202705095,QORASUV,5609,1,1722215
202803916,NAVROʻZ,5610,1,1722215
202717570,YANGI HAYOT,10050,2,1722215
202717563,OQJAR,10045,2,1722215
202709295,BOGʻISTON,10043,2,1722215
202760662,ISTARA,10051,2,1722215
202731230,BOGʻBONLAR YURTI,10048,2,1722215
202717594,KUNCHIQISIH,10439,3,1722215
207210599,ALISHER,6233,4,1727212
207209036,UVAK,6232,4,1727212
202838175,DORULFUNUN,7099,1,1727407
202845365,SAMARCHUGʻ,7097,1,1727407
202846689,ISTIQBOL,7096,1,1727407
202838334,NAVRUZ-1,7105,1,1727407
202838302,GULZOR,7103,1,1727407
202838254,BOGIʻ-SURX,7101,1,1727407
202838262,GʻAFUR GʻULOM,7109,2,1727407
202833523,DOʻSTLIK,7108,2,1727407
202907184,4-SONLI GULISTON,7199,1,1727419
202903221,1-SONLI X.MAQSUDOV,7200,1,1727419
202903277,11-SONLI ISHONCH,7208,1,1727419
202909481,13-SONLI CHINOR,7210,2,1727419
202903260,17-SONLI MIRZO GʻOLIB,7212,2,1727419
202907169,12-SONLI XUMO,7215,2,1727419
202903238,14-SONLI SEMURGʻ,7216,2,1727419
206947955,DUOBA,5342,2,1722207
202695008,BODOMZOR,5338,2,1722207
202310200,MUSTAQILLIK,5345,2,1722207
202349776,FIDOKOR,5348,2,1722207
202688213,OBOD YURT,5756,1,1722221
202673952,KICHIK JONCHEKKA,5753,1,1722221
202673905,UZUN QISHLOQ,5774,2,1722221
202653938,QARASHIQ,5767,2,1722221
202673944,YANGI HAYOT,5778,2,1722221
202660114,ISTIQLOL,5765,2,1722221
202666042,MADANIY-TURMUSH,5783,3,1722221
202688284,OʻZBEKISTON,5798,4,1722221
202712364,KARSAGAN,5203,1,1722201
202493346,GULOBOD,5201,1,1722201
202712396,OQARBULOQ,5205,1,1722201
202944495,GULISTON,6897,1,1727259
202820168,YANGI XAYOT,3865,2,1714237
206576057,TOYMAS,3859,2,1714237
202670553,TOSHQOʻRGʻON,3861,2,1714237
202666969,DOʻSTLIK,3869,3,1714237
202817898,QUYULTEPA,3453,1,1714216
202898649,QURAMA,3452,1,1714216
202898688,KATTA OQTOVLIQ,3449,1,1714216
202898656,TEGIRMONBOSHI,3458,1,1714216
202817810,YETTIQASHQA,3447,1,1714216
202817827,BOʻSTON,3445,1,1714216
203085228,UCHUVCHILAR,9197,4,1726283
202694143,CHIMYON,8962,1,1726269
202892332,SULTONIYA,9833,1,1726269
205697287,YANGI AVAYXON,8969,1,1726269
202694333,AVAYXON,8967,1,1726269
202694174,ALPOMISH,8965,1,1726269
202694364,YUZRABOT,8985,2,1726269
202694239,A.YUGNAKIY,8976,2,1726269
202694088,BESH-KAPA,8978,2,1726269
205744229,TRAKTORSOZLAR,8980,2,1726269
202742004,HUMOYUN,8983,2,1726269
202746195,YANGIKENT,10438,3,1722215
202958612,XALQOBOD,10436,3,1722215
202705111,GILAMBOB,10435,3,1722215
203389956,DEVAYRON,7741,1,1730226
203392162,LENBUR,7743,1,1730226
201528142,SOHIBKOR,7744,1,1730226
203280294,ISTIQLOL,7754,2,1730226
203394950,YANGIARIQ,7752,2,1730226
203634184,QALʻA,7751,2,1730226
203496665,SARIBOZORCHA ,7749,2,1730226
203381421,SHARQOBOD,7756,3,1730226
203381438,QIZILQIYOQ,7759,3,1730226
203415037,HUSHYOR,7758,3,1730226
201528127,SOʻX,7765,4,1730226
203490136,MULGON,7761,4,1730226
203629062,MARGʻILON,7900,1,1730233
203629079,HOSILOT,7897,1,1730233
203638638,VODIL,7895,1,1730233
203634310,YOYILMA,7893,1,1730233
203634255,MEHNATOBOD,7891,1,1730233
202966358,YUQORI BOGʻ,10482,4,1733401
202945218,AL-XORAZMIY,10480,4,1733401
202960231,SHODLIK,10479,4,1733401
202952240,JAMBUL,10476,4,1733401
202942166,MUSTAQILLIK,10483,4,1733401
202688062,GULISTON,10495,3,1722210
202952225,NAVBAHOR,9777,1,1733401
202946359,GULZOR,9776,1,1733401
202947389,GULSHAN,8772,1,1733401
202946303,JINGAVUZ,9781,1,1733401
202945233,BOʻSTON,9792,2,1733401
202947429,DOʻSTLIK,9791,2,1733401
202947404,BOBUR,9790,2,1733401
202942159,BESH MERGAN,9786,2,1733401
202945225,ASHXABAD,9784,2,1733401
202947412,ISTIQLOL,9795,3,1733401
204076238,ZIYOKORLAR,10473,3,1733401
207197987,JALOLADDIN MANGUBERDI,10474,3,1733401
304657982,ISLOMOBOD,10475,3,1733401
203663552,BAHOUDDIN NAQSHBAND,1829,1,1706401
205757274,XOʻJAMUSHKIN,1845,1,1706401
305087347,ZARAFSHON,2484,2,1710232
202678028,CHARMGAR,2494,2,1710232
202678011,SANAM,2493,2,1710232
202677693,MUSTAQILLIK,2489,2,1710232
207114210,KUXSOR,2505,3,1710232
202677915,BOʻSTON,2501,3,1710232
202677812,SAROY,2508,3,1710232
202677994,YANGIOBOD,2512,3,1710232
202677733,OBIKANDA,2506,3,1710232
202914209,ABDULLA QODIRIY,8833,1,1726262
202904268,GUZAR,8830,1,1726262
202642516,KOʻKCHA OQTEPA,8827,1,1726262
202709754,XONDAMIR,8825,1,1726262
202914255,TAQACHI,10718,2,1726262
202734764,XAYRATIY,8843,2,1726262
202480932,TINCHLIKOBOD,8846,2,1726262
202586965,BOYQOʻRGʻON,9308,2,1726290
205927506,FIDOYILAR,9307,2,1726290
202586751,CHOʻLPON,9306,2,1726290
203028185,MADANIYAT,9200,4,1726283
202808877,OLTIN VODIY ,9204,4,1726283
202795089,ASROBOD,9202,4,1726283
200107667,ISTIQLOL,3792,2,1714236
200107857,DEHQONOBOD,3791,2,1714236
202933200,BODOMZOR,3790,2,1714236
202543820,BALIQ-KOʻL,3788,2,1714236
202436881,YANGIOBOD,3814,3,1714236
200107936,XAZRATISHOX,3812,3,1714236
200107889,ZANGOBOD,3804,3,1714236
200107611,SAROY,3808,3,1714236
203296470,OʻTTIZZAMBAR,7553,4,1730215
203253287,CHIMBOY,7549,4,1730215
202866807,DALA-H.OLIMJON,7546,4,1730215
203253303,QUYI ZARQAYNAR,7544,4,1730215
202842844,CHORBOGʻ,7547,4,1730215
202261570,BOGISH,7970,1,1730236
203054954,NAVBAXOR,7971,1,1730236
203017208,KICHIK TURK,7963,1,1730236
203022202,ABDUSAMAD,7966,1,1730236
200165114,OQJAR ,7968,1,1730236
203209807,OQTEPA,7983,2,1730236
203040473,MANGʻIT,7981,2,1730236
203094629,TO'LABOY,7979,2,1730236
203017230,TELIMING,7976,2,1730236
205726004,XOʻJAYPOK,9560,1,1722203
203606922,ZEVAR,9563,1,1722203
202754961,BAGʻRIKENG,9561,1,1722203
202754978,OBOD YURT,9562,1,1722203
202754939,BAHORISTON,9569,1,1722203
205412973,OʻRGʻULSOY,9567,1,1722203
202649664,SEBZOR,5667,1,1722217
202649649,XUFAR BOGʻI OBOD,5656,1,1722217
202649750,XALQABOD,5688,2,1722217
202649774,JANNATMAKON,5681,2,1722217
203543733,36-A.NAVOIY,10448,3,1730405
202687554,LAGʻMON OTA,5403,2,1722210
203264749,PASTKI YANGIQOʻRGʻON,7520,2,1730215
202854884,YANGI XAYOT,7528,2,1730215
202842820,NAVBAXOR,7516,2,1730215
202660161,MALAND,10927,1,1722217
202649735,CHILONZOR,5671,1,1722217
202650031,SUBXIDAM,5668,1,1722217
202677947,SARIOSIYO,2476,1,1710232
202677678,SURUM,2478,1,1710232
202677930,TOSHKENT,2479,1,1710232
202677725,XOMID OLIMJON,2481,1,1710232
305037090,QOʻSHDARYO,2469,1,1710232
202677954,QORABULOQ,2468,1,1710232
305040002,DENOV,2467,1,1710232
305038382,BIRLIK,2466,1,1710232
305041870,OQ SUV,2472,1,1710232
305070377,NAVROʻZ,2490,2,1710232
202724864,QUMQISHLOQ,5490,2,1722212
202724610,QORAQURSOQ,5489,2,1722212
202724587,QORAYOGʻOCH,5487,2,1722212
202724871,KUNCHIQISH,5486,2,1722212
202229878,ALISHER NAVOIY,5502,3,1722212
206850247,BESHBULOQ,5503,3,1722212
202724760,GULXOVUZ,5505,3,1722212
202724935,GʻUR-GʻUR,5506,3,1722212
202724714,DEXQONOBOD,5508,3,1722212
202724753,JARQOʻRGʻON MINORASI,5509,3,1722212
303865384,ARMUGʻON,9217,1,1726287
303865764,DILBULOQ,9213,1,1726287
204755033,MUHANDISLAR,9226,1,1726287
202679137,QUSHBEGI,9219,1,1726287
202887353,TOʻQIMACHI,9229,2,1726287
202718181,MUQIMIY NOMLI,9242,2,1726287
202918867,BELARIQ,9243,3,1726287
202904125,RAKATBOSHI,9250,3,1726287
202918843,TEPA,9249,3,1726287
202877452,ABDULLA QAHHOR,9264,4,1726287
303843207,NURMAKON,8909,1,1726266
202906613,SOBIROBOD,8911,1,1726266
202906573,TURKISTON,8912,1,1726266
202906787,MINGCHINOR,8897,1,1726266
202906526,BOGʻISHAMOL,10573,1,1726266
202479590,BEKTOʻPI,9342,1,1726294
202437785,HAYRABOD,9345,1,1726294
202429099,SHARQ TONGI,9346,1,1726294
202957083,26-SONLI BIRLIK,7221,3,1727419
205956296,ANJIRCHILAR,8449,1,1733217
302841036,UCH KOʻPRIK,8451,1,1733217
302841012,OQ ARIKLAR,8452,1,1733217
302841051,SHOLIKORLAR,8453,1,1733217
202918503,QASHQARLIK,6993,2,1727265
202918566,QURUVCHI,6996,2,1727265
202918542,GʻISHTKOʻPRIK,6998,2,1727265
203605679,QORASAROY,7011,3,1727265
202918186,QIR-ARIQ,7010,3,1727265
202918384,UCH SADA,7007,3,1727265
202918147,HUVAYDO,7001,3,1727265
202918179,SAGʻBON,7004,3,1727265
202918202,OZODLIK,7016,3,1727265
202918621,SHAMSIOBOD,7024,4,1727265
207184727,BERUNIY,7021,4,1727265
202918614,QORABOʻRIK,7020,4,1727265
202918606,KOʻKSAROY,7018,4,1727265
202918598,CHIGʻATOY,7017,4,1727265
207109105,QUSH QOʻNDI,7028,4,1727265
202888810,SUZOQOVUL,3474,2,1714216
202888827,TOʻDA,3476,2,1714216
202879140,TOʻLQIN,3477,2,1714216
202874378,KEMABOSHI,3480,3,1714216
202874418,QOʻRGʻONCHA,3483,3,1714216
207168294,ISTIQLOL,3479,3,1714216
202817716,SOY BOʻYI,3487,3,1714216
202874401,MARGʻIZOR,3484,3,1714216
202871231,UCHTEPA,3489,3,1714216
202817748,XOʻJAQOʻRGʻONCHA,3491,3,1714216
202817731,CHANGITMA,3492,3,1714216
202817709,YANGI FARGʻONA,3495,3,1714216
202888842,QOZOQOVUL,3497,4,1714216
206945222,NAYMANOBOD,3498,4,1714216
203012959,TURIQ,3809,3,1714236
201870147,BESHKAPA,3816,4,1714236
201870162,BOʻLON,3818,4,1714236
201870154,IFTIHOR,3819,4,1714236
207293994,TENGDOSH,10382,4,1714236
202813666,YANGI SHAHAR,3345,1,1714207
202686628,BOMRAHA,3330,1,1714207
202719323,DOʻSTLIK,3332,1,1714207
202817859,BOʻZOʻLMAS,3444,1,1714216
202817842,OʻZBEKISTON,3459,1,1714216
202817787,YANGI TONG,3463,1,1714216
207069164,BOʻRITEPA,3466,2,1714216
202866220,QIZILTOV,3467,2,1714216
202888794,QOʻSHCHEK,3468,2,1714216
202888803,QOʻSHARIQ,3469,2,1714216
202885507,POLVONKOʻL,3471,2,1714216
207168247,ROVOT,3472,2,1714216
202754922,FAROVON,9564,1,1722203
203954364,SURHON SOHILI,5480,1,1722212
202243514,DOʻSTLIK,5475,1,1722212
202243584,PAXTAZAVOD,5479,1,1722212
203640984,ESKIQISHLOQ,5500,2,1722212
202724603,XAYITOBOD,5499,2,1722212
203016138,OʻRIKLI,5497,2,1722212
202724856,MEXNATOBOD,5494,2,1722212
202724824,MASLAXATTEPA,5493,2,1722212
202706309,BIRLIK,3707,1,1714234
202706442,BAHRIOBOD,3706,1,1714234
202706434,QOʻGʻAY OʻLMAS,3712,1,1714234
202686635,JAR,3333,1,1714207
202813659,NAVBAHOR-1,3336,1,1714207
202815465,NURAFSHON,3334,1,1714207
202810529,QORASUV,3335,1,1714207
202813642,S.SHEROZIY,3355,2,1714207
202810504,OBODON,3353,2,1714207
202725016,OQTEPA,5521,3,1722212
202724943,OBI HAYOT,5520,3,1722212
202724777,NAMUNA,5519,3,1722212
202724706,LOYQAND,5517,3,1722212
204960436,QUSHTEPA,5516,3,1722212
202724974,QULDOVLI,5515,3,1722212
202724999,KAMAR,5512,3,1722212
202724792,SOQCHI,5524,3,1722212
202724745,NEFTCHILAR,5531,4,1722212
203600187,MUSTAQILLIK,5530,4,1722212
202724555,YOSHLIK,5528,4,1722212
202724659,YANGI QISHLOQ,5538,4,1722212
205260713,UZUMZOR,5535,4,1722212
202724548,PAXTAOBOD,5534,4,1722212
207079928,YANGI AVLOD,5563,1,1722214
202285098,JALOIR,5545,1,1722214
206979472,IMOMTEPA,5546,1,1722214
203634990,ISTIQLOL,5547,1,1722214
202432380,BESHYOGʻOCH,9364,2,1726294
202437793,KATTA QOZIROBOD,9355,2,1726294
202897547,CHILONZOR,9356,2,1726294
202904157,KATTA CHILONZOR-1,9357,2,1726294
202382437,3-CHARX KAMOLON,9361,2,1726294
202630056,XALQLAR DOʻSTLIGI,9369,3,1726294
202429107,QATORTOL,9375,3,1726294
202907191,16-SONLI NAVBAHOR,7217,2,1727419
202919675,15-SONLI ADOLAT,7211,2,1727419
202630088,KOʻTARMA,9377,3,1726294
202721464,1 QATORTOL,9372,3,1726294
202234571,KATTA DOʻMBIROBOD,9388,4,1726294
204769735,KICHIK-XIRMONTEPA,9389,4,1726294
202425698,NAQQOSHLIK,9391,4,1726294
202630104,BOTIRMA,9380,4,1726294
202630032,ZARQOʻRGʻON,9386,4,1726294
303817016,BOGʻI-ERAM,10574,1,1726266
202906859,YOʻLAYRIQ,10570,1,1726266
202906605,UCH-QAXRAMON,8898,1,1726266
207209029,OYBULOQ,6195,1,1727212
206997729,YANGI HAYOT,6202,1,1727212
205825958,BOGʻISHAMOL,4523,1,1718227
202762446,BEKLAR,4522,1,1718227
205289604,OLTI QAXRAMON,4533,1,1718227
207136745,TOZQULTON,4538,1,1718227
206946617,ZORMON,4527,1,1718227
202832896,BOʻSTON,4525,1,1718227
202976392,AL XORAZMIY,10584,3,1718401
203146554,FAROGʻAT,5145,3,1718401
202949994,BOGʻI-SHIFO,5095,3,1718401
202952874,SAIDRIZO ALIZODA,5083,3,1718401
202950101,KATTA ARIQ,10339,3,1718401
203029643,BERDAX,134,2,1735215
203029707,MIYNETABAD,147,3,1735215
207062356,ALTIʻNKOʻL,149,3,1735215
203029722,QARAQALPAQSTAN,144,3,1735215
205953110,SUWENLI,161,4,1735215
202800904,KAZAXDARYA,179,3,1735222
202800833,ARAL,182,4,1735222
202847140,GULISTON,55,1,1735207
202649893,SHOQISHLOQ,5702,3,1722217
202649925,SOʻFIYON NIXOLZOR,5697,3,1722217
202650134,KONCHILAR,5695,3,1722217
202649901,SHIRIN,5701,3,1722217
202650016,MEXRSHAVQAT,10529,4,1722217
202649996,BILLUR,10526,4,1722217
202366677,BARATHOʻJA,10155,4,1726273
202366749,YUKSALISH,10148,4,1726273
202374328,BILIMDON,10136,4,1726273
202372630,ZIYONUR,9854,4,1726273
202677757,ISKANA,2503,3,1710232
207179787,GULISTON,8740,1,1733236
207179906,NAVROʻZ,8741,1,1733236
207179827,MANGʻITLAR,8738,1,1733236
207179842,SHIRINLAR,8739,1,1733236
206817475,XAYVAT,8747,2,1733236
207179898,DOʻSTLIK,8749,2,1733236
206932413,SHODLIK,5653,4,1722215
202712579,RABOTAK,5652,4,1722215
202754907,NAVBAHOR,9550,1,1722203
202754899,BIRDAMLIK,9552,1,1722203
202748232,BANDIXON,9548,1,1722203
202687887,NAVROʻZ,9555,1,1722203
202671385,OBIKOR,9559,1,1722203
203124580,BEKTEPA,9557,1,1722203
203490072,12-NOIB KOʻPRIGI,8185,3,1730405
203452790,8-YANGI CHORSU,10442,3,1730405
203588202,16-DEGREZLIK,10443,3,1730405
203535544,52-YANGI OBOD,10014,4,1730405
203541815,31-ISLOMOBOD,9995,4,1730405
203545398,39-OQ OLTIN,9916,4,1730405
203089404,18-SONLI NUR,7218,2,1727419
202909498,19-SONLI SHODLIK,7219,2,1727419
202907152,24-SONLI YOSHLIK,7220,2,1727419
202957090,21-SONLI AMIR TEMUR,7229,3,1727419
202909474,22-SONLI BAHOR,7230,3,1727419
202909506,29-SONLI LOLA,7222,3,1727419
202916854,23-SONLI MADANIYAT,7227,3,1727419
202920430,33-SONLI TINCHLIK,7236,4,1727419
202903214,43-SONLI GʻALABA,7238,4,1727419
202923704,32-SONLI KAMALAK,7240,4,1727419
202336319,NOMOZGOX,2975,3,1710405
302946553,UYSHIN,8454,1,1733217
206941465,OQ-YOP,8444,1,1733217
205214744,SHODLIK,8480,2,1733217
302908346,TANDIRCHI,8467,2,1733217
302920301,QIPCHOQ,8471,2,1733217
205776995,OQ-OLTIN,8473,2,1733217
205210133,ARBOBLAR,8479,2,1733217
207203796,SHOXIDONLAR,8469,2,1733217
202650009,LUTFKOR,10532,4,1722217
202892395,YAKKASAROY,9228,2,1726287
202918850,YUNUS RAJABIY,9247,3,1726287
303866082,SHOHJAHON,9283,4,1726287
202906827,ISLOMOBOD,8907,1,1726266
303824657,KATTA HASANBOY,8910,1,1726266
202906881,KULOL-QOʻRGʻON,10575,1,1726266
202905543,1 CHARX KAMOLON,9363,2,1726294
202298801,NAVBAHOR,9376,3,1726294
205976913,BOGʻZOR,9366,3,1726294
202429082,OQ TEPA,9368,3,1726294
202302384,LUTFIY,9374,3,1726294
202912930,YAKKABOGʻ,9382,4,1726294
202922207,2-QATORTOL,9384,4,1726294
202906691,SHARQ HAQIQATI,8899,1,1726266
202906541,MINOR,8931,3,1726266
202906834,QASHQAR,8928,3,1726266
205708990,ADOLAT,10637,3,1726266
202805081,NAVQIRON,9189,3,1726292
202822007,NUR-HAYOT,9192,3,1726283
202659249,SOKU,10711,3,1714229
206858496,GULZOR,10713,3,1714229
202659636,DAXYAK OTA,3682,3,1714229
202659304,DEHQON,3683,3,1714229
202654801,BERUNIY,3687,4,1714229
202659461,OQTOSH,3696,4,1714229
202659454,XOʻJAOBOD,3702,4,1714229
202659612,TOSHLOQ,3700,4,1714229
202659493,TEPASAROY,3699,4,1714229
202659557,MUBORAK,3694,4,1714229
202659138,SHIFOKOR,3704,4,1714229
206982534,MEVAZOR,3693,4,1714229
202659572,BOGʻ,3689,4,1714229
202659407,PASTGUZAR,3697,4,1714229
202228903,GULDIROV,3772,1,1714236
201870115,ZAFAR DIYOR,3776,1,1714236
203018601,KESKANYOR,3777,1,1714236
207136800,OBOD DIYOR,3780,1,1714236
202937986,TOʻPQAYRAGʻOCH,3784,1,1714236
202309120,XOʻJANQON,5258,1,1722202
202759994,GILAMBOB,5251,1,1722202
202687673,QIZILGUL,5431,3,1722210
202687429,XOʻJAXALQI,5430,3,1722210
204370394,MADANIYAT,1953,4,1708204
202919350,NAVBAHOR,1954,4,1708204
202711460,OʻSMAT,1956,4,1708204
202685526,ALAMLI,1958,1,1708209
202685534,DOʻSTLIK,1960,1,1708209
202814435,MOLTOB,1962,1,1708209
202814349,BULOQBOSHI,1965,2,1708209
202275394,GULISTON,1967,2,1708209
207053288,OQTOSH,1978,3,1708209
207124404,QIPCHOQSUV,1975,3,1708209
203168265,MARJONBULOQ,1977,3,1708209
202814404,SAMARQAND,1979,3,1708209
202685541,OLIMLAR,1985,4,1708209
202814428,MADANIYAT,1984,4,1708209
202915910,DJANGOX,10830,2,1726277
202915791,GULBOZOR,10836,2,1726277
202915579,OʻRDA,10832,2,1726277
202774383,KOX-OTA,10835,2,1726277
202915720,OQLON,9083,3,1726277
203075270,ARDAXSHON,8022,2,1730238
304949294,TOʻRGʻAY,8026,2,1730238
203076056,ESKI,8024,2,1730238
203065821,KARMAK,8035,3,1730238
203065853,OʻRTA-QOʻRGʻON,8038,3,1730238
203065806,BEKOBOD,8039,3,1730238
203067233,CHILGIJIYDA,9819,3,1730238
203081336,SHOʻR,8042,4,1730238
203075263,BESH-OGʻA,8043,4,1730238
202687831,TASMASOY,5379,1,1722210
202687705,CHIM,5382,1,1722210
202687293,CHORGUL,5383,1,1722210
202687602,OXTOM,5378,1,1722210
202687697,DUNYO TEPA,5370,1,1722210
202687562,BOGʻI ERAM,5368,1,1722210
202741829,RASTA,7611,4,1730218
202741883,TAXTAKOʻPRIK,7612,4,1730218
202741812,TINCHLIK,7614,4,1730218
202741851,DOʻSTLIK,7605,4,1730218
206900555,MASHʻAL,9846,4,1727253
202903284,10-SONLI ISTIQLOL,7201,1,1727419
202915389,3-SONLI V.XAYDAROV,7203,1,1727419
202915372,9-SONLI BOBUR,7207,1,1727419
207237058,OQTOSH OTA,2020,3,1708212
305148602,MADANIYAT,2019,3,1708212
207198044,QORAYANTOQ,2018,3,1708212
202947357,GULCHILAR,9782,1,1733401
207148864,MUSTAQILLIK,6734,4,1727250
207143974,JALOIR,6741,4,1726292
207049609,OQ OTA,6751,1,1727253
206845386,YOʻNGʻICHQOLI,6748,1,1727253
206541496,YANGI TURMUSH,6745,1,1727253
206819852,DOʻSTLIK,6769,2,1727253
207144110,TINCHLIK,6766,2,1727253
207128027,CHANGTEPA,6761,2,1727253
202936964,QORASUV,6771,2,1727253
207171173,ARANSHI,6760,2,1727253
207189165,YANGI YOʻL,6759,2,1727253
202889785,SHIRBUDIN,1891,4,1706401
202889761,SHAYXUL OLAM,1888,4,1706401
202301433,SITORAI MOXI XOSSA,1882,4,1706401
207140171,QIZILCHOLI,39,3,1735204
202781945,CHORDARA,50,4,1735204
202951654,BIRLESHIK,322,3,1735243
202830242,XOʻJAOBOD,4518,4,1718224
202905661,YANGI SEBZOR,9140,3,1726280
202590914,XONCHORBOG,10774,3,1726280
202855084,HOFIZ KOʻXAKIY,9150,3,1726280
202855020,ZIYO,9153,4,1726280
202767669,UNIVERSITET,9161,4,1726280
202908791,HISLAT,9160,4,1726280
202916671,CHIGʻATOY OQTEPA,9159,4,1726280
202921398,JIYDALI,9158,4,1726280
202763659,ORZU,9157,4,1726280
202908824,MIRZO GʻOLIB,9154,4,1726280
202576320,BOGʻICHINOR,10224,1,1726262
202872340,SHARQ YULDUZI,8824,1,1726262
202714536,JURJONIY,8834,1,1726262
202912155,GOʻZAL,9302,1,1726290
203693334,TONG,9300,1,1726290
202586689,VATANDOSH,9299,1,1726290
203686563,AL-BUXORIY,9297,1,1726290
202586736,SHOHIMARDON,9286,1,1726290
202877555,TOʻYTEPA,9305,2,1726290
202429960,BARKAMOL,10554,2,1726290
202586696,QADRIYAT,9314,2,1726290
202586808,ALIMKENT,9313,2,1726290
202586934,DOʻSTOBOD,9311,2,1726290
202921381,GUZARBOSHI,9147,3,1726280
310790889,ESKI SHAHAR,9146,3,1726280
203302178,DEHQONTOʻDA,7539,3,1730215
203288401,SHOBERDI,7536,3,1730215
203264804,YANGI,7535,3,1730215
203264724,GAMBAY,7534,3,1730215
201976171,VATAN,7533,3,1730215
203299862,SHODLIKOBOD,7532,3,1730215
203253248,BAXMAL,7531,3,1730215
202688008,IBN SINO,5398,2,1722210
202687547,SEBZOR,5412,2,1722210
202687143,ISTIQLOL YULDUZI,5410,2,1722210
202687713,OBODON,5408,2,1722210
202687974,NURLI MANZIL,5407,2,1722210
202687475,VODIY,5391,2,1722210
202687680,BUYUK ZAMIN,5389,2,1722210
202687824,QIZILJAR,5401,2,1722210
202687364,YANGIOBOD,5388,2,1722210
202687523,MINORA,5405,2,1722210
202687809,LOʻPON,5404,2,1722210
308616570,SHODIYONA,15544,1,1718401
202439743,MINGCHINOR,9763,2,1714367
201870186,OROMGOH,3821,1,1714236
203576430,PAXLAVON,5444,3,1722221
203594243,ALISHEROBOD,6593,2,1726269
203209220,CHINGELDI,6599,2,1726269
202165064,NOVZA,9360,2,1726294
202688023,OʻRIKZOR,5380,1,1722210
203781572,GULISTON,1652,2,1706240
202744301,GʻARMAQOʻRGʻON,5866,2,1722226
202938344,CHOʻQQAYMA,6705,4,1727249
204530661,HAYDAROBOD,7872,3,1730230
203712775,TEMIR JOL GUZARI,303,2,1735240
203695884,YANGI TURMUSH,1631,4,1706230
202890350,IFTIXOR,5948,1,1724212
202630064,BESHCHINOR,9367,3,1726294
204960713,KIM PEN XVA,6737,1,1727253
202681871,YER MASJID,3635,4,1714224
202910768,QOʻQON QISHLOQ,1212,4,1703232
202770326,ELATAN,3429,3,1714212
202773733,OʻZBEKISTON,7059,2,1727404
303840796,ARABLAR,8456,1,1733217
303131071,OʻZBEK,7567,1,1730218
202809266,TIKLANISH,10569,4,1710405
207124000,PASTKI SULOQLI,2007,2,1708212
304974914,BOGʻCHA OVUL,6326,3,1727224
202770129,GULOBOD,3969,1,1714365
202796356,MUSTAQILLIKNING BESH YILLIGI,4007,2,1714367
201931734,NAVBAXOR,9713,1,1714365
203700893,Z.M.BOBUR,907,1,1703220
203891000,MUSTAQILLIK,916,4,1703220
203660690,ITTIFOQ,9669,4,1703211
310215059,YASHNOBOD,15898,1,1735233
310217854,NURATA,15899,3,1735233
310218140,ISBILERMENLER AYMAGʻI,15900,1,1735401
310219488,TOʻRT DEVOR,15901,3,1735250
310219495,BURGUTQALʻA,15902,1,1735250
310220734,BAZIRGAN,15903,2,1735233
310220916,SHADLI AWIL,15904,4,1735401
310221234,BAHOR,15905,1,1735233
310223950,YANGI HAYOT,15906,1,1735233
310224808,YAKKATOL,15907,4,1735233
310231292,BARHAYOT,15908,3,1735250
310245156,INOQLIK,15909,3,1724220
310247153,UZUNBULOQ,15910,2,1708209
310247328,YASHNAOBOD,15911,3,1708209
310248935,NAXROCH,15912,3,1708209
310249221,OʻZBEKISTON,15913,3,1708209
310249657,QANGLI,15914,4,1708209
310250602,NURAFSHON,15915,1,1708209
310352997,QALQON,15916,1,1726290
310367219,VATANPARVAR,15917,2,1708204
310444304,YANGI HAYOT,15918,4,1727265
310525733,OʻRIKZOR ,15919,4,1727265
203054660,SARÍ ALTÍN AWÍL,9900,3,1735218
207336797,BOGʻIBOʻSTON,15530,1,1730221
207336765,ANXOR BOʻYI,15531,4,1730221
207336780,NIXOL,15532,4,1730221
310216215,NURLÍ BOSTAN,15571,1,1735401
202156961,GULPORA,10265,4,1714401
203253294,BESHSARI,15924,1,1730215
309277684,PASTKI VALIK,15552,1,1730408
202815505,TO`XTA ROZIQOV,4419,2,1718218
202816037,34-DOʻSTLIK,8137,4,1730401
202825571,JANABAZAR,10622,2,1735212
202912789,YUNUSOBOD,10668,4,1726266
202913028,BEKOBOD,10601,4,1726262
202914176,JARBULOQ,10603,4,1726262
202918510,AYRIOTA,6994,2,1727265
202918677,HASANBOY,7014,3,1727265
202919335,UZUNBULOQ,1955,4,1708204
202940138,MANAS,2036,1,1708215
202944567,UMID,6926,3,1727259
202946366,OBI-HAYOT,9785,2,1733401
202948750,ILGʻOR,5104,3,1718401
202950196,BOGʻISHAMOL,5094,3,1718401
203634209,TINCHLIK,7901,1,1730233
203638534,YANGI YOʻL,7957,4,1730233
203644630,MING TUT,4980,1,1718401
203659327,JARMA,3139,3,1712238
203683006,GULOBOD,538,3,1703203
203683837,OROL,542,3,1703203
203691542,TOLMOZOR,504,1,1703203
203712768,WORJAP,313,4,1735240
203766044,BAYTISH,6947,4,1727259
203831762,KATTAPOLVON,699,1,1703211
203937075,SHARQ,5073,2,1718401
203942600,NAVOIY,3173,2,1712248
203964368,A.BUTAYEV,5198,1,1722201
203969179,OʻRMONCHI,5789,3,1722221
204013860,YANGI ARIQ,7373,4,1730206
207062561,QOʻRGʻONCHA,6178,2,1727206
207078944,JINJAKTEPA,5485,2,1722212
207096890,ALLANIYAZ QAHARMAN,381,2,1735401
207109041,ISORI OʻROQLI,4134,1,1718206
207111208,TURKMAN,2084,4,1708218
207130184,QANGLI,8362,2,1733208
207134922,TURKISTON,6798,4,1727253
207138821,TUPROQQALʻA,343,2,1735250
207140124,DARYO BOʻYI,4,1,1735204
207142865,OQ TEPA,6707,4,1727249
310222730,JASÍL BAǴ,15562,2,1735401
203345132,MART,15590,1,1703203
202890439,JOʻLANGAR,15596,2,1724212
207149207,NAVROʻZ,3713,1,1714234
202875899,YANGI ARGʻIN,6637,3,1727248
204123320,NURLI DIYOR,9801,2,1722220
203470231,ISTIQLOL,15589,1,1703203
203691510,MIROBOD,15591,1,1703203
202673461,TOSHKENT,15594,3,1714224
202132106,A.BERUNIY,9769,2,1714367
207143982,XOʻJA - UCHQUN,6742,4,1726292
207140195,BOGʻ,19,2,1735204
207147415,SUVTI,6715,1,1727250
207158361,CHAMBIL,10797,2,1710242
207160511,YUQORI BESHKENT,10872,1,1710224
207167343,MASHʻAL,2400,1,1710229
207168777,VAKILLAR,8699,1,1733233
207175444,XOʻJALAR ,8709,2,1733233
207185163,ARBOBLAR,8724,3,1733233
207196940,NONISANGIL,2029,4,1708212
207205682,IBN SINO,2334,4,1710220
207226048,HUNARMAND,8314,2,1733204
207237414,OLMACHI,2006,2,1708212
207287598,OROM,10707,3,1714219
207291515,TILLOKAMAR,5314,3,1722204
207293987,XAYIRLI,10918,1,1714236
207294012,DILDOSH,10381,4,1714236
207300479,KUMYOP,10730,3,1733226
203936385,CHAQAR,5058,2,1718401
206976041,SHOʻRBOZOR,2701,1,1710240
207147390,OQTEPA,6730,3,1727250
303870048,ZUM,2712,3,1710240
203658676,GES QODIRIYA,15640,4,1727248
308981182,DUSTLIK,10994,3,1710240
202935245,NAWRIZ,325,4,1735243
202676054,DASHT,3633,4,1714224
206058946,YANGI QISHLOQ,2559,3,1710233
203039987,NURAFSHON,2830,1,1710250
303485201,CHIMBOYLIQ,6304,2,1727224
205131058,QOROVUL,8433,4,1733212
202832517,XONCHORBOG,4597,3,1718227
202872128,TOʻXTASIN AHMEDOV,7677,1,1730224
207147408,DOʻNGQOʻRGʻON,10634,1,1727250
202770548,RAVNAQ,3416,2,1714212
305606499,QOʻRGʻONCHA,10816,3,1714212
202890249,BERUNIY,5978,4,1724212
202770341,YUQORI GʻIRVON,9727,4,1714365
202352347,TALISHBE,2680,4,1710237
207205303,OʻZBEKISTON,2316,2,1710220
205170421,OPPOQ,9650,3,1727401
207154652,OBOD,6670,1,1727249
207139274,BOGʻBON,6677,2,1727249
207226166,MADANIYAT,8325,3,1733204
202884516,MUSTAQILLIK,9118,1,1726280
202286025,YAKKATOL,611,3,1703206
203819902,OLTINSOY,940,3,1703220
202832707,QOROVULTEPA,4556,2,1718227
202832564,OQ OLTIN,4563,2,1718227
202493354,OVCHI,5231,3,1722201
202671346,HUNARMANDLAR,5306,2,1722204
202649822,ANORZOR,5659,1,1722217
303759681,NILU,5664,1,1722217
202855091,HUSAYN BOYQARO,8891,3,1726264
202911473,AMIR TEMUR,6448,2,1727237
202707694,BODOMZOR,3503,1,1714219
202307930,UMID,9720,3,1714365
203819768,BUYUK TURON,911,2,1703220
202839482,BOSHDARXON,4101,2,1718203
202860633,ZARAFSHON,4129,4,1718203
202673446,BEKOBOD,3599,2,1714224
203636506,YAKKA TOL,5349,2,1722207
202666034,MUSTAQILLIK,5754,1,1722221
202712357,MIRSHODI,5204,1,1722201
203161860,ZABARDAST,15538,1,1726264
206573433,NURLIYOʻL,15540,1,1726264
207158948,USTOZLAR,15542,1,1726264
202912084,KENGMAKON,15573,1,1726283
203378234,DUGʻOB,5394,2,1722221
203793716,NURLI KELAJAK,5452,3,1722221
202880743,XUVAYDO,9740,1,1726277
202886125,QIPCHOQ,463,3,1703202
202894148,INTILISH,6084,3,1724231
202903024,DOʻSTLIK,6382,1,1727233
202906724,YANGIBOGʻ,8924,2,1726266
202908910,SHON-SHUHRAT,9109,1,1726280
202911655,ASIL,9633,1,1727237
202911742,QAXRAMON,9623,1,1727237
203234610,6-SOY BOʻYI,8126,3,1730401
203236172,UZUN,7506,1,1730215
203256322,YANGI JEYNOV,2528,1,1710233
203268513,QOʻRGʻONCHA,8048,1,1730242
203340124,NAVOBOD,7753,2,1730226
203352021,ZARAFSHON,5177,2,1718406
203442186,40-NURAFSHON,10007,4,1730405
203443969,OʻRTA XOʻJASAXAT,4993,1,1718401
203551558,OʻZBEKISTON,10553,4,1735233
203553333,QIPCHOQ SHFY,10939,1,1735204
203571256,YONBOSHQALʻA,10520,1,1735233
203574932,QORAKOʻL,10727,1,1730209
203601494,PAXTAOBOD,10524,2,1735233
203605464,ESKI SHAHAR,5923,3,1722401
205362815,ISTIQLOL,3141,3,1712238
205381697,AYRONCHI,2410,2,1710229
205503543,QORAQUM,7566,1,1730218
205525365,QOZOQQAL'A,8682,3,1733230
205588304,JAMIYAT,1725,1,1706246
205653326,NAYMAN,15652,3,1718233
205684730,XAQIQAT,1318,3,1703401
205690352,AHILOBOD,8914,2,1726266
205704214,BOGʻIBOʻSTON,8961,4,1726266
205729024,SAYYOD,2157,3,1708235
205748515,TOSHMACHIT,1867,3,1706401
203574971,BORDON,7421,3,1730209
207226712,NURLIHAYOT,8329,3,1733204
202511615,JOBU,5225,3,1722201
207277468,DOʻSTLIK,9849,1,1708235
202842267,MUSTAQILLIK,4094,1,1718203
202660139,MEHNAT,5770,2,1722221
202782722,GALABEK,3213,3,1712251
202829645,KICHIK KILDON,4150,2,1718206
203545421,50-MUSTAQILLIK,9921,4,1730405
202773844,UVAYSIY,7064,2,1727404
207140243,QUM YOP,9945,4,1735204
202052689,QUMCHUQ,4508,4,1718224
202950093,XAZORA,5146,3,1718401
202701497,ULTARMA,3537,2,1714219
202904244,AVIASOZLAR,10557,2,1726290
202871889,OQ YER,7688,2,1730224
202586664,MASHINOSOZLAR,9309,2,1726290
202586862,TARNOV BOSHI,9338,4,1726290
203093677,GULISTON,329,1,1735250
202688774,KATTA SOVUR,5871,2,1722226
203819790,JANNAT BULOQ,912,2,1703220
202689299,XOʻJAND,3594,1,1714224
202678479,QORA QUDUQ,9612,3,1727228
202916799,YASHNOBOD,6545,3,1727239
203003139,QOʻNGʻIROT,1021,4,1703224
202822995,1-SON,1269,1,1703401
204737782,TOSHMACHIT,3020,2,1712216
202930592,BIRLASHGAN,6038,3,1724226
201454798,SHARQ YULDUZI,9532,4,1708220
202918297,BUNYODKOR,6982,1,1727265
202640044,NAVROʻZ,4766,1,1718235
207226736,OʻZBEKISTON,8305,1,1733204
202871674,XURRAMOBOD,7671,1,1730224
203683869,OYJAMOL,9691,3,1703203
202974539,BIRLIK,1062,3,1703227
202430431,NAVROʻZ,2986,1,1712211
203345156,NAVROʻZ,498,1,1703203
202679801,MURODOBOD,4228,1,1718212
206849547,MAROQANDA,4615,4,1718227
202778457,OYIM,7448,1,1730212
202718696,BIRDAMLIK,963,1,1703224
304927908,QUMARIQ,7785,2,1730227
202848915,SAHOVAT,3417,1,1714212
202701892,BUNYODKOR,3564,1,1714219
203552105,SHUVAR,3862,2,1714237
202782746,YANGI,3245,4,1712251
202910941,CHORSU,1170,1,1703232
202829581,NURLI YUL,4139,1,1718206
303062958,LALMIKOR,4165,3,1718206
202486393,POLOSON,7277,1,1730203
202824494,GULISTON,7560,1,1730218
202286175,ESHONCHEK,595,2,1703206
202746211,ZARBDOR,5639,3,1722215
204031586,ABDURAZZOQ OTA,7509,1,1730215
202405421,13-SIMTEPA,8130,3,1730401
203590408,XOʻJAQURGʻON,3206,2,1712251
203700918,IFTIHOR,894,1,1703220
202685201,ZILOLA,8889,2,1726264
202995654,TINCHLIK,1619,3,1706230
204101142,TOʻQIMACHI,1843,1,1706401
203936149,SHAHRIOBOD,5075,2,1718401
202366724,CHINOR,10130,4,1726273
202688822,NAVROʻZ,5853,1,1722226
204134078,BESH BOLA PAXLAVON,5211,2,1722201
202407695,GULISTON,1876,4,1706401
207140204,QORAMON,24,2,1735204
207168129,TOSH YOP,49,4,1735204
204294624,NAMUNA,5727,1,1722220
203607604,TUPROQQOʻRGʻON,5906,1,1722401
202767289,SHODLIK,9799,2,1722401
202738940,KOKILDOR OTA,9806,4,1722401
202309080,Y. Oxunboboev ,5266,2,1722202
202316975,MUZRABOT DARVOZA,5344,2,1722207
202047495,UCHQUN,10274,4,1714401
202366717,FAYZIOBOD,9940,1,1726273
202732783,NAVROʻZ,4532,1,1718227
202950054,DOʻSTLIK,10753,3,1718401
202950039,BEKLAR,5087,3,1718401
206829681,TEMIR JOL,141,2,1735215
202764854,ZARKENT,11007,1,1714242
202842361,TEPA,4447,4,1718218
202847133,XORAZM,61,1,1735207
202847251,NAVRUZ,66,2,1735207
202871793,BOʻSTON,7731,4,1730224
202952945,ZULFIYA,5103,3,1718401
202953549,BAYNALMINALCHI,8783,3,1733401
202965098,OYDIN,6056,3,1724228
202966871,ITIFOQ,9191,3,1726283
202967031,AXILLIK,7009,3,1727265
202995568,SHOʻRQISHLOQ,1045,1,1703227
203003004,QASHQAR,984,2,1703224
203028193,HALQOBOD,9199,4,1726283
203057958,FAQIR QISHLOQ,1253,3,1703236
203084403,PAKANDI,2739,3,1710242
203089997,SOʻZOQ,1132,3,1703230
203090207,QUMARIQ,1111,2,1703230
203091316,YUQORI JOʻSH,9859,2,1718216
203093828,ISTIQLOL,2372,3,1710224
204023184,CHOSHTEPA,9654,1,1710405
204025331,HONAQA,2868,3,1710250
204028066,OʻZBEKISTON ,739,3,1703211
204030864,DOʻNQISHLOQ,696,1,1703211
204069894,KAMOLOT,8795,4,1733401
204072773,CHORBOGʻ,506,1,1703203
204081003,KEREGETOV,3161,3,1712244
204100753,NAMUNA,541,3,1703203
204133094,BOBUR,1696,3,1706242
204281173,QOʻNGʻIROT,5722,1,1722220
204392573,QOʻSHKOʻPIR,8644,1,1733230
204392597,QANGLI,8642,1,1733230
204579964,YANGIOBOD,4746,3,1718233
204601715,SHOʻROBOD,1722,4,1706242
204638264,POLVONTOSH,9549,1,1722203
204782261,NAVROʻZ,1572,3,1706219
204782278,DECHA,1687,2,1706242
204813886,QOʻSHTAMGʻALI,9860,2,1718216
204836249,USHOT,1744,2,1706246
204885386,YANGI HAYOT,2568,4,1710233
205780984,62-SHIKORBEGI,8180,2,1730405
205805665,SHAYXON,1890,4,1706401
205832585,MADANIYAT ,2565,4,1710233
205890396,TURKISTON,8685,4,1733230
206818957,AVLIYO-PARPI,4172,4,1718206
206829706,ALMAZAR,127,1,1735215
206944628,ARABXONA,1786,2,1706258
206962510,KOʻKTOM,8407,2,1733212
206969904,OQTOM,3907,1,1714242
206979053,JAYXUN,9901,3,1735218
206986117,KARNA,1510,2,1706215
207002303,BIRLASHGAN,7691,2,1730224
207009450,ISTIQBOL,10013,1,1718230
207016031,NURAFSHON,10101,3,1718230
306104331,MUSTAQILLIK,10504,4,1710212
306104592,YANGI HAYOT ,10508,3,1710212
306111276,JANUB MASHʻALI,10678,2,1710235
306171550,DUMALOQ,10593,1,1727224
306466855,BOGʻISAMARQAND,5678,2,1722217
307213837,CHOTQOL,10633,3,1727249
308128933,QUYI TORINJAK,4894,4,1718236
205553861,YUKSALISH,10746,2,1703220
202639803,OLTINSOY,4777,2,1718235
202681721,OLVALIZOR,10251,3,1714401
202821364,OʻRIKZOR,6283,3,1727220
304079475,QORATEPA,7443,1,1730212
203324388,SHAHRISTON,3155,4,1712238
202720506,YANGIQOʻRGʻON,7466,3,1730212
203579291,MEXNATOBOD,7399,2,1730209
303068102,DOʻSTLIK,2173,3,1708237
202818231,SOY GʻOʻS,4870,3,1718236
204122299,BOGʻISHAMOL,2769,1,1710245
202918487,HALIMKOʻP,6975,1,1727265
204296296,YANGIQISHLOQ,2781,1,1710245
200978462,BOGʻITURKON,1710,4,1706242
202911007,MAʻRIFAT,9756,4,1703232
202850409,SOʻFILAR,7800,3,1730227
202934358,MADANIYAT,9592,4,1703209
203288464,MUSTAHKAM DOʻSTLIK,8054,2,1730242
203280230,TARAQQIYOT,8062,3,1730242
202713854,JIZMONSOY,4345,4,1718215
202815624,ISTIQLOL,6246,1,1727220
202705894,YORQIN HAYOT,3755,4,1714234
303213586,OCHAMAYLI,9796,1,1727256
202679571,MOʻGʻOL,3903,1,1714242
202893956,ZIYOKOR,6094,4,1724231
207065866,SAXTIYON,8391,4,1733208
204753677,ISTIQLOL,6640,4,1727248
204992468,XITOY,8676,3,1733230
202893798,BUNYODKOR,6064,1,1724231
202764847,OQTEPA,3906,1,1714242
202637046,YOBU,9937,1,1718230
202835590,RAVOT OLCHIN,4416,2,1718218
202285184,KATTAKOʻL,5578,3,1722214
202705855,SOHIL,3751,3,1714234
203025593,JARQOQ,1636,3,1706232
203025585,CHOʻLQUVAR,1638,4,1706232
204498353,OQRABOT,1532,3,1706215
204067976,SHERGIRON,1419,2,1706207
306245465,QUBAY - TEPA,9839,1,1726283
203006474,XOʻJA YAKSHABA,1576,3,1706219
202639035,SAYXAN,10066,2,1708401
207146764,MING-TEPA,10466,3,1727250
202848314,SAVRAK,1821,4,1706258
202914270,QOʻRGʻONTEPA,8836,2,1726262
202549733,OʻTKIR,10597,4,1726262
202691449,TUNGʻISH QONIS,9874,3,1735401
202714615,BAYTEREK,413,4,1735401
202922483,SOYINQOROVUL,1388,3,1706204
202724136,DOʻSTLIK,5176,2,1718406
202286294,MALLACHEK,573,1,1703206
202790182,OQTEPA,3236,4,1712251
202837612,QIZILTEPPA,3831,1,1714237
303213658,AMIR TEMUR,6842,2,1727256
202802799,GUʻJIM TEREK,121,4,1735212
201012034,QIZIL OʻZEK,306,3,1735240
203112557,QRANTAW,186,1,1735225
203253270,NAVKAT,7551,4,1730215
202724738,OLTINTEPA,5522,3,1722212
203040480,QIZILMUSHT,7993,3,1730236
206856444,OFTOBRU,7747,2,1730226
202951281,ZIYNAT,8219,1,1730408
202883596,OYBEK,9658,4,1727401
204836636,BUYUK TURON,1304,3,1703401
202873015,PAHTAKOR,2072,3,1708218
207204043,OYOQ BOGʻ,8462,2,1733217
202930481,40-SONLI DOʻSTLIK,7226,3,1727419
205956289,YUQORI OVUL,8450,1,1733217
201870108,TURKISTON,3810,3,1714236
202885546,YUQORI CHOʻJA,3494,3,1714216
302688700,MADENIYAT,9898,2,1735218
200937458,OLTINSOY,60,1,1735207
202847236,TOʻQIMACHI,84,4,1735207
203581118,SHODLIK,244,2,1735233
203075359,GʻALABA,258,4,1735233
203093700,AQCHAKOʻL,339,2,1735250
305254455,ISTIQLOL,359,4,1735250
202780148,KUN NURI,285,3,1735236
202957391,TEMIR YOʻLCHI,9788,2,1733401
202878142,SERGELI,6421,4,1727233
202842282,YANGIQOʻRGʻON,4117,3,1718203
202740694,DOʻSTLIK,3215,3,1712251
203214294,NAVROʻZ,3412,2,1714212
206955749,TAXTAXON,1500,1,1706215
205759604,KOMILJON OTANIYOZOV,8657,4,1733230
205246049,POLVON,8406,2,1733212
205246816,ZIYOLILAR,8552,3,1733220
205250488,SHAKARBEK,1630,4,1706230
301050128,DAWIR,209,1,1735230
301658058,OQ-OLTIN,1387,3,1706204
302775695,SHIRIN,8562,1,1733223
302776418,NURAFSHON,8592,3,1733223
302776464,OBOD,8612,4,1733223
302799246,JURYON,8635,3,1733226
302799278,AL XORAZMIY,8639,4,1733226
302810865,GULGʻUNCHA,8581,2,1733223
302811025,MUQADDAS,8606,4,1733223
302811057,JANNATMAKON,8574,1,1733223
302841154,CHOʻLOBOD,8477,2,1733217
302862327,NAVROʻZ,1378,2,1706204
302866179,NAVBAHOR,6173,2,1727206
302866653,NAVROʻZ,6168,1,1727206
302870143,GULOBOD,1208,4,1703232
302905065,HAZRATI ALI,7750,2,1730226
303030775,EGRISOLMA,8717,2,1733233
303060343,MIRZAARIQ,4153,2,1718206
303093982,OQTOM,1969,2,1708209
303229257,SOHIBQIRON,2979,4,1710405
303244460,MAKTOBOD,10889,2,1710245
303262850,FAROVON,2429,2,1710229
303270786,QIZILSOY,6667,1,1727249
303363400,BESH-TUT,6337,4,1727224
303363646,QORAMOZOR,6296,1,1727224
303364233,ACHCHIQQUYI,8719,3,1733233
303385627,OBOD,8390,4,1733208
303404578,BAQAYLAR,8486,3,1733217
303431925,PARCHANXOS,8625,2,1733226
303485154,UYENKULSAY,6301,1,1727224
303485178,BURCHMULLA,6338,4,1727224
303741832,BUNYODKOR,6100,1,1724235
303779515,GAVXAR,9378,4,1726294
303803492,DIYDOR,10688,3,1726262
303839241,FAZOGIR,10556,2,1726290
202687490,QORABOGʻTEPA,5432,3,1722210
202687848,KOʻZICHOGʻLI,5434,3,1722210
202724634,BUYUK KELAJAK,10047,2,1722215
202903253,2-SONLI MIRZO ULUGʻBEK,7202,1,1727419
202649782,XULKAR,5689,2,1722217
202649656,EXTIROM,5675,1,1722217
202918692,HASANBOY GUZAR,7013,3,1727265
202724594,MADANIYAT,5491,2,1722212
203937036,SARBON,5053,2,1718401
202915364,36-SONLI NAVROʻZ,7225,3,1727419
203065845,KALDOʻSHAN,8036,3,1730238
202951678,KETENLER,320,2,1735243
303694812,MASHʻAL,240,2,1735233
203700996,BIRLIK,910,1,1703220
202181520,ALPOMISH,10230,3,1714401
202753164,MEHNATOBOD,3315,3,1714204
203313623,OʻBA CHOʻLI,1579,4,1706219
202775398,AYDIN JOL,379,2,1735401
202027544,KARVON,15592,2,1712230
202985080,FAYZOBOD,15597,3,1727248
206958395,GULISTON,3920,3,1714242
203378226,ZARKAMAR,5425,3,1722221
204498345,TODON,1519,2,1706215
205211314,JUWAZSHI,371,1,1735401
204233951,CHOʻRIKALON,1452,1,1706212
206829721,TURKISTAN,151,3,1735215
206200643,FAZOGIR,887,4,1703217
202850542,AHSHAKGUZAR,7805,3,1730227
204514245,SOLOQOROVUL,1396,4,1706204
203117146,KARNAYCHI,1142,4,1703230
202868202,GʻOʻLBA,4907,1,1718238
204131786,POYJOʻY,1717,4,1706242
202293262,UCH TEGIRMON,920,2,1703220
205376765,SHERBEK,2462,4,1710229
202702091,OQSUV GʻOVOZON,3923,2,1714242
202654034,ISHTIXON,4245,2,1718212
202223070,KAVARDON,6539,2,1727239
202835719,SUFI,4871,3,1718236
202830511,UKRACH,4847,2,1718236
206995454,XOʻJAQISHLOQ,7379,4,1730206
203003390,TOSHTEPA,1026,4,1703224
302928392,QOSHARIQ,1311,3,1703401
200761623,KOʻLTOʻSIN,4480,2,1718224
202830400,GʻOYIBOTA,4805,1,1718236
202832588,TINCHLIK,4564,2,1718227
201180737,ALISHER NAVOIY,4207,3,1718209
200688942,NAVBAXOR,2362,2,1710224
202712246,BARKAMOL,3932,3,1714242
202936584,YANGI ZARAFSHON,3281,2,1712408
202689615,ISTIQBOL,7642,2,1730221
207178464,TAGAN,8733,4,1733233
207227290,MAʻNAVIYAT,8339,4,1733204
203030439,VOMITAN,3059,2,1712230
203590430,YOSHLIK,3709,1,1714234
202863558,GʻALABA,10229,4,1708228
202312443,PARAXUN,3186,1,1712251
202839238,OBOD,2439,3,1710229
202722162,BUYUK TURON,9960,2,1710401
202818270,UZUNSOY,10850,2,1718236
203643664,GULBOGʻ,4689,1,1718233
202285991,SERQUYOSH,608,3,1703206
306432960,VATANPARVAR,15551,1,1706403
303940316,YOSHLIK,6702,4,1727249
304916572,HONARIQ,7768,1,1730227
304924413,ISTIQLOL,8069,3,1730242
304924760,NAYMAN,7770,1,1730227
304944903,SHAKARBULOQ,2726,2,1710242
304949373,GʻUNCHA,8040,4,1730238
304976855,BESHBULOQ,2749,4,1710242
305016473,SABZIPOYA,5748,4,1722220
305038295,SOHIBKOR,2520,4,1710232
305038311,ISTIQBOL,2518,4,1710232
305103610,QASHQADARYO,2487,2,1710232
305562319,JALAJIN,10817,1,1710235
305849061,ISTIQBOL,10785,3,1710245
308020966,QORASUV,15545,1,1718401
309191936,NODIRABEGIM,1217,4,1703401
200711035,XIYOBON,2867,3,1710250
204030872,JALAQUDUQ ,697,1,1703211
207018116,AVLIYO OTA,6990,2,1727265
203139664,OBODON,2535,1,1710233
203253374,USTOZ,7324,4,1730203
200689015,A.NAVOIY,10394,2,1710224
202741868,GʻALABA,7610,4,1730218
304977989,GULOBOD,2754,4,1710242
202853127,SHARQ YULDUZI,456,2,1703202
205852728,MIRZOQUL,4276,4,1718212
202639992,ARABOTA,4791,4,1718235
202892997,BOBUR,4488,3,1718224
206855113,MARKAZ,7701,2,1730224
202701569,TOSHQOʻRGʻON,3534,2,1714219
202828188,SHOHGUZAR,671,2,1703210
202683039,TAROQLI,5823,2,1722223
202767534,GULTEPA,7067,2,1727404
202853238,CHAQQON-1,443,1,1703202
202974507,QORABOGʻICH,1075,4,1703227
202952842,BOGʻDOD,9438,4,1718401
202724001,ISLOM SHOIR,5184,3,1718406
305677664,BARAKA,10802,3,1710242
202870874,BOZORTEPA,2273,3,1710212
202421134,KOMILON,2892,1,1710401
203070745,QALQON OTA,3069,3,1712230
203345124,MUSTAQILLIK,497,1,1703203
306314252,NURAFSHON,10675,4,1718235
202980634,KOʻTARMA,1052,2,1703227
202872095,QOʻRGʻONCHA,7720,3,1730224
304942684,NURSUX,7826,1,1730230
202673723,BOYTUBI,4239,2,1718212
204024626,PAXTAKOR,7366,3,1730206
202832857,BUYUK TURON,4606,4,1718227
202652599,SHEYXLAR,4281,4,1718212
203146744,ANDIJONI,4704,2,1718233
204028098,YANGISOR ,708,1,1703211
202720498,QOʻNGʻIROT,7450,1,1730212
202296360,GʻOLIB,9573,1,1703209
202831447,GANJIROVON,458,3,1703202
202702804,TAVARON,10160,1,1718215
202829202,GULOBOD,3350,2,1714207
310119651,BINOKOR,15599,1,1703401
202756341,TOSHLOQ,825,3,1703214
202724223,ZOMIN,5192,4,1718406
202832398,RAVOT,4620,4,1718227
203303484,YUQORI QOʻRGʻONCHA,7577,2,1730218
304984846,QAYNAR,7850,2,1730230
202654058,BOYLATA,4256,3,1718212
202675428,MASHʻAL,2608,4,1710234
203609997,46-OʻRMONBOGʻ,8178,2,1730405
202850344,UCH OLISH,7777,1,1730227
202844690,BUNYODKOR,4943,4,1718238
203119024,KATTA QOʻSHTEPA,7656,3,1730221
204013917,KATTA BESHKAPA,7354,2,1730206
202639914,TEPAQUL,4771,1,1718235
202639977,JARQUDUQ,4782,3,1718235
202586428,OʻRDA TAGI,10528,4,1730412
304951000,NAʻMUNA,7386,1,1730209
202849099,TAROQLI,4845,2,1718236
202837730,VATAK,4852,3,1718236
202073852,GOʻZAL,3998,3,1714367
202675854,BAYNALMILAL,10232,3,1714401
203683045,CHAVKANDARYO,546,3,1703203
202868154,ISTIQLOL,4947,4,1718238
202756302,QASHQARLIK,760,1,1703214
202681025,SAXOVAT,8258,1,1730412
202832674,QATOR TERAK,4585,3,1718227
202836090,XAMZA,6251,2,1727220
202778433,BESHTERAK,7458,2,1730212
202797569,MEXNATOBOD,7631,1,1730221
202559174,XALQOBOD,9582,2,1703209
202702740,MUMINXOʻJA,4295,1,1718215
202850559,QANJIRGʻA,7803,3,1730227
202720553,YANGIQADAM,7438,1,1730212
203099312,OʻZBEKISTON,1152,4,1703230
305055308,XUMDON,2232,2,1710207
203091102,BULOQBOSHI,4373,3,1718216
305660093,YANGI ZAMIN,9746,1,1714367
309776791,YANGI OʻZBEKISTON,15868,2,1710212
202694301,BAHOR,9004,4,1726269
202906866,BARHAYOT,15557,1,1726266
202770057,BUNYODKOR,3997,2,1714367
202519303,GULSHAN,9709,1,1714365
202766614,OROMGOH,9751,2,1714367
204356767,AL-XORAZMIY,9827,3,1733220
203054653,ALTINKO`L AWIL,15920,1,1735218
202652400,BIRLIK (Olmos),3844,2,1714237
304917524,MINGTUT,7854,2,1730230
203643688,YUQORI CHORDARA,4745,3,1718233
203646121,ABDULLABIY,742,4,1703211
202778267,JOV,7486,4,1730212
203628998,37-GALA BAQQOLLIK,8155,1,1730405
202892221,BAXRIN,4453,1,1718224
206941140,OYDINBULOQ,7433,4,1730209
203041986,QUSHQOʻNOQ,7867,3,1730230
203003107,GUMBAZ,1001,3,1703224
203091220,URGANJI,9863,2,1718216
202916750,QANGLI,9405,2,1727239
202753228,TEGIRMONBOSHI,3325,4,1714204
204598030,URGANJIYON,1689,2,1706242
200678685,PACHKAMAR,2229,2,1710207
203071016,TINCHLIK,4873,3,1718236
204313084,ROYAT,8681,3,1733230
303277404,NAFIS,6874,4,1727256
202808932,RAVOQ,2940,4,1710401
203072806,QUSHQANOT,2785,2,1710245
201748794,ESKI-ANHOR,2703,2,1710240
207305867,YUKSALISH,10963,4,1724401
202905013,NAVBAXOR,6048,1,1724228
202924551,OQOLTIN,6057,3,1724228
202861860,ETAK,2430,2,1710229
206828184,GALA,2450,4,1710229
202678139,BERUNIY,3580,1,1714224
203334201,ALISHER NAVOIY,1693,3,1706242
203870177,MURGʻAK,1741,2,1706246
202810188,ARALOVUL,9977,3,1710401
202872032,DORUL OMON,7679,1,1730224
203268710,JOʻRAK,7307,3,1730203
303428373,SAXOVAT,7405,2,1730209
202709153,NOʻSH,4189,1,1718209
202713807,ZARAFSHON,4209,3,1718209
205349458,YONBOSH DOʻRMON,1087,1,1703230
203645638,NAYZATEPA,4715,2,1718233
202572699,33-A.JOMIY,8084,1,1730401
204474866,RAVOT,9514,1,1708220
203099304,PAXTAKOʻL,1129,3,1703230
207153044,OBOD,880,3,1703217
200701768,JEYNOV,15600,1,1710233
202284621,FAROVON,15601,3,1710212
202649387,KOʻL,15602,1,1718401
202702908,OMONKALXAT,15603,3,1718215
202702947,GOʻZAL,15604,3,1718215
202734037,SHURAK,15605,3,1718215
202816582,AGʻITAY ADILOV,15606,4,1735230
202820420,QUYI MOʻMINOBOD,15607,3,1718236
202820491,CHEP,15608,3,1718236
202820509,YANGIOBOD,15609,1,1718236
202826641,KATTA TORINJAK,15610,4,1718236
202830449,YUQORI SANCHIQUL,15611,2,1718236
202837034,XOVOS,15612,4,1703209
202838096,DARXAN,15613,4,1727248
202839744,ETAK BESHKAPA,15614,2,1718236
202842647,KOʻHNA MEVAZOR,15615,3,1726269
202867038,GULISTON,15617,1,1703202
202875946,NUROBOD,15618,1,1727212
202912020,QUT-BARAKA,15619,2,1726283
202912052,XONTEPA,15620,1,1726283
202912069,NOMDANAK,15621,1,1726283
202912116,ESHONBULOQ,15622,1,1726283
202912124,SADOQAT,15623,1,1726283
202912187,XONOBOD TEPA,15624,1,1726283
202912194,KOʻHNA QUMARIQ,15625,1,1726283
202912234,SULTONOBOD,15626,1,1726283
202948094,UYMOVUT,15627,4,1727248
202974482,NAYMAN,15628,3,1703227
202979673,FAROGʻATLI,15629,2,1726283
203042035,MO`YI-MUBORAK,15630,2,1730230
203080203,BAXOR,15631,1,1703230
203135765,TURKISTON,15632,2,1703230
203424113,IJODKOR,15633,1,1726269
203594235,GEOLOGLAR,15634,1,1726269
203594250,JARBOSHI,15635,1,1726290
203617078,IQTIDOR,15636,2,1726269
203640842,MIRZO ULUGʻBEK,15637,1,1718233
203645677,SAXOVAT,15638,2,1718233
203648854,XISHROV,15639,3,1718233
203669149,SARBON,15641,3,1726269
203743247,TEMURIYLAR,15642,3,1726269
203748524,ALISHER NAVOIY,15643,2,1718206
203818326,ARGʻIN,15644,1,1726290
203818358,BOGʻBON,15645,1,1726290
203818373,TOVKENTEPA,15646,1,1726290
203818380,MOHIRLAR,15647,1,1726290
204738149,IFTIXOR,15648,3,1712216
204838388,MASHʻAL,15649,1,1718227
204999917,QOZOQ NAYMAN,15650,2,1718227
205531177,NURAFSHON,15651,3,1718233
205712465,CHUQURAK,15653,1,1706258
206947188,NURAFSHON,15654,3,1722221
202706165,NAVBAHOR,3730,3,1714234
203818334,GULZOROBOD,6608,2,1726269
202406095,NUROBOD,9716,1,1714365
309258408,DIYOR,15546,2,1726294
202779795,YANGIOBOD,868,4,1703214
202756033,BOGʻI-SHAMOL,1266,1,1703401
202706671,CHIGʻATOY,10309,4,1718215
202657955,KAMARDON,4888,4,1718236
203080194,YANGI HAYOT,1156,4,1703230
202910894,GULZOR,10915,3,1703232
203664464,SHUKRONA,10371,3,1718401
202979357,TOJMAXAL,10362,3,1718401
202950014,XAYOTOBOD,9472,4,1718401
202724254,CHINOBOD,5171,1,1718406
202930767,QOʻRGʻONTEPA,6031,1,1724226
201284930,NURISTON,2625,2,1710235
202723920,BESHBULOQ,3933,3,1714242
202715542,PANJOB,4985,1,1718401
205588589,DEMUN,1734,2,1706246
207226751,TOʻPCHI,8317,2,1733204
306326260,OʻZBEKISTON,10738,4,1706219
303188032,DOʻSTLIK,6855,2,1727256
303336228,SOHIBKOR KFY,6113,2,1724235
207174802,ANGARIQ,8701,1,1733233
201047053,OQQISHLOQ,10500,1,1710212
306105987,NURLI KELAJAK ,10509,3,1710212
202701774,PILOL,3555,3,1714219
202701900,CHODAKBOSHI,3575,4,1714219
202894187,BESHBULOQ,10040,4,1724231
202904964,BOYOVUT,6012,2,1724220
306099655,KATTA ANHOR,10851,1,1710235
202637354,QARNABOTA,10145,4,1718230
305064423,YASHNOBOD,2873,3,1710250
202773875,TOSHKENT,7069,3,1727404
207111911,NURLI YOʻL,8371,3,1733208
202918344,IQBOL,6986,2,1727265
202948126,YANGIOBOD,10434,4,1727415
203026164,TANGRIQUL,7997,3,1730236
203067289,QIZIL-QIYOQ,8033,2,1730238
200688784,QORAQUCHCHI,2359,2,1710224
202911419,OLMAZOR,6434,1,1727237
202911513,NAVROʻZ,6464,2,1727237
203648862,BEKXO,4960,1,1718401
202847172,NAVOIY,15616,3,1735207
207111738,CHANDIROBOD,15655,4,1718227
207186336,ZIYOLILAR,15656,1,1726283
207193960,BOʻSTON,15657,1,1708212
207194564,SOʻGʻDIYONA,15658,1,1708212
207207119,UCHCHINOR,15659,1,1726290
207211676,ZAKOVAT,15660,2,1726269
207223645,RABOT,15661,4,1708212
207292180,UGAM,15662,2,1727224
207292237,GʻAZALKENT,15663,2,1727224
207299242,JASORAT,15664,1,1726269
207300050,66-AMIR TEMUR,15665,4,1730405
207309434,QORAMANGʻIT,15666,4,1718227
207309694,TARAQQIYOT,15667,2,1710229
207315997,SAXOVAT,15668,1,1722221
207320976,OBI-XAYOT,15669,4,1735207
207320984,LOLAZOR,15670,2,1735207
207320991,SAROYKUL,15671,4,1735207
207321033,SOHIBKOR,15672,4,1727259
207321057,YANGIYER,15673,1,1722220
207321190,LAZZAT,15674,2,1727424
207321294,BOʻSTON,15675,1,1727259
207321420,IBRAT,15676,3,1727259
207321484,NUROBOD,15677,4,1718236
207323007,BUNYODKOR,15678,1,1722220
207324930,YUQORI ARABXONA,15679,1,1710229
207327776,BOʻSTON,15680,4,1718218
307817306,YANGIOBOD,15681,3,1718216
307837874,TINCHLIK,15682,4,1718216
207328023,NURAFSHON,15683,2,1727259
207328774,NURLI KELAJAK,15684,2,1724235
207332272,ABDULLOBOYON,15685,1,1730224
207332289,YANGI AVLOD,15686,4,1730224
207332881,YANGI TOSHKENT,15687,4,1724206
207333231,FAZILAT,15688,2,1724413
207333248,DAVLATOBOD,15689,3,1724413
207333294,YANGI OʻRTABOGʻ,15690,2,1733217
207333303,YANGIOBOD,15691,1,1733217
207333359,NURAFSHON,15692,1,1724401
207333381,SOHIL,15693,1,1724401
207333398,BAXT,15694,2,1724401
207333414,YUKSALISH,15695,3,1724413
207334372,SAHOVAT,15696,1,1714367
207336267,YANGI OʻZBEKISTON,15697,1,1724228
207336544,OBI-XAYOT,15698,1,1703203
207336758,SOY BOʻYI,15699,3,1730221
207337867,NUROBOD,15700,3,1708220
207338232,NAVBAHOR,15701,1,1708220
202912360,MADANIYAT,7155,2,1727413
207158734,TINCHLIK,1774,4,1706246
303363464,NAVOBOD,6332,4,1727224
205884893,TURKISTON,6077,2,1724231
202943244,OBI-HAYOT,2083,4,1708218
302776425,ZNAXOS,8588,3,1733223
305907242,NAVBAXOR,10784,3,1710245
202875732,QIZILCHOVRA,2715,2,1710242
204354255,JALOLADDIN MANGUBERDI,9826,3,1733220
205230195,PASTOM,9538,2,1733221
202985144,TINCHLIK,6621,3,1727248
203526895,CHOʻLBOʻSTON,2380,3,1710224
204113429,SHIXLAR,8803,1,1733406
202830124,BARKAMOL,4435,4,1718218
202637054,GULSHAN,9936,1,1718230
202944306,ISLOXAT,6929,3,1727259
202985137,BOYJIGIT,6626,3,1727248
203007149,MAʻRIFAT,8367,2,1733208
202710794,SABO,7250,2,1727424
202637014,DABUSQALʻA,10077,2,1718230
202918424,SHIRIN,6969,1,1727265
203107704,POSHTON,2364,2,1710224
207187414,SHOMOXULUM,8620,2,1733226
202745664,MADIYAROVUL,3308,2,1714204
202830044,NUGAY,4404,1,1718218
202830091,XOʻJAKORZON,4421,2,1718218
303277318,ISLOMOBOD,6867,3,1727256
202944203,QOʻSH-TEPA,6924,2,1727259
202813698,BOʻSTON,3362,3,1714207
202285066,TOʻGʻON,5555,1,1722214
202289124,OQTOM,5581,3,1722214
206931913,BOBUR,7167,3,1727413
207038313,ISTIQLOL,3726,2,1714234
202950877,CHORSU,1558,4,1706215
206952111,QUYI CHUQURAK,1780,1,1706258
206216796,TALISOBUN,1668,3,1706240
203025601,TINCHLIK,1633,1,1706232
305150174,BOBUR,2013,3,1708212
206849396,NURLIKENT,2062,2,1708218
202912400,NAVROʻZ,7173,4,1727413
207339025,AHIL,15705,1,1727250
207338249,ISTIQLOL,15702,3,1708204
207338256,FAYZABOD,15703,4,1708204
207338730,IJODKOR,15704,1,1714365
207339610,ZARBDOR,15706,2,1726292
207339627,IYSHAN QALA,15707,2,1735212
207340303,YANGI BUNYODOBOD,15708,3,1726283
207340484,QIZIL JAR,15709,1,1735222
305464036,OBOD NEKOʻZ,15710,2,1710237
305566763,YANGI BOʻSTON OBOD,15711,1,1703214
305926647,YANGI SANGANAK,15712,1,1727249
305966653,VATANPARVAR,15713,1,1724410
306023679,ISTIQBOL,15714,3,1710220
306024534,ʻBOGʻOBODʻ,15715,3,1710220
306155411,QAPAL,15716,2,1727224
306172580,BUNYODKOR,15717,1,1710220
306173650,QUYI YANGI,15718,2,1710220
306174088,SOHIBKOR,15719,1,1710220
306769991,PARVOZ,15720,4,1710224
306892549,GULSHAN,15721,1,1710224
306899404,TARAQQIYOT,15722,3,1710224
306916444,YANGI BATOSH,15723,3,1710224
306917965,YANGI XONOBOD,15724,4,1710224
306934881,YANGI BOGʻOBOD,15725,4,1710224
307010195,OQRABOT,15726,1,1710220
307142349,NURLI-PANGAT,15727,3,1708228
307815886,DALVARZIN,15728,2,1727220
307816236,ISTIQBOL,15729,3,1727220
307827056,N A M U N A,15730,4,1718216
307974721,MUSTAQILLIK,15731,2,1727220
307998723,QUDASHOBOD,15732,3,1730230
308015418,HUMO,15733,4,1727256
308016147,TILLATOPGAN,15734,1,1727256
308018247,ITTIFOQ,15735,3,1718235
308019775,BAHODIR YALANGTOʻSH,15736,4,1718401
308031153,TILLAOBOD,15737,2,1727256
308032491,CHORTUT,15738,1,1718235
308118914,YANGI MAYMANOQ,15739,2,1710237
308126682,DARVESHOBOD,15740,3,1730230
308134340,QAYNARBULOQ,15741,2,1730230
308224688,DOʻSTLIK,15742,2,1710212
308230744,XOʻJAMAXMUD,15743,1,1710212
308485332,UZUMZOR,15744,1,1730405
204914182,MUSOQUL OROLOV,2153,2,1708235
310216760,JAS ÁWLAD,15567,4,1735401
305999374,YUKSALISH,15598,1,1710220
202890374,YANGI OBOD,5977,3,1724212
202659374,MUSTAQILLIK,3660,3,1714229
202866309,GULSHAN,3773,1,1714236
202687530,JIYDABULOQ,5396,2,1722221
203507769,PASTKI-YUZ,6636,3,1726269
202766908,NAVROʻZ,9715,1,1714365
207038075,TINCHLIK,9745,2,1714367
202231956,SIHATGOH,9770,2,1714367
200701790,CHOʻLQUVAR,2673,3,1710237
202678637,YANGIXAYOT,6376,1,1727228
203171818,MIRISHKOR,1666,3,1706240
202661611,OVCHIBULOQ,3675,2,1714229
203652280,OQTOM,7907,1,1730233
203633050,ZILOL,7934,3,1730233
202940905,NAMUNA,7186,2,1727415
202675134,BEKTEMIR,8890,3,1726264
303823603,QURUVCHILAR,9176,2,1726283
202336358,BOʻSTON,9657,1,1710405
202915111,GULISTON,2961,2,1710405
203053250,ZOIR OTA,4415,2,1718218
202796633,KAMOLIDDIN BEXZOD,4971,1,1718401
202806018,OYBEK,2158,3,1708235
203633107,XOʻROBA ,7944,3,1730233
203632994,SATKAK,7953,4,1730233
207292799,NIYOZBOSH,10761,1,1727259
204315492,BOYQOʻRGʻON,9847,4,1727253
206834961,QUMKASHON,1366,1,1706204
203974885,QAYRAGʻOCH,1806,3,1706258
202938336,BESHKAPPA,6699,4,1727249
206992989,SHARILLOQ,2027,3,1708212
203115663,OLTIN VODIY,6263,2,1727220
201286524,NAVROʻZ,2638,4,1710235
202687333,SURXON-DIYOR,5448,3,1722210
207200871,ORZU,8499,4,1733217
202694182,KATTA QORASUV,8971,1,1726269
202660050,QUYOSHLI YURT,5733,2,1722220
202760132,TONG YULDUZI,5335,1,1722207
202839854,OBOD,7127,3,1727407
205701448,BESHRABOT,1454,2,1706212
202912757,OTCHOPAR-1,10665,4,1726266
304773135,KICHIK GULDURSUN,341,2,1735250
202915769,IPAKCHI,9743,1,1726277
202915927,ESKI JARARIQ,9739,1,1726277
202956235,BOGʻISHAMOL,1945,3,1708204
202950814,ZARAFSHON,1490,1,1706215
202883493,KOʻKCHA,9093,3,1726277
200171527,MADANIYAT,7609,4,1730218
308592754,OSG YANGIOBOD,15751,2,1733236
308486648,TURKISTON,15745,3,1730405
308510411,QURAMA,15746,3,1710233
308510522,BALUJ,15747,1,1710233
308529465,CHARMGARI,15748,2,1718401
308539191,DAVR,15749,3,1710240
308561024,FAROVON KELAJAK,15750,1,1710242
308593199,HAMDOʻSTLIK,15752,1,1733236
308602526,QUYI KAMONGARON,15753,1,1718236
308603026,XOJA AXROR VALIY,15754,1,1718236
308605704,KATTA KAMONGARON,15755,1,1718236
308631063,MUSTAQILLIK,15756,1,1718236
308634763,ZARAFSHON,15757,3,1718236
308639724,QUYI OʻROQBOYJAR,15758,1,1718236
308646527,AZIZON,15759,4,1718401
308740394,YANGI OLMACHI,15760,3,1726269
308740410,YANGI KAMOLOT,15761,4,1726269
308746995,IFTIXOR,15762,3,1712248
308771017,OYDIN,15763,3,1726269
308784048,YANGI VARQ,15764,4,1712234
308784181,BUYUK IPAK YOʻLI,15765,1,1712234
308795334,SERGELI,15766,2,1727239
308795414,SAXOVAT,15767,4,1727239
308795477,NAVBAXOR,15768,2,1727239
308795699,QOʻNGʻIROT,15769,2,1710212
308805351,ZARAFSHON,15770,4,1712234
308805415,YANGIHAYOT,15771,3,1712234
308810838,MAʻRIFAT,15772,4,1712401
308811574,YANGIHAYOT,15773,3,1712401
308820990,TARAQQIYOT,15774,1,1712401
308821104,ZIYOKOR,15775,4,1712401
308830149,YANGI VAGʻASHTI,15776,2,1718236
308834206,GUʻLISTAN,15777,2,1735240
308837240,JANUB QALQONLARI,15778,4,1722212
308875234,REGISTON,15779,3,1726266
308894623,OVJAZSOY,15780,2,1727212
308896952,OZODLIK,15781,1,1727212
308896984,QORAXTOY,15782,4,1727212
308897033,SARTAMGʻALI,15783,2,1727212
308981246,XALQABOD,15784,3,1710242
308991384,NAʻMUNA,15785,3,1703217
308991510,KELAJAK,15786,1,1703217
308991606,YOSHLIK,15787,4,1703217
309024650,ISTIQLOL,15788,3,1712408
309026782,CHEKXITOY,15789,1,1730209
309027852,BOʻSTON,15790,3,1712238
309028202,TINCHLIK,15791,2,1712238
309033079,NUROBOD,15792,4,1712238
309045815,FAROVON,15793,3,1712251
309046932,OʻZBEKISTON,15794,2,1712408
203996502,YANGIHAYOT,2983,4,1710405
202639050,TOSHLOQ,10086,4,1708401
202898664,SIRMOQ,3457,1,1714216
202907216,44-SONLI BAXT,7241,4,1727419
202647524,KAMARSADA,3871,3,1714237
202345932,PARVONA,10140,4,1726273
202694325,OLMACHI,8997,3,1726269
202851003,YUQORI BESHQOʻRGʻON,9108,1,1726280
202838326,YOSHLIK,7100,1,1727407
202854759,GRUM,7106,2,1727407
202445318,GULISTON,5362,4,1722207
204303405,VARZIGON,3847,2,1714237
202895716,KATTA OLTINTEPA,8968,1,1726269
207114535,TUL,7742,1,1730226
203366447,DEMURSAD,7766,4,1730226
202942174,MAʻRIFAT,8763,1,1733401
202957907,QOZON,1627,4,1706230
202586823,BOYSUN,9974,3,1726290
207293970,KOMILLIK,10748,3,1714236
203041678,DOIMOBOD,7962,1,1730236
202649688,NUROBOD,5666,1,1722217
203264756,SOYLABI,7518,2,1730215
202677923,SEVAZ,2477,1,1710232
202724721,GULISTON,5504,3,1722212
202906637,ASTROBOD,8905,1,1726266
202885522,TOSHLOQ,3475,2,1714216
207067554,SHOXIDON,3493,3,1714216
202941849,GULISTON-1,3331,1,1714207
202243498,ISTIQLOL,5476,1,1722212
202810433,RAVOT,3354,2,1714207
202724674,BOBOTOGʻ,5526,4,1722212
205916504,DILOBOD,9371,3,1726294
303774055,FIDOKOR,9379,4,1726294
203936457,TOSHKENT,5056,2,1718401
202650103,BOGʻISHAMOL,5692,3,1722217
206817490,SHOIRLAR,8742,2,1733236
202754874,SAROY,9551,1,1722203
203582890,18-NONVOYLIK GUZAR,10444,3,1730405
203067004,34-SONLI KABUTAR,7233,4,1727419
303228614,TURKMANLAR,8476,2,1733217
207339057,ZIYOKOR,15564,1,1726280
309058054,ZIYOKOR,15795,3,1714401
309058119,IBRAT,15796,2,1714401
309062074,OʻRTA VAGʻASHTI,15797,2,1718236
309066425,BUNYODKOR,15798,1,1712216
309066544,NAVQIRON,15799,4,1712216
309066583,NURAFSHON,15800,1,1712216
309066734,MUSTAQILLIK,15801,3,1712216
309074724,XONTOQ,15802,2,1703408
309075991,YANGIOBOD,15803,4,1730209
309077729,XONAQA,15804,4,1712251
309079757,GULISTON,15805,2,1730209
309087580,YUKSALISH,15806,4,1710233
309087842,NAVROʻZ,15807,1,1710233
309087866,BARAKA,15808,1,1710233
309093392,IYK-OTA,15809,4,1727239
309093424,TINCHLIK,15810,4,1727239
309104274,XALQOBOD,15811,1,1718236
309104306,IFTIXOR,15812,2,1710242
309114000,BULOQBOSHI,15813,3,1718236
309117344,BIRDAMLIK,15814,3,1710229
309118422,YUQORI MAYDAYOBU,15815,3,1710229
309122062,OBU-XAYOT,15816,3,1710242
309122213,BOLSUVAR,15817,4,1710242
309122799,NAVNIHOL,15818,3,1710229
309123765,OYDINKOʻL,15819,3,1714401
309124108,SHIRINOBOD,15820,1,1710229
309126516,SHIRVOQOTA,15821,2,1718236
309127174,DASHT XASAN,15822,3,1730230
309156566,YUQORI MUDIN,15823,2,1710229
309161094,MUSTAQILLIKNING 30-YILLIGI,15824,4,1703236
309166958,TARAQQIYOT,15825,4,1710401
309174402,BUNYODKOR,15826,3,1710401
309178404,MUSTAQILLIK,15827,1,1703202
309181133,YUQORI KUJGAN,15828,3,1703224
309184896,YUKSALISH,15829,1,1703401
309192619,NURAFSHON,15830,2,1730412
309193134,YUKSALISH,15831,3,1730412
309193348,SHAYXISLOM,15832,2,1703202
309193617,INTIZOM,15833,3,1703202
309195914,SULAYMON,15834,2,1730230
309204102,UZUMZOR,15835,4,1703401
309212084,BESHKAPA,15836,3,1730230
309235530,TARAQQIYOT,15837,2,1730230
309256236,KATTA NAVBAXOR,15838,3,1726294
309256441,EZGULIK ,15839,2,1727228
309257812,BESHBULOQ,15840,2,1718236
309257954,SHODLIK,15841,2,1727228
309268324,ISTIQLOL,15842,4,1718236
309268972,BINOKOR,15843,4,1718236
309278328,RAVNAQ,15844,2,1714401
309276433,QOZIROBOD,15579,1,1726294
202639099,OBOD,10061,2,1708401
202896445,LASKIDON,3779,1,1714236
202693191,GʻOFUR GʻULOM,1966,2,1708209
202799992,LABZAK,10833,2,1726277
203075310,QOʻQONBOY,9822,3,1730238
202687396,YANGI XAZARBOGʻ,5385,1,1722210
206946656,SAIDOVUL-BAXT,6743,1,1727253
202313133,SOBIR RAXIMOV ,1885,4,1706401
202426830,NISHAB ARIQ,8835,1,1726262
202836581,QUYOSH,9143,3,1726280
202687254,GULISTON SHFY,5392,2,1722210
203501832,MIRDOSH,3234,4,1712251
203268576,XAMID OLIMJON,7266,1,1730203
202712523,HAYRANDARA,5249,4,1722201
202800231,ISLOM-OTA,9124,2,1726280
202895028,BOʻZ,9005,4,1726269
202354011,TURKIY JANDI,1857,2,1706401
309046781,QUCHQORBULOQ,10995,4,1710240
203470224,POLOSON,502,1,1703203
202701845,NAYMAN,3512,1,1714219
305907298,TEMIRCHI,10841,4,1710245
204854124,QAYRAGOCHTAGI,1312,3,1703401
202671393,PASURXI,5304,2,1722204
202750113,TOLTOʻGʻAY,5787,3,1722221
202724627,QORAYONTOQ,5488,2,1722212
303795100,KOʻXNA OVUL,8478,2,1733217
207154810,OLMAZOR,6694,3,1727249
202991067,GʻUMAYLI,7994,3,1730236
202915318,JOMIY,7147,1,1727413
202910751,QORASHOX,10491,1,1703232
202773661,SOʻFI OLLOYOR,7060,2,1727404
202773013,TEMIRYOʻLCHI,5912,2,1722401
202676964,HALQLAR DOSLIGʻI,207,4,1735228
202829574,ERGANAKLI,4143,1,1718206
205314034,BOGʻDOR,8529,2,1733220
203763594,DOʻSTLIK,10702,3,1727259
202586894,MAXMUR,9312,2,1726290
205722628,FARXOD,8845,2,1726262
203645527,UCH TEPA,3223,3,1712251
204782318,TOSHRABOT,1688,2,1706242
309278414,CHUST GULZORI ,15845,3,1714237
309278834,YANGI BOGʻISHAMOL,15846,3,1714237
309300094,MUSTAHKAM,15847,4,1703224
309300269,NAVBAHOR,15848,4,1703224
309304319,SNAMAN,15849,1,1714401
309306212,QUVONCH,15850,1,1714401
309318624,OSUDA,15851,1,1714401
309377061,ISTIQLOL,15852,3,1714365
309380843,TADBIRKOR,15853,1,1714365
309420809,IPAK YOʻLI,15854,4,1703230
309426214,YOSHLAR,15855,1,1703230
309428360,OBOD ZAMIN,15856,2,1733220
309433790,ISTIQLOL,15857,1,1727250
309437359,BARKAMOL AVLOD,15858,1,1733220
309460617,TARAQQIYOT,15859,4,1733220
309463478,BUNYODKOR,15860,1,1727415
309481274,DARXON,15861,3,1710212
309502634,GULISTON,15862,1,1710212
309503861,VATANPARVAR,15863,3,1710212
309568916,NUROBOD,15864,1,1708204
309665297,ITTIFOQ,15865,4,1722221
309668640,SURXON,15866,3,1722221
309694824,YANGIOBOD,15867,1,1703230
309879275,NURLI HAYOT,15869,3,1733401
309885854,YANGI OʻZBEKISTON,15870,2,1733401
309908104,KELAJAK,15871,1,1722220
309965612,YANGI ANDIJON,15872,2,1703401
309973674,TINCHLIK,15873,1,1703401
309995132,ZARXAL,15874,3,1726280
309995464,KAYKOVUS,15875,3,1726280
309996012,ELPARVAR,15876,2,1726280
309998183,CHINNIOBOD,15877,4,1726280
310013950,ZAMONDOSH,15878,4,1726280
310018359,YANGI BOʻSTON,15879,1,1703401
310115301,OʻRIKZOR-2,15883,4,1703203
310116355,YANGIOBOD,15884,4,1724413
310119350,TEMUR MALIK,15885,3,1703401
310119367,ILGʻOR,15886,4,1703401
310119374,QORAQOʻRGʻON,15887,3,1703401
310119589,YASHNAOBOD,15888,3,1703401
310183550,MISKIN,15889,3,1735233
310198319,SÁBIK,15890,2,1735236
310198563,BAǴMAN,15891,4,1735236
310201242,YANGI MAKON,15892,1,1735228
310206339,NURLI YOʻL,15893,4,1735233
310207606,ZIYOKOR,15894,1,1735233
310209681,TOZABOʻZYOP,15895,4,1735233
310209935,TURKMAN KOʻLI,15896,4,1735233
310212015,YAXTILIK,15897,2,1735233
304773199,JASORAT,15588,1,1735250
202676061,LANGARBOBO,15593,3,1714224
202673335,SHOXIDON,15595,3,1714224
202830471,CHAGʻIZMON,4899,4,1718236
202287808,SURXON SOHILI,5554,1,1722214
202566530,XALIFA,1397,4,1706204
202884168,YANGIOBOD,4486,2,1718224
202940121,NAVROʻZ,2037,1,1708215
207236834,GULISTON,4578,3,1718227
302772834,LAYLAKKOʻL,5950,1,1724212
202593808,TEZGUZAR,1823,4,1706258
202678502,CHAVLISOY,6346,1,1727228
206110139,GʻOZLIQ,2828,1,1710250
303112823,SAMARQAND,6862,3,1727256
205642735,UVAYSIY,1056,2,1703227
200340560,EGIZBULOQ,2159,3,1708235
207133204,OʻRTABOʻZ,6796,3,1727253
202824486,JALAYER,7581,2,1730218
202835662,SARIQTEPA,4843,2,1718236
202718640,IBN SINO,967,1,1703224
202836012,SHODIYONA,6161,3,1724413
202701655,NAVRUZ,3530,2,1714219
202990883,SHAXRISTON,1082,4,1703227
202687641,PAXTAKURASH,5445,3,1722210
304974336,NAMUNA,7517,2,1730215
204737839,MAYTA,3016,2,1712216
204376229,HISARAK,2826,4,1710245
203867685,OʻRGʻU ,706,1,1703211
202838230,XAKKARMAN YANGI JIGARISTON,7107,2,1727407
203368436,RUSTAM,4761,4,1718233
202697470,CHAMANZOR,10944,1,1724235
202770302,SHOʻRQISHLOQ,3405,1,1714212
202807830,PAXTAOBOD,2620,1,1710235
202724967,DAM,5507,3,1722212
202689243,HURRIYAT-1,3342,1,1714207
203684352,OQ OLTIN,6570,1,1727248
206988762,BOGʻBON,10705,1,1727424
204114839,SOYOT,8628,3,1733226
202416108,MAORIF,8260,1,1730412
202702836,JONKEL,4289,1,1718215
202579009,NAVBAXOR,8100,2,1730401
204354209,KAMOLOT,8535,2,1733220
202676007,YORTEPA KOʻCHA,3602,2,1714224
203725704,CHECHAKOTA,3226,3,1712251
202285003,AL-HAKIM-AT-TERMIZIY,5350,3,1722207
202284993,YURTIM JAMOLI,5357,3,1722207
202695126,BESHKAPPA,5751,1,1722221
202708090,TOJIKOBOD,5772,2,1722221
202688173,ULANQUL,5788,3,1722221
202504820,BOTOSH,5200,1,1722201
205614089,XALOBOD,5206,1,1722201
202694974,YANGIQURILISH,5222,2,1722201
202854283,GUZAR,3849,2,1714237
202652392,MUNCHOQTEPA,3855,2,1714237
206576064,YANGIOBOD,3864,2,1714237
202782714,OQ-OLTIN,3221,3,1712251
202740727,AMIR TEMUR,3209,3,1712251
202911101,KOʻKTOʻNLIK,1162,1,1703232
202910958,AHILLIK,1158,1,1703232
202910808,HAYOTBAXSH,1187,2,1703232
202910902,BOGʻIGULISTON,1190,3,1703232
203826783,ZARBULOQ,929,3,1703220
202829598,MINGCHINOR,4136,1,1718206
202829843,KAPTARXONA,4147,2,1718206
202829732,GʻOʻBDIN,4161,3,1718206
202829692,YANGIOBOD,4170,3,1718206
203630879,NODIRABEGIM,8145,4,1730401
203274055,JONIBEK,7272,1,1730203
207001408,BOYISTON,7564,1,1730218
204047597,XALFACHEK,593,2,1703206
202286144,DOʻSTLIK,586,2,1703206
202286040,KATTABULOQ,603,3,1703206
203127355,MEHNATOBOD,5466,4,1722210
203513414,7-YALONGʻOCH OTA,8211,4,1730405
202505012,ALISHER NAVOIY,8244,4,1730408
200107840,ALIXON,10739,2,1714236
202898695,MIRSULTONCHEK,3454,1,1714216
202895067,H.OLIMJON,8992,3,1726269
202578928,56-BERUNIY,8109,2,1730401
200151495,MASHʻAL,8123,3,1730401
202918494,IBRAT,6991,2,1727265
207186605,BOGʻBON,6992,2,1727265
207147296,GʻAYRAT,6728,3,1727250
202938454,MITAN,6732,4,1727250
207147082,TARAQQIYOT,10468,4,1727250
202760844,SOURTEPA,5876,2,1722226
202694998,MINGCHINOR,5228,3,1722201
202493361,SAYRAK,5234,3,1722201
202712483,PAXLAVON,5233,3,1722201
202511647,KATTA VAXSHIVOR,5242,4,1722201
202493322,QORLIQ,5245,4,1722201
202649632,NODIRABEGIM,5665,1,1722217
203664511,DEXIBOLO,5292,1,1722204
202671267,PULXOKIM,5295,1,1722204
202659819,TEMIR DARVOZA,5313,3,1722204
203665613,MUSTAQILLIK,5322,4,1722204
202671339,CHORCHINOR,5327,4,1722204
202671354,OBI,5323,4,1722204
202777743,GʻURJAK-2,5804,1,1722223
202688276,XONJIZASI,10925,1,1722217
202649704,DOʻSTLIK,5661,1,1722217
202301346,JALOL IKROMIY ,1850,2,1706401
204103091,GULSHAN,1861,3,1706401
202325846,XOʻJA GUNJORIY,1869,3,1706401
203369119,RAZZOQ XAMRAYEV,1866,3,1706401
204842463,ABDULHOLIQ GʻIJDUVONIY,1875,4,1706401
202873799,QORASAROY,10772,2,1726280
202800255,GURUCHARIQ,10770,2,1726280
202884509,OLTINSOY,9125,2,1726280
202908927,QICHQIRIQ,9126,2,1726280
202908934,TARAQQIYOT,9128,2,1726280
202886806,MISKIN,9129,2,1726280
202908831,IBROHIM-OTA,9132,2,1726280
202694372,DARXON,8999,3,1726269
202694128,SHAHRIOBOD,9013,4,1726269
202294997,FERUZA,9011,4,1726269
202694135,NAVNIXOL,9010,4,1726269
202694293,BOGʻIMAYDON,9009,4,1726269
202694246,SAYRAM,9008,4,1726269
202845516,OLIMLAR,9003,4,1726269
202920344,ILTIFOT,9285,1,1726290
202586847,BIRLASHGAN,9290,1,1726290
202920336,PARVOZ,9291,1,1726290
203240367,PASTKI YAKKATUT,7498,1,1730215
203236133,BESHKAPA,7500,1,1730215
202968101,YUQORI TOVUL,7505,1,1730215
203253263,YANGI QASHQAR,7508,1,1730215
202770033,BOGʻ,9708,1,1714365
201575710,KOʻKBULOQ,2309,2,1710220
203399374,BOGʻI SAFED,5007,2,1718401
202769870,CHINOR,10275,4,1714401
202366756,QORASUV,9912,1,1726273
202866506,OʻYMOVUT,4516,4,1718224
202685914,MUSTAQILLIK,4531,1,1718227
203936529,XOʻJA AHROR VALI,5061,2,1718401
202950061,MASHʻAL,5117,3,1718401
202948656,QARSHI YOʻLI,10341,3,1718401
207273204,KIYET,126,1,1735215
203029635,MONSHAQLI,140,2,1735215
202372647,MIROBOD,9045,3,1726273
202700965,QUYI DARXON,10699,3,1726262
202410829,KOKʻSAROY,10697,3,1726262
202570678,SHARQ GULI,10606,4,1726262
202914191,XURSHID,10599,4,1726262
203553357,QILICHBOY,23,2,1735204
207027270,AQ OTAW,9888,3,1735401
205211345,JIYDELI BAYSIN,10883,4,1735401
204764759,OʻZBEKISTON,1370,1,1706204
204378984,GʻANCHI CHANDIR,1386,3,1706204
203599806,SOXIBKOR,3532,2,1714219
203310944,EKIN-TIKIN,508,1,1703203
202782793,TASMACHI,3240,4,1712251
202911118,ESKIQOʻRGʻON,1188,2,1703232
201301315,ZAMONDOSH,8661,2,1733230
202724247,NAVBAXOR,10203,1,1718406
204895184,GʻAREZSIZLIK,10378,3,1735211
202802774,QUYASHLI,122,4,1735212
202831289,QARA-OY,220,3,1735230
202816599,MULIK,228,4,1735230
205901705,PASHENT-TAU,308,3,1735240
202665202,ABAT MAʻKAN,309,4,1735240
204759992,NURLI KELESHEK,197,1,1735228
203022186,KATTA TURK,7967,1,1730236
202724950,MEXNAT-ROXAT,5518,3,1722212
207082173,XALQOBOD,5572,2,1722214
203126602,ISTIQLOL,8010,4,1730236
202687239,YANGI QISHLOQ,5384,1,1722210
202694095,KAMOLOT,9015,4,1726269
203236164,GʻALCHA,7507,1,1730215
203278065,DOʻSTLIK,8066,3,1730242
303187785,QOʻSHQOʻRGʻON,6300,1,1727224
306239424,NURAFSHON ,9621,1,1727401
207227569,QUMBODOQ,8337,4,1733204
202798994,GULISTON,5803,1,1722223
202839554,ISTIQLOL,4120,4,1718203
206947164,YOSHLIK,5796,4,1722221
202910934,QOʻRGʻONCHA,1164,1,1703232
202694104,YALANGʻOCH,8986,2,1726269
203936504,ISTIQBOL,5027,2,1718401
202349784,BUYUK IPAK YOʻLI,5339,2,1722207
202914310,ALIXONTOʻRA SOGʻUNIY,10689,3,1726262
204764125,BOYQOZON,6674,2,1727249
202724784,YANGIARIQ,5501,2,1722212
202918194,TINCHLIK,7008,3,1727265
201832192,JAYHUN,10628,4,1735228
203119128,PUCHUGʻOY,7627,1,1730221
202388894,SOHIBKOR,2665,2,1710237
204011824,SOLIJONOBOD,7368,4,1730206
203441568,SHOʻRBOICHA,4724,2,1718233
302774855,NUROBOD,8586,3,1733223
203121696,AVVONA,2525,1,1710233
203003218,MARQAYUZ,1005,3,1703224
202799139,ZARABOGʻ,5805,1,1722223
203904267,TOSHRABOT,3074,3,1712230
204009287,SHAHARTEPA,7362,3,1730206
202827728,NOVKENT,7574,2,1730218
202813294,MIRSAID BAXROM,3121,4,1712234
202844747,UKRACH,4953,4,1718238
203220558,OʻZBEKISTON,3031,3,1712216
203511535,1-DAVRONBEK,8165,1,1730405
202753211,BOZORBOSHI,3320,4,1714204
205685784,BEGLAMISH,2684,1,1710240
202810211,PAXTAZOR -1,9997,3,1710401
202794271,DOʻSTLIK,9525,3,1708220
202930695,YURTDOSH,6033,1,1724226
203936156,QOʻSHBAQQOLI,5035,2,1718401
202893932,XIKMATLI,6071,1,1724231
306176274,YOSHLAR DIYORI,10191,1,1710235
200151069,7-IBRAT,8117,3,1730401
202405381,OQARIQ,8147,4,1730401
203505375,GULISTON,3196,2,1712251
206951477,NURAFSHON,2423,2,1710229
202668009,YANGIKENT,2244,3,1710207
202817178,CHULQUVAR,10000,3,1710401
203819775,XUROBOD,921,2,1703220
207043324,QASHQABULOQ,1968,2,1708209
202858239,ROXAT,8886,1,1726264
202957914,ESKI QALʻA,1594,1,1706230
203223861,SAYYOD,1605,2,1706230
205325796,OSIYO,1617,3,1706230
202957946,JIGʻACHI,1612,3,1706230
205217867,TASHABBUS,1628,4,1706230
203032277,MAXMUD TAROBIY,1837,1,1706401
203936243,YANGI XAYROBOD,5078,2,1718401
203640906,GALA OSIYO,5013,2,1718401
203936307,IBN SINO,5024,2,1718401
202277788,AL-XORAZMIY,9351,1,1726294
202287768,AZLARSOY,5587,4,1722214
202287744,MEXRABOD,5594,4,1722214
202760780,YALTI,5863,1,1722226
202760797,OLATEMIR,5855,1,1722226
202712429,MADANIYAT,5218,2,1722201
207063917,BARKAMOL AVLOD,5210,2,1722201
203702867,VARAXSHA,1859,3,1706401
203641643,PIRIDASTGIR,1865,3,1706401
203337799,SAYFIDDIN BAXORZIY,1884,4,1706401
203553372,XOLIMBEG,29,2,1735204
207168144,DURUNKI,34,3,1735204
203553340,QANGLI,9944,4,1735204
203935158,AYBUYIR,315,1,1735243
202866434,NAVROʻZ,4509,4,1718224
202650094, A NAVOIY,5703,4,1722217
202660043,ISTIQLOL,5731,2,1722220
202784521,XALQABOD,5740,3,1722220
202820698,GULIRAʻNO,5903,1,1722401
206986662,AMU-SOXILLARI,5916,3,1722401
203625789,BOʻSTON,5926,4,1722401
202299894,GULZOR,5252,1,1722202
201318238,KARVON,5267,2,1722202
202308984,FARAVON,5282,3,1722202
203264835,VORUX-DASHT,7511,1,1730215
203270758,KAPAYANGI,7513,1,1730215
202842813,TELOV,7527,2,1730215
202857746,SHAYTONKOʻL,7526,2,1730215
202854892,YANGI RAPQON,7524,2,1730215
304975564,RAPQON,7523,2,1730215
202687167,QOVUNLISOY,5373,1,1722210
203225012,MEHR OQIBAT,5375,1,1722210
202687412,FAYZLI,5417,2,1722210
202687340,YANGI ARIQ,5423,2,1722210
202687207,ELOBOD,5421,2,1722210
202687150,SHAXRINAV,5420,2,1722210
202687816,CHUNTOSH,5419,2,1722210
203411414,XO'JAKULSIN,5418,2,1722221
202687791,OʻRTA QISHLOQ,5416,2,1722210
202687579,OʻZGARISH,5415,2,1722210
202687784,OʻZBEKISTON,5414,2,1722210
202687981,BOBUR,5397,2,1722210
207146883,KULTEPA,6735,4,1727250
207147099,OQTOM,10467,4,1727250
308539105,YASHILTEPA,10996,4,1710240
309122711,MANGUYURT,10993,3,1710240
207320690,QOVUNCHI TEPA,10987,4,1727424
207320826,YANGIOBOD,10988,4,1727424
309074581,YANGIHAYOT,10989,4,1727424
202589201,YANGI-XAYOT,1281,1,1703401
202345308,OʻZBEGIM,1277,1,1703401
203285588,SOYBOʻYI,8055,2,1730242
204486280,BESHCHIQIR,8645,1,1733230
202702733,NAVBAHOR,4331,3,1718215
202713839,ZARQOʻRGʻON,4324,3,1718215
202702994,QOʻSHQOʻTON,4347,4,1718215
202839704,CHOR CHINOR,4900,4,1718236
202658012,MAZORTEPA,4891,4,1718236
203280223,CHOʻLIGULISTON,8060,3,1730242
203090104,YAKKA TUT,1154,4,1703230
204130756,BESHMAHALLA,1139,4,1703230
202575647,YUKSALISH,1354,2,1703408
202982362,POLVONTOSH,1038,1,1703227
203650774,NURLI KELAJAK,10354,3,1718401
202952984,ABU RAYXON BERUNIY,9432,4,1718401
203643577,XOʻJAGʻUNJOYISH,9469,4,1718401
203638510,NAVROʻZ,7918,2,1730233
304954882,ISFAYRAMSOY,8224,2,1730408
202742415,SAHOVAT,1317,3,1703401
202052633,KOʻKTEPA,4493,3,1718224
206957437,DEHQONOBOD,7715,3,1730224
202880119,MESIT,2401,1,1710229
207200832,YUQORIJIRMIZ,8465,2,1733217
202824185,QATOGʻON,7092,1,1727407
207237065,TUYOQLI,2022,3,1708212
207171158,UYGʻUR,6767,2,1727253
207113924,PALANDARA,2507,3,1710232
202944424,OʻZBEKISTON,6895,1,1727259
207211558,GULOBOD,6203,1,1727212
202436898,CHIGʻATOY,3813,3,1714236
202885482,XOʻJAOBOD,3478,2,1714216
202695885,GUZAR,3349,2,1714207
202586729,OʻRTA MASJID,9335,4,1726290
202800857,TALLI OZEK,178,2,1735222
205959269,QANGSHARTAL,56,1,1735207
202847244,DOʻSTLIK,73,3,1735207
203571249,ISTIQLOL,234,1,1735233
203577137,OTAYURT,10542,3,1735233
203567892,TINCHLIK,261,4,1735233
203112572,TOʻRTKOʻL,265,4,1735233
203093684,NAVOIY ,342,2,1735250
207138774,IXLOS,348,3,1735250
203093732,ALISHER NAVOIY,355,4,1735250
202780163,OBOD,267,1,1735236
202780076,QUMBIZ,284,3,1735236
202687998,BAHORISTON,5426,3,1722210
207143888,CHUQUROVUL,6795,3,1727253
302775671,OYDIN HAYOT,8561,1,1733223
202946248,BOʻSTON,7188,2,1727415
202689623,CHORBOGʻ,7634,1,1730221
206767246,MUXOMON,8559,4,1733220
202839522,BOZORJOY,4100,2,1718203
202405414,8-YOSHLAR,8116,3,1730401
203064578,BOGʻISHAMOL,3211,3,1712251
202701710,OʻRTA XONOBOD,3574,4,1714219
204490214,KOʻLIJABBOR,1492,1,1706215
205788316,SHOʻRCHA,1503,1,1706215
308812225,FARAVON,10991,3,1712401
207333460,YANGI AVLOD ,10997,2,1724212
207339753,XUSHNUD,10998,4,1726292
309047829,SHARQ,11001,4,1712244
201748803,BAXT,10990,3,1710240
202770444,QUYI ROVUSTON,9712,2,1714365
202695893,BOGʻ,3347,3,1714207
202770420,QUYI GʻIRVON,9711,4,1714365
203658375,YUQORI XOʻJASAXAT,4999,1,1718401
204354216,YANGI XAYOT,8554,4,1733220
202944377,JAMBUL,6951,4,1727259
202944163,XALQOBOD,6925,2,1727259
205933508,BOʻSTON,1635,2,1706232
205731015,YANGIOBOD,1671,3,1706240
202688799,YAKKABOGʻ,5890,3,1722226
204322549,KESAKLI,1394,4,1706204
302841273,QUMRABOD,8494,4,1733217
204170288,KOSARI,1457,2,1706212
203752838,BIBIONA,3885,4,1714237
202817794,KATTA YAYDOQ,3451,1,1714216
203158855,QUM QIYALI,7972,1,1730236
202679120,BOBUR,9266,4,1726287
202457800,MOHINUR,9289,1,1726290
202676078,TEPA NAYMANCHA,3626,3,1714224
207179953,OLTINKOʻL,8752,3,1733236
302841075,CHAKKA KOʻLI,8448,1,1733217
203383403,59-OLTIN VODIY,10016,4,1730405
202505115,VALIK,8243,4,1730408
203240374,BOʻSTON,7497,1,1730215
207228994,QATORTOL,1991,1,1708212
207237406,GʻOZGʻONTEPA,10879,2,1708212
203236140,ESHON,7501,1,1730215
202687357,DOʻSTLIK,5395,2,1722210
203270734,QIYALI,7496,1,1730215
202831296,BELTAW,213,2,1735230
204315184,SHARQGULI,5287,4,1722202
202316983,DEXQONOBOD,5341,2,1722207
202912227,ULUGʻBEK,6505,4,1727237
202139791,MEHRIBONLIK,3985,1,1714401
203936267,ABDULLA QAXXOR,5003,2,1718401
202683631,SUMALAK GUZARI,10273,4,1714401
305583459,BARKAMOL AVLOD,10260,4,1714401
202366684,ABDURAUF FITRAT,9939,1,1726273
202366788,LOLAZOR,10042,2,1726273
202052664,BUNYODKOR,4505,4,1718224
202706553,YANGI QISHLOQ,4544,1,1718227
202832968,POʻLATCHI,4536,1,1718227
203936346,XOJA ZUDMUROD,5066,2,1718401
203936425,SUZANGARON,5054,2,1718401
202979364,ILMOBOD,5105,3,1718401
202952921,AMIR TEMUR,5084,3,1718401
203029667,TALLIQ,128,1,1735215
203029628,QASHIʻ,138,2,1735215
202366850,SALAR,10062,2,1726273
202669576,YUQORI KARNON,3883,3,1714237
202558176,KOʻRKAMOBOD,10698,3,1726262
202914120,KATTA CHOʻPONOTA,8870,4,1726262
303774245,SHUHRAT,9353,1,1726294
202781921,OYBEK,9,1,1735204
203553364,DOʻRMAN,21,2,1735204
202844256,QOS-KOʻL,9877,3,1735401
207151554,TELEORAY,10885,4,1735401
203822401,KOʻL-CHOVDUR,1363,1,1706204
206833204,USMONSHAYX,1380,2,1706204
203628720,VODIY,3524,2,1714219
203833364,NAVBUR,5822,2,1722223
202286380,ADOLAT,564,1,1703206
203681769,JANNATMONAND,515,2,1703203
202286413,DARYO BOʻYI,568,1,1703206
202701703,YUQORI XONOBOD,3577,4,1714219
205933111,OGAHIY,8669,2,1733230
204992451,TARAQQIYOT,8677,3,1733230
202805485,BERDAX,95,1,1735211
202805454,QARAOʻZEK,10376,4,1735211
202724072,YERMACHIT,5165,1,1718406
202737389,BIRLASHGAN,1285,2,1703401
202716224,HAMKORLIK,1300,2,1703401
202671955,KENGASH,1291,2,1703401
202930553,XALQOBOD,6036,2,1724226
202715241,ISTIQLOL,6102,1,1724235
201286595,OQ OLTIN,10680,1,1710235
202807847,DOʻSTLIK ,2630,3,1710235
203122670,SAVRAK,6247,1,1727220
202766718,UYURCHI DAMKOʻL,3317,3,1714204
202702124,BARAKA,3931,3,1714242
202666976,RADIVON,3946,3,1714242
207041169,GAZNON,3954,4,1714242
203909552,NUROBOD,4984,1,1718401
207192495,SHIXBOGʻI,8728,4,1733233
202650450,OʻRTAYOP,8395,1,1733212
202934570,ULUGʻOBOD,6139,2,1724401
205664028,SARIOSIYO,1445,1,1706212
204167488,GULISTON,1455,2,1706212
204065250,XAYROBOD,1471,3,1706212
205663954,OʻZBAKON,1472,3,1706212
202660652,MAYDON,3833,1,1714237
207226292,QORABOGʻ,8303,1,1733204
207226317,YOSH OʻSMIR,8302,1,1733204
202706023,ISTIQBOL,3756,4,1714234
302916692,MADANIYAT RABOT,1414,2,1706207
205682045,KULONXONA,1426,3,1706207
204067969,SAXOVAT,1434,4,1706207
202994957,B.NAQSHBAND,1560,1,1706219
204790728,SORGUN,1574,3,1706219
202912210,CHINOR,6499,4,1727237
303213831,CHIN-MASCHIT,6833,1,1727256
204053622,XOʻJA,6835,1,1727256
206154503,YANGI HAYOT,2356,1,1710224
202922831,MUSTAQILLIK,5937,3,1724206
205206699,SHARQOBOD,6115,2,1724235
202702005,YANGIOBOD,3930,2,1714242
202702116,GʻAYRAT,3918,2,1714242
303328434,BOYOT,8700,1,1733233
303030830,OSTONA,8714,2,1733233
202308541,QODIR BAXSHI RAXIMOV,2255,1,1710212
202950900,GAVSHUN,1507,2,1706215
202802782,XALQABAD,119,4,1735212
207010239,GUZAR,10402,1,1735401
205170604,JAYXUN,368,1,1735401
207061104,GʻAʻREZSIZLIK,9889,3,1735401
205953127,AJINIYAZ,133,2,1735215
203029714,QIʻPSHAQ,157,4,1735215
204232580,MINGBULOQ,874,2,1703217
202906004,HAYOT,3254,1,1712401
203110385,ABDUBIY,1122,3,1703230
203639969,YUQORI TURKMAN,4744,3,1718233
204306757,DILKOR,1392,4,1706204
203569953,HAZORA,3096,1,1712234
203276360,SOYYONI,8072,4,1730242
203661057,ANGAROLMOS,4748,4,1718233
204587116,CHANDIR,1691,2,1706242
204836256,SHOʻROBOD,1748,2,1706246
203700901,GʻAYRAT,890,1,1703220
207187484,QADRIYAT,8409,2,1733212
204013164,NAYMANSAROY,2687,2,1710240
202829265,QAYROQI,3899,1,1714242
204398098,SHIXOBOD,8441,4,1733212
202990875,TOSHLOQ,1079,4,1703227
207311021,MOYTEPA,10388,1,1727228
203535520,JALOL-TEPA,6523,1,1727239
203650213,HAQIQAT,741,3,1703211
202830360,XOʻJA GUZAR,4877,3,1718236
203081502,NAYMAN,668,2,1703210
202817154,NURISTON,9986,3,1710401
202829542,AMIR TEMUR,4145,2,1718206
203003368,ELASH QIPCHOQ,1032,4,1703224
305177005,OQROVOT,1316,3,1703401
202737412,SHODLIK,1345,4,1703401
202960889,GULZOR,4475,2,1718224
202832169,OLMAZOR,4911,1,1718238
202868226,VORSIN,4921,2,1718238
206847415,BUYUK IPAK YOʻLI,1267,1,1703401
202700349,QOʻNGʻIROT,4201,2,1718209
200158952,MATQULOBOD,7380,1,1730209
202832714,JAGʻALBOYLI,4551,2,1718227
202911624,OBOD,6453,2,1727237
204114822,CHINOBOD,8629,3,1733226
202815458,SADACHA,3356,2,1714207
202668292,YANGIOBOD,2854,2,1710250
303185947,ALGʻABAS,6291,1,1727224
303209692,CHINOR,6310,2,1727224
304950643,NAVROʻZ,7416,3,1730209
203564485,CHOʻRINDI,7431,4,1730209
207191631,PAXTAKOR,7143,1,1727413
202890518,DOʻSTLIK,5970,3,1724212
202894471,NAVBAHOR,5980,4,1724212
202905131,ITTIFOQ,5989,2,1724216
202905417,DOʻSTLIK,5994,3,1724216
304977348,ODOQJONBOʻZ,2327,3,1710220
202902967,OBOD TURMUSH,9632,2,1727401
206986339,BIRLIK,7042,3,1727401
202773639,OLMALIQSOY,7051,1,1727404
202707719,IPAK YOʻLI,3505,1,1714219
207226206,GʻALABA,8331,3,1733204
207226070,YANGI QADAM,8327,3,1733204
204354287,AMUDARYO,8507,1,1733220
203819847,NORBOʻTA,938,3,1703220
200277204,ISTIQLOL,949,4,1703220
200277211,YANGI QOʻRGʻON,957,4,1703220
203103544,SEGAZA,1097,1,1703230
202832406,QORAGʻUPPA,4555,2,1718227
206841882,BIBISHIRIN,5298,2,1722204
203655435,SHIFOBULOQ,5318,3,1722204
203654531,ARIQ USTI,5320,4,1722204
202649617,YANGI-HAYOT,5676,1,1722217
202912306,NUROBOD,6502,4,1727237
202911949,TARNOV,6493,4,1727237
202701838,CHIGʻANOQ,3519,1,1714219
202770516,MIRISHKOR,3435,4,1714212
202854473,OLCHINTEPA,4104,2,1718203
204765535,TURON,4114,3,1718203
202842314,MIYONQOL,4122,4,1718203
202829764,OʻROQLI,4141,1,1718206
202578943,64-BARKAMOL,8105,2,1730401
202708075,XATIB QAHRAMON,5775,2,1722221
201066552,YANGI YOʻL,5776,2,1722221
202666027,XURSAND,5793,3,1722221
202815039,JALPAQ JAP,115,3,1735212
202969804,DAWQARA,214,2,1735230
301049467,DAWIT SAY,224,4,1735230
201011984,TAGʻJAP ,10776,2,1735240
202665226,SHAXTEMIR,314,4,1735240
202790396,QUSQANATAW,9955,2,1735209
302692049,TOʻK TAW,192,3,1735225
202586886,NODIRA,9287,1,1726290
201636199,BULOQBOSHI,7545,4,1730215
202985929,KATTA GANJIRAVON,7977,2,1730236
202724563,MATONAT,5529,4,1722212
202285232,XUJAMULKI,5560,1,1722214
203658423,YANGI HAYOT,5602,4,1722214
203067257,QUSHCHI,8016,1,1730238
203075255,POLVONTOSH,8041,4,1730238
202751468,M.XASANOV,7607,4,1730218
203638645,BOʻSTON ,7896,1,1730233
203633099,ULUGʻBEK,7931,3,1730233
203652273,OQBILOL ,7947,4,1730233
205074604,MEHR,2326,3,1710220
202671844,OʻZGARISH,1320,3,1703401
202727076,10-SON,1346,4,1703401
202893078,NAVBAXOR,4496,3,1718224
202871635,YUQORI BESHKAPA,7708,3,1730224
203471959,QOʻSHTOL,2060,2,1708218
206830667,XALQOBOD,2406,1,1710229
207201919,HILOL,8496,4,1733217
202846657,NURCHI,7095,1,1727407
202903245,42-SONLI X.A.YASSAVIY,7239,4,1727419
207193953,QOʻSHKOʻPRIK,1995,1,1708212
206845670,GULOBOD,6747,1,1727253
309042788,ARGʻIN SADA,6770,2,1727253
202677740,VARGANZA,2502,3,1710232
207179859,YUQORI BOSHQIR,8754,3,1733236
202944464,BAHOR,6894,1,1727424
202918219,OQIBAT,7002,3,1727265
207201356,EYVALEK,6197,1,1727212
202914216,SHOFAYZIBOGʻ,8826,1,1726262
202265834,NAVBAXOR,3820,4,1714236
206973196,OʻRIKZOR,3339,1,1714207
202706427,YORQINBOYCHEK,3708,1,1714234
202813634,MAJNUNTOL,3367,3,1714207
202308526,PAXTACHI,2271,2,1710212
202770190,TOʻSAR,3401,1,1714212
202132003,YANGI HAYOT,10280,4,1714401
202701419,BOGʻ KOʻCHA,3545,3,1714219
302825901,UYGʻURSOY,3573,4,1714219
206576072,ZARAFSHON,3828,1,1714237
202894456,OQCHANGAL,6120,3,1724235
202893964,ISLOMOBOD,10037,4,1724231
204081106,MIRZO ULUGʻBEK,6148,1,1724410
202904710,OQ OLTIN,6007,1,1724220
207170720,QOʻRIQTOM ,8726,3,1733233
206971057,KOʻXNASHAXAR,2607,4,1710234
202637093,MOJOR,10109,3,1718230
202637362,MIRZO ULUGʻBEK,10174,4,1718230
202668238,TATAR,2883,4,1710250
203053092,CHUMICH,2886,4,1710250
202675435,DOʻSTLIK,2584,2,1710234
207016830,ABDULLA AVLONIY,7076,3,1727404
202773614,XOʻJA AHMAD YASSAVIY,7078,4,1727404
207128114,BESH UY,8368,3,1733208
206109518,PAXTACHI,8379,4,1733208
207174819,UYGUR,8705,1,1733233
202944639,DOʻSTLIK,10426,3,1727415
202950330,BIRLIK,10430,4,1727415
305041182,SHOYXOʻJA,2355,1,1710224
203134394,RAXMATILLO,7989,3,1730236
203002804,YASHIK,8003,4,1730236
202845484,TOMOSHA,8013,1,1730238
203075342,NAVBAHOR,8018,2,1730238
207122240,DARXAN,6777,2,1727253
203609894,MINGTEPA,6784,3,1727253
203003605,LAGANDI,2360,2,1710224
201571194,YASHNOBOD,2596,3,1710234
202911386,FAYZ,6436,1,1727237
202911766,TURKISTON,6426,1,1727237
202911591,OʻRA TEPA,6461,2,1727237
202911609,DALIGUZAR,6460,2,1727237
202690386,BUNYODKOR,4964,1,1718401
202715534,ANXOR,4957,1,1718401
202710336,OʻZBEKISTON ,4992,1,1718401
202773607,NAVROʻZ,7084,4,1727404
202912456,MUSTAQILLIK,7160,2,1727413
310207337,DARSAN,15574,1,1735225
310207241,DIYXAN ARNA,15576,1,1735225
202938218,QIPCHOQ,6651,4,1727248
207065874,CHAKKALAR,8392,4,1733208
203042099,RAJABGARDI,7880,4,1730230
203330760,MUSTAQILLIK,3130,1,1712238
202950085,SAVALI,9463,4,1718401
203645621,MOTRID,9456,4,1718401
207172773,SHIRSHOLI,8721,3,1733233
202905052,TURON,5997,3,1724216
204354191,SHOVOT,8509,1,1733220
202681864,BOZORBOSHI,3632,4,1714224
302773975,MUSTAQILLIK,8598,3,1733223
204081138,ʻNUROBOD,6154,3,1724410
302866700,TORTUVLI,6180,3,1727206
202706363,UCHKOʻPRIK,3752,3,1714234
207301746,DAVLAT,10792,1,1708204
201748691,LANGAR,2717,2,1710242
207291278,OBOD MASKAN,9474,4,1718401
204006892,GʻISHTMON,7339,1,1730206
204078851,BESHPAXLAVON,487,1,1703203
202609697,IPAK YOʻLI,8270,2,1730412
204573893,YUKSALISH,2990,2,1712211
202824430,OLTINARIQ ,7559,1,1730218
200277132,NAVROʻZ,950,4,1703220
305082504,SEROB,2882,4,1710250
200709090,QOʻSHCHINOR,2848,2,1710250
202904759,YULDUZ,6011,1,1724220
202918416,CHUVALACHI,6970,1,1727265
203089919,TEGIRMONBOSHI,1098,1,1703230
200688894,KAT,2386,4,1710224
202944417,PISTALIK,6950,4,1727259
202702844,MUNDIYON,4296,1,1718215
202779756,ITTIFOQ,851,4,1703214
202047607,QADAMJO,10246,3,1714401
202832889,TOʻRT AYGʻIR,4622,4,1718227
203213881,ISLOMOBOD,556,4,1703203
305087544,YUKSALISH,977,1,1703224
201748810,MIRZATOʻP,2759,4,1710242
202924568,M.ULUGʻBEK,6059,4,1724228
203926714,SUVYULDUZ,440,1,1703202
206644938,QATAG'ON,7847,2,1730230
202673668,ZARBULOQ,4272,4,1718212
203368318,SANGIJUMAN,3239,4,1712251
202911061,YANGI CHEK,1171,1,1703232
202911172,QORAQOʻRGʻON,1177,2,1703232
203424896,39-AFROSIYOB,8136,4,1730401
203274048,BERUNIY,7275,1,1730203
203268591,TINCHLIK,7267,1,1730203
203268624,OʻZBEKISTON,7264,1,1730203
203268694,AZIMOBOD,7288,2,1730203
201976117,TOVUL,7503,1,1730215
200108024,QORABOGʻ,3778,1,1714236
203689456,BOBUR,1922,3,1708201
202817881,ZARBDOR,3448,1,1714216
202694357,M.ISMOILIY,9001,3,1726269
203701053,BIRLASHGAN,888,1,1703220
207301722,TEMIRQADAM,10793,2,1708204
202915680,XADRA,10831,2,1726277
303794119,KAMOLON DARVOZA,10609,4,1726277
203937012,KOʻK MASJID,5030,2,1718401
203936188,NAMOZGOH,5043,2,1718401
204250354,BOGʻIMAYDON,5010,2,1718401
203936780,DAHBEDIY,5019,2,1718401
203623815,DEXQONOBOD,3653,1,1714229
203284240,HAMID OLIMJON,1858,2,1706401
202301425,IMOM AL-BUXORIY,1852,2,1706401
202889754,CHORBAXOSSA,1871,3,1706401
202301314,JOʻBOR,1862,3,1706401
202777688,SHAROF RASHIDOV,5735,2,1722220
202695054,GULBAHOR,5736,3,1722220
202671512,GULISTON,5743,4,1722220
202767257,BOGʻZOR,5901,1,1722401
202911956,BALIQCHI,6496,4,1727237
202823693,MUSTAQQILLIK,3987,1,1714365
203332648,GULSHAN,2292,1,1710220
207205714,NAVOIY,2318,3,1710220
202832912,SHAROF RASHIDOV,4543,1,1718227
202900424,OʻTARCHI,4540,1,1718227
202652528,GOʻZALKENT,4526,1,1718227
203936322,XOJA DONIYOR,5065,2,1718401
203937029,FIDOYILAR,5059,2,1718401
303800441,TEPAQOʻRGʻON,8842,2,1726262
202914169,ISTIROXAT,10604,4,1726262
202915824,KATTA JARARIQ,9738,1,1726277
204516148,XAKIM ATA,176,1,1735222
202800872,DOSLIQ,183,4,1735222
202847196,QIYAT,57,1,1735207
200937465,QIZILQALʻA,75,3,1735207
203841576,MAXTUMQULI,76,3,1735207
202847283,BUNYODKOR,80,4,1735207
203571232,O`ZBEKISTON OFY,243,2,1735233
201236467,BOG-YOP,246,3,1735233
203488628,MARKAZOBOD,260,4,1735233
203093645,QIRQQIZOBOD,332,1,1735250
207138806,YANGI OʻZBEKISTON,336,1,1735250
207138781,PAXTACHI,352,3,1735250
207138814,AYOZQALʻA,362,4,1735250
202780170,TINISHLIQ,280,2,1735236
202780266,JANA JAP,289,4,1735236
202688711,JARQISHLOQ,5882,3,1722226
202687586,ZAHARTEPA,5429,3,1722210
202687942,SANOATCHILIK,5470,4,1722210
202947396,TOZA BOGʻ,8792,3,1733401
202862234,OYDIN,7124,2,1727249
202903048,BIRLIK,6396,2,1727233
202944528,MADANIYAT,6902,1,1727259
203119261,MIRZAXOʻJA,7638,2,1730221
204011760,KATTABOLTAKOʻL,7345,2,1730206
202639842,CHORVADOR,4798,4,1718235
204529241,QOZIKENTI,1740,2,1706246
202893917,AXILLIK,6072,2,1724231
206628441,SHUKRONA,8553,4,1733220
203819934,DEHQONCHEK,926,3,1703220
203440506,15-FURQAT,8119,3,1730401
201351547,CHINOBOD,3244,4,1712251
202701932,ISKOVUT,3547,3,1714219
201582419,DEHQONOBOD,2268,2,1710212
202770452,KOʻL BOʻYI,3422,3,1714212
203936228,AFROSIYOB,5004,2,1718401
206832237,KOʻSHK,1493,1,1706215
204495524,VAZIRSHOX,1486,1,1706215
202950860,POZAGARI,1515,2,1706215
205808645,CHOʻGʻALON,1522,2,1706215
202951685,SARMANBAYKOL,326,4,1735243
205170595,NAWRIZ,375,1,1735401
203818397,TASHISTI,11003,1,1726290
202975884,MUSTAQILLIK,1754,3,1706246
204529202,JONDOR,1765,4,1706246
204068112,KOʻCHKOʻMAR,1403,1,1706207
204068033,GALA OSIYO,1401,1,1706207
201716462,UZUNKOʻL,8675,3,1733230
303187746,BOLODALA,6336,4,1727224
203667562,UZUMZOR,6574,1,1727248
203658684,BOTANIKA,6565,1,1727248
202894005,ILGʻOR,6083,3,1724231
202873023,BUNYODKOR,2068,3,1708218
302777542,ILGʻOR,8566,1,1733223
302780342,PAXTAGUL,8567,1,1733223
302776385,NAVROʻZ,8584,2,1733223
302810969,YANGILANISH,8596,3,1733223
303244445,QIYOMSHAYEX,2804,3,1710245
202705910,KOʻPRIKBOSHI,3745,3,1714234
202810464,UCHQOʻRGʻON,3385,4,1714207
203084370,PAXTALISOY,2690,2,1710240
201748644,JAR,2711,2,1710242
203084348,NAVRUZ,2718,2,1710242
204119024,GʻELON,2817,4,1710245
202650428,NAVBAHOR,9543,3,1733221
302778343,YOSH KUCH,8611,4,1733223
202985097,OYBEK,6625,3,1727248
205971674,MUSTAQILLIK,2375,3,1710224
203093804,ZAFAR,2529,1,1710233
200701783,MIRISHKOR,2534,1,1710233
202890446,SARMICH,5963,2,1724212
202837715,BOLGʻALI,4437,4,1718218
202727266,NARPAY,4443,4,1718218
203020348,ALISHER NAVOIY,4434,4,1718218
202637290,KOʻRPA,9929,1,1718230
206826124,CHORGUSHA,10079,2,1718230
202944187,IFTIXOR,6932,3,1727259
203038822,DARXON,2857,3,1710250
200708948,QISHLIQ,2860,3,1710250
205373556,SHAR-SHARBOGʻOT,2870,3,1710250
204201778,NURAFSHON,6638,3,1727248
202938233,OLMAZOR,6652,4,1727248
201901866,NUROBOD,8343,1,1733208
308446245,DOʻSTLIK,15547,1,1710250
309336594,NIHOL,15553,1,1708218
309338236,FAROVON,15554,1,1708218
305974747,OBOD TOʻQIMACHI,15558,1,1727237
303277325,EHTIROM,6868,3,1727256
204503014,PULATCHI,4789,3,1718235
202844937,MIRZO ULUGʻBEK,4494,3,1718224
202820484,OʻROQBOYJAR,4819,1,1718236
202871864,ZOXIDON KFY,7694,2,1730224
202701853,KENAGAS,3508,1,1714219
202701473,POP,3531,2,1714219
202701766,CHORTOQ,3558,3,1714219
203087098,BAYNALMINAL,664,2,1703210
202799043,POSHXURT,5809,1,1722223
202843795,GULCHINOR,5817,2,1722223
202777839,NURTEPA,5834,3,1722223
203682989,TOSHLOQ,531,2,1703203
203057941,TOʻRAOBOD,1252,3,1703236
202853324,DALVARZIN,431,1,1703202
202286476,BOTIR,613,4,1703206
202950204,ZIYOKORLAR,9445,4,1718401
202948624,BOGʻBONLAR,9437,4,1718401
202724096,MIYONKOL,5180,2,1718406
202682704,XURSANDLIK,1342,4,1703401
201748669,DAM ,2730,3,1710242
203637994,TOSHGUZAR,2218,1,1710207
202267863,AERODROM,10502,4,1710212
202810171,XARAMJUY,2902,1,1710401
203042050,OQMACHIT,7839,1,1730230
207067056,MIRZO ULUGʻBEK,3073,3,1712230
204013932,DOʻSTLIK ,7375,4,1730206
203683117,QUM KOʻCHA,521,2,1703203
202820516,ALGAR,4799,1,1718236
202977218,Q U SH CH I,1046,1,1703227
202995551,BARHAYOT,1060,3,1703227
202871857,BOGʻISTON,7713,3,1730224
202853253,ORS,438,1,1703202
207108272,MERGAN,7665,4,1730221
203041764,BEGOBOD,7825,1,1730230
202652614,XALQOBOD,4233,1,1718212
202673644,CHAGʻATOY,4253,2,1718212
204025964,LOYSON,7364,3,1730206
201170574,NAVROʻZ,1331,4,1703401
303801227,HAMDOʻST,8869,4,1726262
202701584,MIRISHKOR,3529,2,1714219
202799107,CHUQURKOʻL,5826,2,1722223
202724215,QORIRAVOT,5179,2,1718406
207257516,ZIYOKOR,6582,1,1727248
202894511,SOVOTOBOD,5982,4,1724212
304980377,NAYZAQAYRAGʻOCH,1332,4,1703401
204960199,ESIMOʻZEK,106,4,1735211
203078884,YUQORI ZARQAYNAR,7548,4,1730215
203147196,SANAM,7985,2,1730236
202741836,GOʻZAL,7604,4,1730218
203394967,GULISTON,7764,4,1730226
206961536,BARQAROR HAMJIHATLIK,7892,1,1730233
203634334,SHIFOKOR,7939,3,1730233
202951321,XAMID OLIMJON,8216,1,1730408
304978149,QORASUV,2964,2,1710405
205419457,BOBODEHQON,8470,2,1733217
304092359,GʻALABA,8493,4,1733217
207209882,OʻZBEKISTON,6229,4,1727212
202923695,7-SONLI MURUVVAT,7209,2,1727419
207147676,DIYDOR,7029,4,1727265
202908809,ALLON,9162,4,1726280
202879814,BOGʻ,3803,3,1714236
202874489,BOGʻISTON,3817,4,1714236
202847275,BIRLIK,62,2,1735207
204502617,YANGI-OBOD,79,3,1735207
205054976,IBN-SINO,81,4,1735207
203581125,KOʻNA TOʻRTKOʻL,10516,1,1735233
202780227,NAVROʻZ,270,1,1735236
202780234,SARICHUNGIL,278,2,1735236
202780187,QIRQINSHI,286,3,1735236
202780259,MADANIYAT,290,4,1735236
202838129,TARAQQIYOT,7136,4,1727407
207255391,BESHKENT,6416,4,1727233
305038715,NAVBAHOR,2519,4,1710232
202689583,OQSUV,7649,3,1730221
204022161,BALAND MASJID,7350,2,1730206
202867909,MAYDAYOBU,2436,3,1710229
202701759,YANGI XOʻJAOBOD,3561,3,1714219
207144744,BOʻSTON,2266,2,1710212
207151561,DOSLIQ GUZARI,383,2,1735401
202838800,BAQSHILIQ,9886,3,1735401
203284233,KOʻKSAROY,1880,4,1706401
207148872,KOʻKDARYA,143,3,1735215
206829666,AZATLIQ,159,4,1735215
206823034,OʻZBEKISTON,876,2,1703217
203003043,OLAQANOT,990,2,1703224
202906035,JANUBIY,3249,1,1712401
205619209,BIRLASHGAN,1123,3,1703230
202850581,BOʻSTON,7816,4,1730227
203822354,XIDREYLI,1389,3,1706204
204043096,ARABXONA,1581,1,1706230
202878546,MALLAISHAYX,1587,1,1706230
203569859,ALLON,3098,2,1712234
202820531,GʻOʻSLIK,4884,4,1718236
202429669,24-SHAKAR QISHLOQ,8082,1,1730401
202844668,TARAQQIYOT,4912,1,1718238
202914746,TEMIRYOʻLCHI,1908,3,1706403
204529194,OQTEPA,1731,1,1706246
302894216,CHOʻLIGULISTON,2123,1,1708225
203819815,YANGI OBOD,923,2,1703220
207107701,BARATLAR,8429,3,1733212
202839159,MUGʻJAGUL,2457,4,1710229
303244414,LOLISTON,2805,3,1710245
206946878,NOV,3905,1,1714242
207153377,OGAXIY,8713,2,1733233
203569731,YANGI ARIQ,3125,4,1712234
202977225,OʻQCHI,1057,2,1703227
202286516,ZAXKASH,615,4,1703206
202396799,NUROBOD,2679,4,1710237
202678375,BESHKAPA,6362,3,1727228
202766678,CHORDONA,3328,4,1714204
203660747,TOSHLOQ ,738,3,1703211
204232637,TOʻRT TOL,886,4,1703217
202995496,FAROVON,660,1,1703210
202830345,QAYNARBULOQ,4833,2,1718236
202818263,BESHKON,4827,2,1718236
302776393,OLCHIN,8577,2,1733223
203826744,QIZIL TOʻQAY,931,3,1703220
202850384,ZARKENT,7783,2,1730227
204580205,BOGʻI-MIRZO,5006,2,1718401
202797609,ISHONCH,8357,2,1733208
202518787,KAPTARXONA,8804,1,1733406
202574846,GAZCHI,8820,4,1733406
207273663,TURKISTON,7245,1,1727424
303485185,ASHISAY,6297,1,1727224
203936955,KULOLLAR,5031,2,1718401
202593847,BOBUR,1788,2,1706258
200688910,OʻZBEKISTON MUSTAQILLIGI,2366,2,1710224
204486305,TUPROQQALʻA,8692,4,1733230
202706119,NAVOIY,3760,4,1714234
202766740,QIZILQUM,3293,1,1714204
202745632,MULKOBOD,3309,2,1714204
203097196,FAYZABOD,2377,3,1710224
202868320,OLTIOʻGʻIL,4405,1,1718218
202884129,OʻZBEKISTON,4410,1,1718218
202727259,OʻZBEKKENTI,4420,2,1718218
202866331,YANGIOBOD,4425,3,1718218
303188056,ISTIQLOL,6845,2,1727256
204055595,YOSHLIK,6864,3,1727256
202832080,SHOYON,3838,1,1714237
207111999,SAMARQAND,6887,1,1727259
202944194,XONQOʻRGʻON,6923,2,1727259
207186486,SHOʻRKOʻL,8631,3,1733226
202946224,IFTIXOR,6589,2,1727248
207294542,AMIROBOD,1528,3,1706215
201575742,YORTEPA,2332,4,1710220
202810472,NAVBAHOR,3369,3,1714207
202813570,SHIRINBULOQ,3388,4,1714207
202586815,A.YASSAVIY,9972,3,1726290
202294087,XOʻJA QISHLOQ,5570,2,1722214
202335399,GʻALABA,5575,3,1722214
202906684,XASANBOY,8900,1,1726266
205714336,SEVINCH,8919,2,1726266
202906755,MATONAT,8929,3,1726266
202861877,ARABXONA,2395,1,1710229
202875684,OʻRTA OBRON,2404,1,1710229
207120766,TOSHKOʻPRIK,2427,2,1710229
202667999,CHUGURTMA,2220,1,1710207
204644733,OBOD,3716,1,1714234
202800611,NORIN,3731,2,1714234
202706094,BAXT,3734,2,1714234
202832818,BOGʻANALI,4604,4,1718227
203681713,KENGASH,9701,4,1703203
202673715,QAYIRMA ,4274,4,1718212
207138505,BOYTOʻP,4356,1,1718216
203257313,KOʻLBOʻYI,7298,2,1730203
202828361,ISTIQLOL,685,4,1703210
203843637,NAMUNA,704,1,1703211
204080978,TOMDIBULOQ,3158,1,1712244
203942592,DOʻSTLIK,3166,1,1712248
206855342,MUSTAQILIK 15 YILLIGI,9574,1,1703209
202847497,MADYARCHEK,10625,3,1703202
202756365,CHEKYOR,776,1,1703214
202756175,BOYMAHALLA,811,3,1703214
202723984,YAKKABOGʻ,5197,4,1718406
203643538,BOʻZI,4688,1,1718233
204112983,MANGʻITOBOD,4614,4,1718227
205971801,BOLALIK,7583,2,1730218
202824390,DEHQONOBOD,7602,3,1730218
202847480,XONDIBOGʻI,481,4,1703202
202694468,BERUNIY,962,1,1703224
207293948,NAYMANSOY,10470,2,1730230
202654041,BAXRIN,4255,3,1718212
202818176,YUQORI QAYROQLI,4821,1,1718236
203942506,QIRQQULOCH,2617,1,1710235
203384299,15-MISGARLIK,8174,2,1730405
203272683,USMONOBOD,7281,2,1730203
202844786,RAVOT,4950,4,1718238
203700957,XOʻJATEPA,904,1,1703220
202813144,DEHQON,3108,3,1712234
202813247,ZIYOKOR,3117,4,1712234
202286319,OBOD TURMUSH,578,1,1703206
202639906,OQSOY,4767,1,1718235
206994874,DOʻSTLIK,4775,2,1718235
202694887,NAYMAN,4212,3,1718209
202609720,TERAK-TAGI,8283,3,1730412
202559451,BURHONIDDIN MARGʻILONIY,8291,4,1730412
205957176,TOʻLQIN,1117,2,1703230
202818287,QORATEPA,4837,2,1718236
202830392,CHUMCHUQLI,4879,3,1718236
202810243,ISTIQLOL,2908,2,1710401
202692866,NURAFSHON,9765,2,1714401
202700181,FAROVON,10254,3,1714401
202770437,QOʻQON QISHLOQ,3409,2,1714212
202030139,JEKE TEREK,369,1,1735401
202170494,TASLAQ,388,2,1735401
306882458,ATA MÁKAN,3,2,1735401
202838792,SHAYIRLAR AWILI,9869,3,1735401
205666364,MIRVOSHI,1442,1,1706212
203388578,OʻRTA TURKMAN,4740,3,1718233
203645684,YANGIRAVOT,4747,3,1718233
203270765,ANDARXON,15923,1,1730215
202959760,ZARAFSHON,1583,1,1706230
203046457,OYDIN,1730,1,1706246
202678146,KALVAK,3585,1,1714224
202673399,HAMID OLIMJON,3611,2,1714224
202803551,IKROM KARVON,3181,1,1712251
202987782,ROHAT,1078,4,1703227
202652582,SAFOXOʻJA ,4230,1,1718212
202678344,QOʻCHQORSOʻYGAN,6357,2,1727228
202909410,GULISTON,6515,1,1727239
202817201,BOGʻISHAMOL,2932,4,1710401
202911196,PAYNOB,1198,3,1703232
202829811,ESONTURDI,4158,2,1718206
202850305,GUZARBOSHI,7778,1,1730227
202938312,QOʻSHSHUKUR,6656,1,1727249
202832152,NURONIY,4910,1,1718238
202832191,DOʻSTLIK,4908,1,1718238
202832184,MADANIYAT,4924,2,1718238
207018076,OQMACHIT,2276,3,1710212
202832746,YANGI SANOAT,4574,2,1718227
202792457,ISHCHILAR SHAHARCHASI,7249,2,1727424
202911694,YANGI-XAYOT,6443,1,1727237
202679595,YUMALOQ TEPA,3951,3,1714242
204738045,MILTIQCHI,3040,4,1712216
202689608,GʻOZI-GʻIJDON,7639,2,1730221
202689630,OLTIN VODIY,7650,3,1730221
202948688,NURLI YOʻL,9457,4,1718401
203030493,YUQORI BESHRABOT,3054,1,1712230
202930624,BOʻSTON,6043,4,1724226
202894574,FARXOD,6114,2,1724235
202874647,XUSNOBOD,6128,4,1724235
203058093,YUKSALISH,1232,1,1703236
203003336,MIRZAOBOD,1022,4,1703224
204006900,QIYQI,7331,1,1730206
204005048,QIZILARIQ,7343,1,1730206
202681405,OBOD,1315,3,1703401
202681437,GʻAYRAT,1305,3,1703401
202879663,TOXIRSHAYX,4467,1,1718224
206984998,QIRQOVUL,4479,2,1718224
206671114,BAHOR,4472,2,1718224
202895787,OʻZBEKISTON,4913,1,1718238
202844762,QOʻSHCHINOR,4923,2,1718238
200189487,ELCHI,7873,3,1730230
203041836,DASHT CHOʻLPON,7866,3,1730230
205293213,PISTAMOZOR,1274,1,1703401
202778464,CHOʻMBOGʻISH,7452,1,1730212
202709145,JURIYAT,4186,1,1718209
202709081,QOʻRGʻONSALOMON,4211,3,1718209
203561284,QIRQVOLIDA,7388,1,1730209
203514619,TALIBARZU POYON,4720,2,1718233
202911402,GULZOR,9649,1,1727237
202912274,OYBEK,6463,2,1727237
202715581,QANDIYON,3956,4,1714242
204104114,GULSHAN,8618,1,1733226
204099382,ARVIK,8633,3,1733226
202833451,OBOD,6633,3,1727248
207128802,DOʻSTLIK BOGʻI,8361,2,1733208
200010045,MURUNTAU,3276,1,1712408
204738156,GULBOGʻ,3026,3,1712216
203659374,AVAZSOY,3126,1,1712238
203119285,BESHKAPA,7637,2,1730221
203119032,KICHIK KENAGAS,7648,3,1730221
202829494,NAVBAXOR,4167,3,1718206
203247261,YANGICHEK,7260,1,1730203
202685074,QARMISH,8730,4,1733233
207225753,ASHXOBOD,8333,4,1733204
206628434,SANOAT,8532,2,1733220
202675902,KATTA QURAMA,3638,4,1714224
203030422,SOVUNGAR,3065,2,1712230
202680976,TINCHLIK,6104,1,1724235
202894464,OʻZBEKISTON TOʻKINCHILIGI,6122,3,1724235
202926730,S.SEGIZBAEV,10644,4,1727206
202705934,TURKISTON,3732,2,1714234
202706370,PAXTACHI,3750,3,1714234
202678423,KOʻK OROL,6372,4,1727228
202921825,OQ OVUL,6517,1,1727239
202909427,NAVOIY,6516,1,1727239
203546293,YANGIOBOD,9402,2,1727239
202950845,QOʻRGʻON,1548,4,1706215
202951005,SARDOR,1554,4,1706215
205876903,GʻULOMTE,1776,1,1706258
202848345,SHODLIK,1798,2,1706258
202685423,BOBUR,1894,1,1706403
205007305,SHAVGON,1650,1,1706240
202952637,BOGʻIMUSO,1672,4,1706240
202921864,ZEBUNISO,6587,2,1727248
203025618,NAVBAHOR,1632,1,1706232
204065204,BOZORJOYI,1477,4,1706212
205015762,OBIDXOʻJA,1644,1,1706240
201432492,SAMARQAND-QUDUQ,2030,4,1708212
202886860,GULSHAN,2058,2,1708218
202943283,OʻZBEKISTON,2075,3,1708218
206949730,NURLI YOʻL,7165,3,1727413
302866692,YOSHLIK,6165,1,1727206
302866130,MADANIYAT,6174,2,1727206
302866123,HAMID OLIMJON,6182,3,1727206
206844094,FAZLI,2672,3,1710237
202877904,SARYUZ,6286,4,1727220
202678597,DOʻSTLIK,10405,1,1727228
202678312,YANGIOBOD,6358,2,1727228
205030509,DEYCHA,1653,2,1706240
203064886,QORAQALPOQ,1665,3,1706240
205784227,ROSTGOʻY,1535,3,1706215
203875842,ZARAFSHON,1766,4,1706246
204068025,DOʻSTLIK,1402,1,1706207
202817960,CHUSTNON-DOʻSTLAROBOD,3893,4,1714237
202661635,BOYAGʻON,3651,1,1714229
202659106,ISLOMOBOD,3669,2,1714229
202659422,SHAFTOLI,3685,3,1714229
207310664,YANGI ASR,10905,1,1730233
203638574,OʻRTA QISHLOQ ,7911,2,1730233
203632947,SHARQ HAQIQATI,7933,3,1730233
203632979,DEXQONOBOD,7946,3,1730233
202067258,YANGIQAZGʻAN,2996,4,1712211
203683038,YANGIOBOD,547,3,1703203
203681705,SADDATAGI,9706,4,1703203
203043216,QIZILOY,3050,1,1712230
202286491,CHINOBOD,616,4,1703206
202801064,BOʻSTON,754,1,1703214
202547284,YOʻRMADUZ,8251,1,1730412
202656799,YOVQOCHAR,8268,2,1730412
202132010,MARGʻILON,10248,3,1714401
202832438,TOʻQBOY,4595,3,1718227
202849716,PARCHAYUZ,6258,2,1727220
302866574,QOʻRGʻONTEPA,6170,1,1727206
202781218,YUQORI MANGʻIT,7483,4,1730212
203118975,BEGMUROD,7623,1,1730221
204738014,GʻOYIBON,3037,4,1712216
202702883,YOVI,4288,1,1718215
202702890,VAYROT,4286,1,1718215
202730984,QIYOT,4307,2,1718215
202734005,MULLAKURPA,4310,2,1718215
202834284,DOʻSTLIK,7818,4,1730227
305355069,YANGIOBOD,8052,1,1730242
202778299,XOʻJAOʻLDI,7454,2,1730212
203003264,QIPCHOQ,985,2,1703224
203080170,TERAKTAGI,1151,4,1703230
203654967,YANGITURMUSH,3145,3,1712238
202668110,OBOD,2239,3,1710207
203091269,CHINOQ,10685,3,1718216
203091165,NAVKAT,4378,3,1718216
203091141,PICHOT,10656,4,1718216
203643735,QAYNAMA,4731,3,1718233
204080409,KOʻKALAM ,733,3,1703211
202720466,ARAB,7460,2,1730212
202778228,QORAQUM,7476,3,1730212
202822956,VATAN,3257,2,1712401
203564256,OBOD,8148,1,1730405
203454432,21-GʻALCHASOY,8172,2,1730405
202892245,XOSA,4470,1,1718224
200158991,BAGʻDOD,7397,2,1730209
203564439,CHOʻL YUNUS,7417,3,1730209
203942617,KOKPATAS,3171,2,1712248
203041740,ABDURAXMON JOMIY,7864,3,1730230
203417635,GULZOR,2999,1,1712216
203002979,ERGASHOBOD,1016,3,1703224
202132027,AXSIKENT,3994,2,1714367
206989706,MIRISHKOR,6909,2,1727259
202668245,MUSTAQILLIK,2863,3,1710250
202675450,GEOLOG,2572,1,1710234
303267725,BIRLIK,6303,2,1727224
202766733,ALAMI,3289,1,1714204
202745656,OʻZGARISH,3310,2,1714204
202883858,GULISTON,8818,3,1733406
303267740,S.XONDOYLIQIY,6325,3,1727224
202912013,CHORBOGʻ,6481,3,1727237
202824351,MUSTAQILLIK,7591,3,1730218
203213803,YANGI TOʻLQIN,563,4,1703203
202881149,OʻRTA ARIQ,472,3,1703202
202718704,BIRLIK,964,1,1703224
202756151,KUYGAN-YOR,793,2,1703214
202756294,A NAVOIY,810,3,1703214
205309009,XAZARBOBO,4280,4,1718212
303213641,AXILLIK,6851,2,1727256
206970572,SARCHASHMA,2287,4,1710212
202701609,TEPAQOʻRGʻON,3533,2,1714219
202701537,MARGʻIZOR,3528,2,1714219
202701591,YANGICHEK,3543,2,1714219
203055374,YANGI FARGʻONA,1256,3,1703236
203057980,NISHOBBOʻYI,1250,3,1703236
203110393,SARQAMISH,1261,4,1703236
202867006,AYSHAXONUM,429,1,1703202
305003008,SARVONTEPA,1337,4,1703401
207253119,SOHIL,2741,3,1710242
207254314,YANGI DAM,2745,3,1710242
207160812,QIRGʻIZ,2735,3,1710242
203030399,QIZILRABOT,3070,3,1712230
203030461,NAVBAHOR,3082,4,1712230
204013900,FAYZ,7371,4,1730206
206627206,NAYMANBOʻSTON,7774,1,1730227
202871818,MEVAZOR,7689,2,1730224
202871611,JALAYER,7709,3,1730224
202871604,QOSHQAYRON,7714,3,1730224
207105450,SOʻXOBOD,7727,4,1730224
202673690,QUCHQOR QARSHIEV,4246,2,1718212
204013884,SHAKAR,7372,4,1730206
202828092,GULISTON,656,1,1703210
207337978,ALTIN JAGʻIS,11006,4,1735401
307168212,BOGʻARO,11008,3,1727404
307168631,MUSO JALIL,11009,3,1727404
307168917,SHAROF RASHIDOV,11010,4,1727404
307166666,BIRDAMLIK,11011,1,1727404
307167181,SHOSH-ILOQ,11012,2,1727404
307167048,TEMUR MALIK,11013,2,1727404
307168054,METALLURG,11014,2,1727404
307168853,ISLOM KARIMOV,11015,3,1727404
205657462,TOZA URUGʻ,9520,2,1708220
203084387,UMAKAY,2694,4,1710240
206976191,KOʻKTOSH,2714,2,1710242
203593839,TAMABAXRIN,3190,1,1712251
203003225,UNGUT,1028,4,1703224
202894314,BALANDCHAQIR,2171,2,1708237
202923782,BOY TOʻPI,1159,1,1703232
203055382,SHAXRIXONSOY,1235,1,1703236
202682300,VATAN,8256,1,1730412
202539864,TURON,8281,3,1730412
204580213,PARRANDACHILIK,4692,1,1718233
202430455,GULISTON,2994,4,1712211
203257265,UZUMCHI,7290,2,1730203
202286057,MARKAZ,605,3,1703206
202806168,QOʻSHCHINOR,3231,4,1712251
204513294,NUROBOD,6906,2,1727259
305067688,SHEROZI,2871,3,1710250
200708931,ESAT,2838,1,1710250
305161968,ISTIQBOL,2845,2,1710250
203322675,SULFAKABUTAK,4694,1,1718233
203649308,XAMZAOBOD,707,1,1703211
202904584,BIRLASHGAN,6026,4,1724220
202967048,HIYOBON,6979,1,1727265
200688927,GʻUBDIN,2342,1,1710224
203103536,XOʻJAOBOD,1099,1,1703230
202753149,NAYMAN,3299,1,1714204
203047186,XONOBOD,2393,4,1710224
202944392,BUNYODKOR,6945,4,1727259
204011469,ISTIQLOLNING 5 YILLIGI,6475,3,1727237
203268734,SERTUT,7305,3,1730203
203564399,MURUVVAT,7407,2,1730209
202734044,MELIXOʻJA,10288,3,1718215
206931644,NIYOZMUDIN,2351,1,1710224
202832492,TOʻRTTOM,4596,3,1718227
202961174,VATAN,10419,2,1727415
202726196,SHODLIK,6389,1,1727233
207255320,MEVAZOR,6397,2,1727233
202855131,ABAY,8892,3,1726264
202911995,YUQORI DARXON,9843,1,1726283
202660368,ZIYNAT,9169,1,1726283
207300430,YANGI UMID,9841,1,1726292
203021228,YOʻLDOSH,9183,2,1726292
202963440,SOY BOʻYI,8228,2,1730408
202760837,XURLIK,5877,2,1722226
202688688,OQQOʻRGʻON,5887,3,1722226
202760869,BOBUR,5881,3,1722226
202703810,A.NAVOIY,5894,4,1722226
202880269,TURON,2967,2,1710405
202436787,GʻALABA,2970,3,1710405
202902982,CHAQMOQ,6406,3,1727233
202990170,NURAFSHON ,1568,2,1706219
202830005,TORTUVLI,4408,1,1718218
202637022,QAYNARBULOQ,10089,2,1718230
202694816,MASJIDI QOʻNGʻIROQDOR,4976,1,1718401
204914199,NARVON,2152,2,1708235
200340688,UCHQULOCH,2167,4,1708235
202638986,QALIYA,2182,1,1708401
202638829,HAMID OLIMJON,10068,2,1708401
203632954,MARKAZ,7942,3,1730233
205414829,YUQORI GULSHAN,7929,3,1730233
203633082,FARGʻONA,7955,4,1730233
202951345,POLMON,8220,1,1730408
202955324,NAMUNA,8227,2,1730408
202944456,OBOD,6904,1,1727259
202677908,BASHIR,2499,3,1710232
202847268,PAXTAKOR,68,2,1735207
202844518,XONQOʻRGʻON,3358,2,1714207
202526287,OʻRTASAROY ,6797,4,1727253
202780242,MURTAZABIY,291,4,1735236
205211306,AQ JAGʻIS,412,4,1735401
203967807,BUNYODKOR,1390,4,1706204
205293957,PAXTAKOR,1603,2,1706230
205859528,NAVBAHOR,1809,3,1706258
207147107,MUROD-ALI,6717,1,1727250
202938447,LOLAARIQ,6727,3,1727250
207194556,KATTAQISHLOQ,2017,3,1708212
305890385,YANGI NAVBAXOR,11002,3,1727249
202912109,IZZATLI,15536,1,1726283
206965507,KATTA OQMACHIT,9858,2,1718216
202894528,XUJAMUSHKENT,2172,2,1708237
202916704,GULOBOD,6540,3,1727239
202730138,BIRLASHGAN,3319,4,1714204
204957081,17-SON DOʻSTLIK,1905,3,1706403
204103037,QALAYCHORBOGʻ,10626,1,1706242
203334193,ZARAFSHON,1699,3,1706242
202668048,CHANOQ,2233,2,1710207
203828979,YANGI CHEK,751,4,1703211
202860640,MINGTEPA,4860,3,1718236
202822932,MEʻMORLAR,9479,3,1712401
203569874,AZAMAT,3086,1,1712234
201528729,GULSHAN,8650,1,1733230
204936266,QUM - YOP,8663,2,1733230
303300233,OBIXAYOT,6869,4,1727256
202918234,ALISHER NAVOIY,6962,1,1727265
202810195,QURGʻONCHA,2936,4,1710401
202961665,XOʻJAXUROSON,2777,1,1710245
304977822,OBOD,10891,2,1710245
202922641,DUXCHI,2803,3,1710245
202861687,SAMARQAND,2131,1,1708228
202919343,SAROY,1938,1,1708204
202918470,MAʻRIFAT,6971,1,1727265
202967332,ULUGʻ YOʻL,10962,4,1724401
202890328,OZODLIK,5955,1,1724212
202962331,MIRZACHOʻL,6054,2,1724228
206947211,CHOʻMICHLI,2252,4,1710207
207152544,GULZOR,6281,3,1727220
202839166,LOLAZOR,2435,3,1710229
204779439,QOZOQLI,2454,4,1710229
202697123,FAYZIOBOD,3593,1,1714224
202940192,BOGʻZOR,2044,4,1708215
204628507,OʻBA,1707,3,1706242
204846347,IFTIXOR,1712,4,1706242
202975497,POʻLOTI,1742,2,1706246
202413769,KAT,9962,2,1710401
202822497,PAXTAZOR,9993,3,1710401
202790199,PAXTAKOR,3187,1,1712251
202823091,RIVOJ,689,4,1703210
203852207,KAPA,698,1,1703211
203649315,TOʻRACHEKI,705,1,1703211
205310404,XASANOBOD,722,2,1703211
202779764,NAVROʻZOBOD,766,1,1703214
202756223,QORAYONTOQ,794,2,1703214
202756286,QOʻGʻAY,792,2,1703214
202805200,IFTIXOR,818,3,1703214
202749753,SHAYXISLOM,4268,3,1718212
202831519,QORAQALPOQ,464,3,1703202
202834839,IJTIMOYAT,473,4,1703202
202718664,DOʻSTLIK,966,1,1703224
202807919,SAMARQAND,2628,2,1710235
203003185,OZOD,1010,3,1703224
203452808,28-ACHCHIQ KOʻL,8158,1,1730405
203559729,17-KALVAK GUZARI,8181,2,1730405
203327233,YANGI HAYOT,3157,4,1712238
202813151,XOʻJA XISRAV,3124,4,1712234
202286302,NASRIDDINOBOD,575,1,1703206
204006853,KICHIK BESHKAPA,7355,2,1730206
203090095,CHOJA,1118,2,1703230
203103489,QASHQAR,1126,3,1703230
202855163,QUYI TEGANA,4811,1,1718236
202820570,KENAGAS,4835,2,1718236
204737933,SAROY,3003,1,1712216
204737918,MALIKOBOD,3001,1,1712216
203683852,ROHAT,544,3,1703203
204772345,BEKOBOD,537,3,1703203
202526303,AXMAD YASSAVIY,8269,2,1730412
202609665,YANGI OBOD,8280,3,1730412
202803773,QOQSOY,4586,3,1718227
202832460,ISTIQBOL,4582,3,1718227
203110077,TURGʻOQ,7630,1,1730221
203119214,YAKKAMULLA,7633,1,1730221
204738038,SOʻFIYON,3042,4,1712216
206678143,ORASOY,3131,1,1712238
202540549,DEXQONOBOD,635,2,1703209
202778282,BUMOZOR,7439,1,1730212
202778339,URGANJI,7456,2,1730212
203002954,KOʻRKAM,982,2,1703224
207132885,YUQORI BOGʻONALI,4627,4,1718227
202824541,SOʻFI,7600,3,1730218
203681658,SHARQ YULDUZI,9699,4,1703203
202834799,MADANIY MEHNAT-1,475,4,1703202
203003344,OQBOʻYRA,1025,4,1703224
201748724,OLMAZOR,2738,3,1710242
202890335,PAXTAKOR,5956,1,1724212
202853317,YANGI CHEK,447,1,1703202
203041851,ZINASHA,7829,1,1730230
204852625,UCHBOʻLAK,7840,1,1730230
202779850,BESHMIRZA,783,2,1703214
202679825,YANGIRAVOT,4284,4,1718212
204055517,YANGIOBOD,6854,2,1727256
202944345,KESKAN,6914,2,1727259
202512811,XONTEPA,2903,1,1710401
202640012,AGʻRON,4790,4,1718235
202893093,ILGʻOR,4492,3,1718224
202866442,XOʻJA ISMOIL,4501,3,1718224
202871754,TOʻDA,7685,1,1730224
202871825,YOSHLIK,7695,2,1730224
202707741,KELACHI,3507,1,1714219
202898750,TINCHLIK,3516,1,1714219
202701631,YANGIOBOD,3542,2,1714219
203295686,BADAHSHON,2330,4,1710220
202828132,MIRZAKALON ISMOILIY,658,1,1703210
203094754,UCHKOʻCHA,669,2,1703210
202857342,QIZILOLMA,5806,1,1722223
202777750,CHAGʻATOY,5825,2,1722223
202843804,DEHQONARIQ,5819,2,1722223
202799004,KATTABOGʻ,5830,3,1722223
202798979,YOʻSHLIK,5844,4,1722223
203681776,ROVVOT,528,2,1703203
203057965,GULISTON,1246,3,1703236
203055399,QUVVATMUROD,1248,3,1703236
202867053,CHOʻNTAK,446,1,1703202
202974499,GULISTON,1064,3,1703227
202649370,QOʻRGʻONCHA,9448,4,1718401
202948774,BOGʻISTON,9439,4,1718401
202724151,BAHORISTON,5175,2,1718406
202724018,GOʻZALKENT,5189,4,1718406
203161727,ZIYOLI,6254,2,1727220
302958696,XONOBOD,6259,2,1727220
202821371,DOʻSTLIK,6267,3,1727220
203028272,ISFARA,6278,3,1727220
202664583,BEKOBOD,9671,4,1714242
202807941,YANGIOBOD,2636,3,1710235
201803290,DENOV,2645,1,1710237
207167944,XOʻJAXAYRON,2654,1,1710237
202352330,SHAKARJOʻY,2667,2,1710237
202593823,TINCHLIK,1824,4,1706258
202687634,CHUQUR QISHLOQ,5454,3,1722210
207200824,KATTA BOGʻ,8466,2,1733217
205184206,MEVAZOR,8501,4,1733217
207209068,YANGIOBOD,6214,2,1727212
202908547,MIRZO ULUGʻBEK,8950,4,1726266
204136146,YANGIHAYOT,5741,3,1722220
202826848,PATTAKESAR,9803,3,1722401
202316936,DEXQONBIRLASHUV,5263,2,1722202
200107650,SARKOR,3798,2,1714236
202639028,QASSOBLIK,10085,3,1708401
202838168,OZODLIK,7115,2,1727407
202862259,TOLBULOQ,7126,2,1727249
202846696,GOʻZAL,7138,4,1727407
202029976,XAWA JOLI,391,2,1735401
205675378,CHORBOGʻKENT,1462,2,1706212
203936797,URGUTI-1,5057,2,1718401
202854900,DEXQONOBOD,7525,2,1730215
202687444,QAYTMAS,5400,2,1722210
202649814,KELAJAK SARI,5682,2,1722217
203581140,KELTEMINOR,10521,2,1735233
203093614,AMIROBOD,345,3,1735250
202816574,QONʻIRATKOʻL,226,4,1735230
201832200,TAXIATOSH,202,2,1735228
202586633,IQBOL,9336,4,1726290
202791079,OYQOR,1943,2,1708204
202919328,NURAFSHON,1947,3,1708204
203359960,NAVBAXOR,1838,1,1706401
202606124,JOʻYICHUQUR,5021,2,1718401
202950892,GULISTONOBOD,1488,1,1706215
202950995,ULFATBIBI,1537,3,1706215
202840634,BOGʻ-KOʻCHA,9086,3,1726277
202915784,GULOBOD,10612,4,1726277
207333366,BUYUK KELAJAK,11247,4,1724401
207333406,NIXOL,11248,4,1724401
307335409,DAVLATOBOD,11150,1,1727249
207148026,HILOL,15559,2,1727404
202872000,A. NAVOIY,7682,1,1730224
203259563,YANGIARAB,7312,3,1730203
203248750,QAXRAMON,7320,4,1730203
206959434,NAZAR,4218,4,1718209
202829503,ULUGʻBEK,4180,4,1718206
202717397,NAYMANTEPA,4188,1,1718209
202704714,XITOYPOYON,4206,2,1718209
202896595,GEOLOG,3285,4,1712408
203090111,XOLDEVONBEK,1112,2,1703230
203657654,QOʻLBA,4710,2,1718233
203645653,BADAL,4705,2,1718233
202694444,MUHAMMAD ALIBOY,1321,3,1703401
202534436,4-TINCHLIK,8092,1,1730401
203643695,JARQISHLOQ,4752,4,1718233
206566117,MASHʻAL,1213,4,1703232
203055461,UZUN KOʻCHA,1234,1,1703236
202807790,OBI HAYOT,2632,3,1710235
207015040,MUSTAQILLIK,2082,4,1708218
201454781,YANGIKENT,9522,3,1708220
202850416,YUQORIQISHLOQ,7784,2,1730227
202340149,SARBON,9595,4,1703209
206823041,FAYZIOBOD,877,2,1703217
202850503,QUMQISHLOQ,7788,2,1730227
202756334,DAMINBOYCHEK,843,4,1703214
202691314,QORATUT,1271,1,1703401
202649442,DIYOR,4706,2,1718233
202702725,BALANDCHORDARA,4321,3,1718215
202830464,TOSHARIQ,4898,4,1718236
203276338,YUQORI,8058,2,1730242
203276345,YOSHLIK,8073,4,1730242
203080155,BUVADO,1140,4,1703230
202575623,NAVOIY,1359,4,1703408
202949963,MARXABO,10344,3,1718401
202952898,NODIRABEGIM,10351,3,1718401
202649434,CHORBOGʻ,10369,3,1718401
202949987,ALI-QUSHCHI,9433,4,1718401
202646272,FAROVONLIK,9468,4,1718401
202879710,DOʻSTLIK,4461,1,1718224
203640770,IPAKCHI,4728,3,1718233
203549771,24-TEMIRYOʻLCHI,8161,1,1730405
203593165,13-ISFARA GUZARI,8176,2,1730405
203505960,33-SOBIR ABDULLA,10447,3,1730405
200189638,OQ TEPA,7863,3,1730230
304973829,SHOʻRSUV,7885,4,1730230
200189527,BOZOR YAYPAN,10635,4,1730230
204737925,UZILISHKENT,3004,1,1712216
202766701,XAYITOBOD,3327,4,1714204
202914739,ADOLAT ,1903,3,1706403
202914682,MAXTUMQULI,1910,4,1706403
202818342,SOY GUZAR,4869,3,1718236
204062674,XONCHARBOGʻ,9480,3,1712401
202822949,GʻALABA,3271,4,1712401
207232168,KUMUSHKON,3090,1,1712234
202822505,DARVOZATUTAK,2934,4,1710401
204643315,SHAYHALI-1,2946,4,1710401
202861884,YANGIOBOD,2463,4,1710229
303244524,BIGʻMI,2768,1,1710245
202918391,NURHAYOT,6980,1,1727265
202890407,BEKAT,5944,1,1724212
202890454,MIRISHKOR,5952,1,1724212
201614961,QOʻNGʻIRTOGʻ,2456,4,1710229
202678122,BURAMATUT,3582,1,1714224
202673493,SHARQ,3613,2,1714224
202368627,MUSTAQILOBOD,2677,4,1710237
202540833,ERJAR,2112,2,1708223
203656465,YANGI QURILISH,3194,1,1712251
304970531,ISTIQLOL ,7427,4,1730209
202871564,DAHBED,7680,1,1730224
202762644,YANGIQOʻRGʻONCHA,10212,3,1718215
202704707,GʻAZIRA,4196,2,1718209
202694903,SARIQIPCHOQ,4205,2,1718209
202960327,KONCHILAR,3278,1,1712408
202822877,LOCHIN,3251,1,1712401
200151599,40-MADADKOR,8097,1,1730401
202752331,PAXTAKOR,1335,4,1703401
305170158,CHIMQOʻRGʻON,2744,3,1710242
201748748,MUSTAQILLIK,2736,3,1710242
203084459,GʻALLACHI,2752,4,1710242
201047092,BOYQOʻRGʻON,10513,3,1710212
206970589,CHASHMAIMIRON,2289,4,1710212
202791252,QARLIQXONA,2895,1,1710401
204530654,KICHIK OQMACHITT,7838,1,1730230
203924069,MEHNAT,3072,3,1712230
203030407,QIZILTEPA,3071,3,1712230
202430463,BIRLIK,2985,1,1712211
204006877,QORAJIYDA,7378,4,1730206
203691527,NOʻXATAK,500,1,1703203
203310929,BESHBOʻYNOQ,486,1,1703203
203681737,DOʻSTLIK,514,2,1703203
308660946,YANGIHAYOT,4800,1,1718236
202863676,YASTEPA,4942,3,1718238
202987799,SHOʻRQAQIR,1044,1,1703227
202982354,DOʻSTLIK,1050,2,1703227
203055288,OYBEK,1069,3,1703227
202871628,PASTKI BESHKAPA,7710,3,1730224
202871650,SOHIBKOR,7728,4,1730224
202867014,UYSHIN,442,1,1703202
203119095,ZIGʻIR,7666,4,1730221
203119088,UCHKOʻPRIK,7659,4,1730221
203041883,KATTA TAGOB,7823,1,1730230
202666501,YANGIKENT,4237,1,1718212
202722732,BORLOS,4240,2,1718212
202679818,QIYOT,4247,2,1718212
204009255,SHOMIRZA,7363,3,1730206
204013892,ISTIQLOL,7374,4,1730206
203087114,TOSHKECHIK,659,1,1703210
203655356,ELBEK,4598,3,1718227
202832872,BESH NAYMAN,4603,4,1718227
203213834,OʻRIKZOR,561,4,1703203
202673675,BOGʻIXON,4270,4,1718212
202673683,OʻZBEKQOʻRGʻON,4279,4,1718212
203091047,XONNAZAR,4362,1,1718216
203259548,TOL KOʻCHA,7319,3,1730203
202823076,BOZORBOSHI,683,4,1703210
203828986,BOYCHEKI,693,1,1703211
202915619,YANGI KAMOLON,10608,4,1726277
202851969,XISORAK,3891,4,1714237
203457894,QALAʻCHA,7739,1,1730226
202638915,RAVALLIQ,10073,3,1708401
202639082,SAYILJOYI,2208,4,1708401
206839836,GʻOFUR GʻULOM,9509,3,1708201
203485480,QORAKOʻZ,5433,3,1722210
202687752,KOʻHSOR,5463,4,1722210
207255409,OʻJAKENT,6392,1,1727233
202971431,SARIOSIYO,2977,3,1710405
202851991,MEXNATOBOD,3876,3,1714237
202366645,NAVROʻZ,9039,3,1726273
206128312,BAHORISTON,9349,1,1726294
203466805,SHAKARKOʻL,5861,1,1722226
202808670,LASHKARBEGI,8998,3,1726269
202906565,SHAYX SHIVLI,8947,4,1726266
202919264,NIXOL,9113,1,1726280
202855013,UMID,9111,1,1726280
203552801,9-KALANDARHONA,9907,4,1730405
202760647,ZAROBOD,5607,1,1722215
207075197,MUSTAQILLIK,10053,2,1722215
207201332,YALPOQTEPA,6230,4,1727212
202845358,QORABOG,7094,1,1727407
202760100,MOHIYAT,5363,4,1722207
202688220,MUSTAQILLIKNING 22 YILIGI,5755,1,1722221
202712412,GULISTON,5212,2,1722201
202660709,TEPAQOʻRGʻON,3882,3,1714237
202817803,DOʻSTLIK,3446,1,1714216
202694278,OLTIN-TEPA-10,8966,1,1726269
202694167,AZAMAT,8974,2,1726269
202694064,MUSTAQILLIK,8991,3,1726269
201528110,ROVON,7745,2,1730226
203496658,SARIKANDA,7748,2,1730226
303360096,ZANGAT,7762,4,1730226
203653762,DAMKOʻL,7894,1,1730233
302780334,ISTIQLOL,8568,1,1733223
202952289,YANGI OBOD,9789,2,1733401
202952257,FERUZ,9793,3,1733401
202973190,KOʻHNA QALʻA,8793,3,1733401
204642672,SAMARQAND,2485,2,1710232
305038572,TEVABOSHI,2510,3,1710232
202529805,BOGʻOBOD,8829,1,1726262
202724279,DAMARIQ,5164,1,1718406
202446126,MUBORAK,2574,1,1710234
204810068,AL-BUHORIY,1282,2,1703401
204618186,PUDINA,2425,2,1710229
202930656,ZOMIN,6044,4,1724226
201284274,OYDIN,2619,1,1710235
202807808,ABDULLA QODIRIY ,2629,3,1710235
207109120,IBRAT,3936,3,1714242
202686825,QOʻRIQ,3942,3,1714242
203483373,SAID,4987,1,1718401
207180115,GULSHANDA,8732,4,1733233
204276012,CHANGARON,1450,1,1706212
205672263,ARABXONA,1453,2,1706212
204065171,XALACH,1473,3,1706212
202757704,ABDURAHMON JOMIY,6158,2,1724413
207226539,BOʻKA,8319,2,1733204
202800650,SHOLDIRAMA,3768,4,1714234
204068089,YANGIOBOD,1431,3,1706207
206923621,CHOLOKI ,1564,1,1706219
202946184,YOSHLIK,6572,1,1727248
303213483,KATTATEPALIK,6840,1,1727256
204055571,TINCHLIK,6853,2,1727256
202327424,ANDIJON,5941,4,1724206
202894203,GULBAXOR,6107,2,1724235
202702037,TUMAN,3925,2,1714242
202940184,MEVAZOR,9899,4,1708215
303029442,GʻALTAK,8711,2,1733233
306063487,YASHNAOBOD,10498,1,1710212
207211755,CHUCHUQUDUQ,2262,1,1710212
202770025,BOGʻ KOʻCHA,3392,1,1714212
202701465,ISTIQBOL,3548,3,1714219
202852001,DAM,3825,1,1714237
202893727,BAHOR,10029,4,1724231
202902792,BUNYODKOR,6147,1,1724410
303029434,JALOIL,8716,2,1733233
206606216,OBOD TURMUSH,2598,3,1710234
202637118,SAROY,10102,3,1718230
202637078,OQTEPA,10112,3,1718230
207010809,NAHRIPAY,10111,3,1718230
202637386,GULISTON,10116,4,1718230
202689433,MUSTAQILLIK,4981,1,1718401
203447804,1-BESH-BOLA,8098,1,1730401
202947174,18-ISTIQLOL,8094,1,1730401
203643632,QAVCHINONIBOLO,4754,4,1718233
203089973,OQ OLTIN,1128,3,1703230
205537263,NAVBAHOR,1147,4,1703230
202850194,ARABMOZOR,7796,3,1730227
202850313,TERAKTAGI,7790,3,1730227
305186445,OʻRIKZOR ,1280,1,1703401
202831423,2-SON,1276,1,1703401
304950105,OBOD YURT,7383,1,1730209
305460137,QORASOQOL,8057,2,1730242
203089980,QORA KOʻRPA,1143,4,1703230
203089965,MULLABOY,1145,4,1703230
207167708,YANGI XAYOT,1355,2,1703408
202910775,MUSTAQILLIK,10492,1,1703232
200317034,YANGIQISHLOQ,6037,2,1724226
202665527,SUTLIBULOQ,3961,4,1714242
203639880,SAYXUN,5051,2,1718401
204913801,ITTIFOQ,8393,1,1733212
202922974,SHODLIK,6135,1,1724401
207226428,YUKSALISH,8309,1,1733204
207226790,QIPCHOQ,8318,2,1733204
202702013,XOʻJASHOʻRKENT,3927,2,1714242
202705966,FARGʻONA,3766,4,1714234
203988163,ARABXONA,1412,2,1706207
303213855,SOXIBKOR,6820,1,1727256
303213680,NAVROZ,6852,2,1727256
205236456,KUYI BESHKENT,10873,1,1710224
202922816,YANGI XAYOT,5940,3,1724206
202220108,OTQAMAR,2260,1,1710212
305620181,OYDIN YOʻL,10501,2,1710212
202678082,OQTOSH,3607,2,1714224
202844501,YANGI-YOʻL,10281,4,1714401
202701426,TEMIR YOʻL,3556,3,1714219
202904576,SOHIL,6014,2,1724220
207185187,QOʻNGʻIROT,8720,3,1733233
207154803,KUNGAY,6693,3,1727249
305253679,ISTIQLOL,2606,4,1710234
207177093,OʻYILMA,8369,3,1733208
202618195,GULSHAN,8372,3,1733208
203643237,QOʻSHTERAK,719,2,1703211
202827743,XONABOD,7619,4,1730218
203590383,BAXSHIJAR,3228,4,1712251
202692921,MINGBULOQ,3167,1,1712248
203681641,DOʻNGQISHLOQ,9703,4,1703203
202296392,YANGIOBOD,9576,1,1703209
202853166,QOʻSHKOʻPRIK,449,2,1703202
202834743,BOʻSTON,457,3,1703202
202779804,DOʻSTLIK,757,1,1703214
202756373,MIRZO ULUGʻBEK,796,2,1703214
202779788,ISTIQLOL,817,3,1703214
202657504,QORAQOʻYLI,4263,3,1718212
202724190,HAYDARCHAMAN,5196,4,1718406
203648879,XOʻJA AHRORI VALIY,4700,1,1718233
202827671,QAQIR,7556,1,1730218
202827704,QORASHOX,7585,2,1730218
202824383,TOJIKQISHLOQ,7578,2,1730218
202831494,OFTOBACHEK,468,3,1703202
202834782,XASAN-XUSAN,480,4,1703202
202694451,MUQIMIY,971,1,1703224
203041954,KUL ELASH,7852,2,1730230
204184887,DOʻNGSAROY,7874,3,1730230
203081486,DOʻLANA,666,2,1703210
202818381,XOʻJABALAND,4820,1,1718236
202632243,SHODLIK,8385,4,1733208
203002923,NEʻMATOBOD,1008,3,1703224
203493622,34-MARGʻILON DARVOZASI,8168,2,1730405
202850487,MEHNATOBOD,7773,1,1730227
203268609,SHODLIK,7285,2,1730203
202844819,FAYZIOBOD,4939,3,1718238
202868123,JALOLOBOD,4931,3,1718238
203700878,UCHQUN,903,1,1703220
203700861,MAʻMUROBOD,897,1,1703220
203569794,NAVROʻZ,3111,3,1712234
202813190,ALISHER NAVOIY,3113,4,1712234
202286334,DOGʻISTON,569,1,1703206
202286358,YUZCHINOR,583,1,1703206
204022154,ESHONGUZAR,7349,2,1730206
202639859,GIRDIQOʻRGʻON,4774,2,1718235
202639938,YUKSALISH,4783,3,1718235
202418223,BIRLIK,8847,2,1726262
202971692,A.JOMIY,9203,4,1726283
202874440,BESHTOL,3789,2,1714236
201870130,BAYNALMILAL,3802,3,1714236
203253231,NURAFSHON,7552,4,1730215
203015391,TAPTIQSAROY,7965,1,1730236
202754882,OBOD TURMUSH,9556,1,1722203
202754946,QALDIRGʻOCH,9565,1,1722203
202649885,SHAROFOBOD,5690,2,1722217
203264732,NABI,7521,2,1730215
201636222,BOY,7543,3,1730215
202649711,TORTUVLI,5669,1,1722217
202677661,YAKKATUT ,2482,1,1710232
305037194,XOʻJAILMKONI,2480,1,1710232
202724888,BOYMOQLI,5484,2,1722212
202713094,BOSHLIQ,9218,1,1726287
202902208,MEROS,9227,2,1726287
202918907,HAMID SULAYMONOV,9267,4,1726287
202897530,XONTOʻPI,9343,1,1726294
202434118,KATTA CHILONZOR-2,9358,2,1726294
202918534,MUSTAQILLIK,6997,2,1727265
202918130,IFTIHOR,7003,3,1727265
207184742,BESHTERAK,7023,4,1727265
202918638,OLTINTEPA,7025,4,1727265
202874385,SAODAT,3482,3,1714216
202874393,TOSHQIN,3488,3,1714216
207294004,BAGʻRIKENGLIK,10747,3,1714236
202817906,BOBUR,3443,1,1714216
202888787,OTBOZOR,3470,2,1714216
202229688,NURLI DIYOR,5478,1,1722212
202724895,PORLOQ YULDUZI,5496,2,1722212
202813721,YUKSALISH,3329,1,1714207
202724982,ISMOIL-TEPA,5511,3,1722212
202724904,QORABURO,5513,3,1722212
203629695,BOBUR,5527,4,1722212
202285074,BOBOLOCHIN,5541,1,1722214
202446782,KATTA OLMAZOR,9365,2,1726294
202432413,CHOʻPON-OTA,9370,3,1726294
202922239,MEVAZOR,9383,4,1726294
202630135,YAKKATUT,9381,4,1726294
203252977,GʻALLA-QUDUQ,6198,1,1727212
202710519,QARSHIOBOD,4530,1,1718227
202773693,USMON NOSIR,7072,3,1727404
207111928,NUKUS,8377,3,1733208
207065881,VATANPARVAR,8378,4,1733208
202935561,OXUNBOBOEV,9949,3,1727415
202924536,YANGI XAYOT,6062,4,1724228
203017223,KATTA AMIROBOD,7995,3,1730236
203067296,KATTA-YANGI,9885,1,1730238
207136895,CHEGARA,6774,2,1727253
202944242,QOʻSH YOGʻOCH,10759,4,1727259
202911426,KATTA CHINOR,6433,1,1727237
202911458,OBOD TURMUSH,9641,1,1727237
202911774,NAZARBEK,6455,2,1727237
202644537,KOʻKSAROY,4973,1,1718401
206979544,YANGI HAYOT,7145,1,1727413
202903159,ANDIJON,7169,3,1727413
202975917,ALELI,1764,4,1706246
204068001,MUSTAQILLIK,1407,1,1706207
204392296,MEHNAT,6583,1,1727248
202952114,POʻLAT QADAM,6566,1,1727248
202894091,YANGIOBOD,6079,2,1724231
202894044,ZARSHUNOS,6082,3,1724231
207130785,TOʻRTTOM,2085,4,1708218
302776378,TOMA,8579,2,1733223
302776401,SHODLIK,8587,3,1733223
302774870,KATTA KUCH,8593,3,1733223
204022519,SAROY,10783,3,1710245
202810401,OZOD,3378,4,1714207
202690347,NAʻMUNA,3904,1,1714242
206976002,GʻALLAKOR,2708,3,1710240
202921137,XITOY ,10845,4,1710245
202930173,ULOCH,10843,4,1710245
204354263,NAVROʻZ,8557,4,1733220
204356711,OBOD,9542,3,1733221
302811001,EXTIROM,8607,4,1733223
200688824,CHAMAN,10874,4,1710224
202519739,GULSHANBOGʻ,2527,1,1710233
200701808,NAVBAXOR,2544,2,1710233
202728375,AHILLIK,4449,4,1718218
202892181,ZIRABULOQ,4438,4,1718218
202637323,SARDOBA,9925,1,1718230
202637268,QUVONDIQ,9928,1,1718230
205915798,ESHIMJIRON,8388,4,1733208
202918337,SABZAVOT,6985,2,1727265
203067272,YANGI,8015,1,1730238
304949190,GʻALLAKOR,8014,1,1730238
207209907,SHODMALIK,6193,1,1727212
205954212,FAYZOBOD,6779,2,1727253
207059674,OBOD,6783,3,1727253
202683742,ALISHER NAVOIY,4955,1,1718401
202652449,HAMID OLIMJON,4995,1,1718401
203640731,SATTEPO,4988,1,1718401
204313052,GULISTON,8679,3,1733230
303363654,SIJJAK,6335,4,1727224
202953438,MAʻRIFAT,6328,4,1727224
203096561,XOʻJAQOʻRGʻON,6578,1,1727248
305907234,CHORBOGʻ,10790,3,1710245
202705863,QUMTOʻGʻON,3746,3,1714234
202810457,UZUNQISHLOQ,3383,4,1714207
203204932,HADIKENT,3914,1,1714242
202643364,SHARLAUK,9539,2,1733221
205230188,MUXABBAT,9546,4,1733221
302778350,TURKISTON,8610,4,1733223
202985105,BOBUR,6628,3,1727248
200688490,QORATEPA,2373,3,1710224
202637244,JONA,10069,2,1718230
202944210,KENG KECHIK,6913,2,1727237
202944259,SHOʻRALISOY,6936,3,1727259
204392565,MAXTUMQULI,10562,4,1733230
305257467,GULSHAN-2,8817,3,1733406
202678874,OLTINOBOD,7243,1,1727424
202710770,FAYZIOBOD,7254,4,1727424
202966999,ISTIQBOL,6645,4,1727248
202705998,MUSTAQILLIK,3759,4,1714234
202753243,QORASHAHAR,3297,1,1714204
202753235,DAMKOʻL,3305,2,1714204
207204185,GʻALABA,8399,1,1733212
202944155,OLMAZOR,6921,2,1727259
205202633,XORVUZ,8619,2,1733226
204099374,PIRNAXOS,8640,4,1733226
202285106,ARPAPOYA,5565,2,1722214
203040465,CHINOBOD,7974,2,1730236
202906748,OʻZBEKISTON MUSTAQILLIGI,8913,2,1726266
202609776,NAVBAHOR,8276,3,1730412
202681040,ISTIQLOL,8285,3,1730412
202779978,MASHAD,8292,4,1730412
203561370,QOROVULTEPA,7382,1,1730209
205545634,MASLAXATTEPA,1115,2,1703230
202839672,KAMONGARON,4809,1,1718236
202855210,SOVGʻON,4844,2,1718236
202820587,BAHRINSI,4823,2,1718236
202871682,BOʻJAY,7732,4,1730224
202564803,GʻOFUR GʻULOM,9958,2,1710401
202181513,SHODLIK,10256,3,1714401
202365813,TOʻQQIZTEPA,2992,3,1712211
203417643,FURQAT,3006,1,1712216
203683844,SAYDILOBOD,545,3,1703203
203213842,TADBIRKOR,560,4,1703203
202844754,ESKIJUMA,4954,4,1718238
203043231,GULISTON,3052,1,1712230
203021805,CHORVOQGUZAR,3067,2,1712230
202756319,MANGUBERDI,761,1,1703214
202871951,MEHNATOBOD,7724,4,1730224
202676323,IPAKCHI,8250,1,1730412
202609737,TUT TAGI,8267,2,1730412
207127939,YANGI ASR,10257,3,1714401
202854157,XAQIQAT,10255,3,1714401
207203495,SAMARQAND,4592,3,1718227
206240927,QOʻRGʻONI VARDONZE,1781,1,1706258
203063603,NAYMAN,6276,3,1727220
304918349,TOSHLOQ,7806,4,1730227
202778211,XASANQOʻRGʻONCHA,7474,3,1730212
202906050,ZARAFSHON,3272,4,1712401
203119182,TOSHKENTGUZAR,7621,1,1730221
204738077,ZARMETAN,3028,3,1712216
202303708,BOʻSTON,3036,4,1712216
205414338,MARMAROBOD,3129,1,1712412
202704761,SHIRINKENT,4222,4,1718209
202706584,DOʻSTLIK,10282,2,1718215
202713878,MADRASA,4309,2,1718215
204384234,YANGIHAYOT,4340,3,1718215
201238417,HAMRAK,7817,4,1730227
202850598,QIPCHOQARIQ,7807,4,1730227
202952938,KATTA QOʻRGʻON,5110,3,1718401
203029595,JINʻISHKE,154,4,1735215
202650127,FERUZ,5698,3,1722217
202649940,TURMUSHOBOD,5713,4,1722217
207179794,OCHA QALʻA,8736,1,1733236
202746204,ZARTEPA,5640,3,1722215
202754914,PAXTAKOR,9554,1,1722203
203479084,11-CHARXINI KOʻPRIGI,8184,3,1730405
202909514,39-SONLI XAYOT GULI,7228,3,1727419
202915396,35-SONLI TURON,7234,4,1727419
202782611,PILLAKASHLIK,2976,3,1710405
207203789,XOJIBOYLAR,8475,2,1733217
202763151,KONSTITUTSIYA,9248,3,1726287
204851524,DOʻMBIROBOD,9387,4,1726294
202906794,IFTIXOR,8942,3,1726266
202964280,SAHOVAT,9194,3,1726283
202659271,XURRIYAT,3703,4,1714229
202659478,YANGICHEK,3705,4,1714229
200107825,DAMARIQ,3774,1,1714236
200107714,CHORSU,3786,1,1714236
202687744,ZARAFSHON,5428,3,1722210
202693216,MIRZABULOQ,1961,1,1708209
204524842,KORIZQUDUQ,1974,3,1708209
202915562,OʻQCHI,9078,2,1726277
203075303,BOLTAKOʻL,8025,2,1730238
203065838,SHOINBEK,8037,3,1730238
205944098,ISTIQBOL,5372,1,1722210
202741923,GULOBOD,7606,4,1730218
202942094,OYBEK,6733,4,1727250
207168659,QUNDUZAK,6763,2,1727253
202781938,BOʻSTON,46,4,1735204
202916695,SEBZOR,9141,3,1726280
202908942,CHIMBOY,9152,4,1726280
202845681,BERUNIY,9155,4,1726280
202912148,OLMOS,9284,1,1726290
203726053,OYDINKOʻL,9295,1,1726290
205872308,ISTIQLOL,9310,2,1726290
206982011,QIYAT-SARTOL,7537,3,1730215
202968085,OBOD,7542,3,1730215
202687508,KATTA-QARSHI,5399,2,1722210
202944227,TUYA BOʻGʻIZ,6911,2,1727259
204261823,KOMILJON OTA,8693,1,1733230
204628704,QUSHTEGIRMON,2861,3,1710250
203629989,BIRLIK,6635,3,1727248
207138157,NUROBOD,6643,4,1727248
207128145,NAVROʻZ,8346,1,1733208
202557984,KALTA-MINOR,8807,1,1733406
203766051,EPKENDI,6946,4,1727259
207226546,HURRIYAT,8313,2,1733204
205723981,JOʻSHURA,1791,2,1706258
203531606,NUKRABOD,2363,2,1710224
304988452,USTA XUNARMAND,8690,4,1733230
202706008,TEGIRMON,3763,4,1714234
202766639,FAROVON,3302,1,1714204
200688959,BUNYODKOR,10393,2,1710224
202837723,QOZIKENT,4401,1,1718218
202941871,MUSTAQILLIK,4402,1,1718218
202830084,BIRLIK,4414,2,1718218
204055549,BESH KAPA,6844,2,1727256
202854251,SEROB,3836,1,1714237
202944338,REGISTON,6919,2,1727259
205223765,INDAVAK,8634,3,1733226
201575759,QAMAY,2335,4,1710220
202689267,M.AʻZAM,3368,3,1714207
202287790,UMID NIHOLLARI,5558,1,1722214
202289155,ISLOMOBOD,5577,3,1722214
205704206,AHMAD DONISH,8915,2,1726266
202906676,TURK-QOʻRGʻON,8930,3,1726266
306085167,CHORBOGʻ,10766,1,1710229
201614939,ISTIQLOL,10578,2,1710229
202813563,BOGʻ KOʻCHA,3377,4,1714207
202706086,QOZOQOVUL,3729,2,1714234
202678534,ROVOT,10494,3,1727228
202678565,BOʻKA,6380,4,1727228
203602524,YANGIHAYOT,6507,1,1727239
202916743,MARKAZIY,9399,2,1727239
202950838,SHARQ,1559,4,1706215
202593783,SHAROF RASHIDOV,1783,1,1706258
206932516,MINGCHINOR,1808,3,1706258
200883660,JONGELDI,1663,3,1706240
202706079,YOPISXON,3725,2,1714234
202706134,UZUN KOʻCHA,3733,2,1714234
202800628,BOʻSTON,3741,3,1714234
202678390,ACHAMAYLI,6364,3,1727228
202911537,NURAFSHON,6466,2,1727237
202914674,BUNYODKOR,1895,1,1706403
202848353,DENOV,1799,3,1706258
200883653,YANGIBOZOR,1675,4,1706240
203471966,YUKSALISH,2065,2,1708218
202675411,QURUVCHILAR,2597,3,1710234
206989634,SHIRIN,7168,3,1727413
202918732,ALISHER NAVOIY,7174,4,1727413
205856286,XURRAM,1648,1,1706240
202940027,ZANDANI,1664,3,1706240
204495531,CHAGDARI,1502,1,1706215
204490246,QARAXONI,1531,3,1706215
207177465,TOSHQOʻRGʻON AZIZ,7890,1,1730233
203652297,MINDONOBOD,10976,1,1730233
203620147,BERUNIY,7902,1,1730233
203638581,MOZOR TAGI,7914,2,1730233
203633067,YUQORI  VODIL,7917,2,1730233
303854991,CHORBOGʻ,9184,2,1726292
203270464,QORA-ARIQ,5873,2,1722226
202637379,SULUVQOʻRGʻON,10105,3,1718230
203643649,QUYI XOʻJASAXAT,4972,1,1718401
207298022,AMIR TEMUR,9848,1,1708235
201410092,GARASHA,2148,2,1708235
205771536,OQ TEPA,2156,3,1708235
202878087,CHINOBOD,6414,4,1727233
204409557,BINOKOR,6892,1,1727259
202915340,6-SONLI UMID,7205,1,1727419
202677851,SHUROBSOY,2524,4,1710232
203702749,YANGI-ZAMON,1595,1,1706230
204173821,YANGI-QALʻA ,1621,3,1706230
203974861,MAHALLAQOZI,1807,3,1706258
202852319,UYAS,6275,3,1727220
202912432,FARGʻONA,7161,3,1727413
202770262,CHAGʻIR,3404,1,1714212
202807815,PAXTAKOR ,2641,4,1710235
303404561,QIYOT,8487,3,1733217
205487951,UCHQOʻRGʻON,1203,3,1703232
202720560,BUVAYDA,7445,1,1730212
203003272,SHOʻRQISHLOQ,995,2,1703224
203003011,ZANKAN,981,2,1703224
203569827,SHIBZON,3103,2,1712234
207110708,TARAQQIYOT,1150,4,1703230
203650750,QIZILCHA,3136,2,1712238
203671281,CHUYA,3144,3,1712238
203339527,NURFAXR,3151,4,1712238
200679605,ZARBDOR,2237,3,1710207
200676388,MEXNATOBOD,2248,4,1710207
203091324,BOZORJOY,10658,4,1718216
202908293,GULISTON,4459,1,1718224
204081819,DOʻSTLIK,4726,3,1718233
203982077,GULISTON-1,10908,2,1703211
204028059,BUZRUKXONTOʻRA,728,3,1703211
203843620,SUFIQISHLOQ,737,3,1703211
304078019,SHODLIK,7459,2,1730212
202862424,POSHSHOPIRIM,7473,3,1730212
202720514,JIYDALI,7480,4,1730212
202906154,ISHONCH,3258,2,1712401
203564264,48-ISTIQLOL,8152,1,1730405
203513406,57-DOʻSTLIK,8151,1,1730405
203490064,23-ARTIZON BOʻYI,8171,2,1730405
203454449,53-BOʻSTON,10451,3,1730405
202925527,BOSHQOʻRGʻON,4456,1,1718224
304953741,PAXTAOBOD,7400,2,1730209
206940198,TUVADAQ,7410,3,1730209
203564414,OLCHIN,7422,3,1730209
203574949,KARIMBOBO,7434,4,1730209
203942624,MUSTAQILLIK,3175,3,1712248
206855374,OLMAZOR,7870,3,1730230
302817658,JONOBOD,7878,4,1730230
204737861,KUSHARTI,3014,2,1712216
203003161,QAYRAGʻOCH,1003,3,1703224
203003146,CHEK,1014,3,1703224
202691321,OʻZBEKISTON 20 YILLIGI,1279,1,1703401
202794264,TINCHLIK,9529,4,1708220
207124389,HAVOTOGʻ,2174,3,1708237
204597673,FAYZOBOD,6543,3,1727239
202770183,TEPAQOʻRʻGʻON,3400,1,1714212
202766661,TOʻPSADA,3326,4,1714204
203505613,MUSTAQILLIK 10-YILLIGI,5219,2,1722201
202671274,CHILONZOR,5317,3,1722204
202799082,BOGʻIOBOD,5800,1,1722223
202903934,SHERGIRON,1872,3,1706401
202845706,AXIL,9131,2,1726280
202694222,X.ABDULLAEV,9014,4,1726269
202586768,NAVROʻZOBOD,9293,1,1726290
203293634,QORAQOʻYLI,7504,1,1730215
202284455,A FITRAT,1352,2,1703408
202638582,MEXNAT,1329,4,1703401
203002994,OBOD,989,2,1703224
207081278,ARIGʻOSHGAN,5574,3,1722214
202360203,PANDIRON,2651,1,1710237
202432405,BESHQOʻRGʻON,9348,1,1726294
207180051,CHOʻBOLONCHI,8751,3,1733236
207203772,ZARGARLAR,8455,1,1733217
202780789,OʻRIKZOR,3811,3,1714236
203521998,51-ZILOL,9922,4,1730405
200171503,BAYNALMINAL,7571,1,1730218
202505068,XUVAYDO,8242,4,1730408
202505051,AMIR TEMUR,8238,4,1730408
304978171,YASHIL DIYOR,10568,4,1710405
305148863,YANGI-DIYOR,2001,1,1708212
207212294,XALQOBOD,2011,2,1708212
207337749,UZIN KOʻL,11017,2,1735401
207337961,AMANLIQ GUZARI,11018,2,1735401
308242491,MEVAZOR,11019,1,1710207
308242509,FAYZOBOD,11020,1,1710207
308242516,ISTIQBOL,11021,1,1710207
308242548,OMONOTA,11022,2,1710207
308242555,CHORVADOR,11023,2,1710207
308242587,YANGI HAYOT,11024,1,1710207
308242659,DASHTOBOD,11025,1,1710207
308242706,OBIHAYOT,11026,2,1710207
308824147,IQBOL,11027,4,1735250
207168175,MUSAFFO,15539,1,1726264
202923514,GULBOGʻ,15537,1,1726264
202912037,ESKI JALOYIR,15529,1,1726283
206992925,SOXIL,15541,1,1726264
309255751,KOʻRKAM,15543,1,1726294
308403274,SHODLIK,15549,1,1710250
306147057,QORATUT OTA,15548,1,1710250
203044523,IMOM BUXORIY,1637,3,1706232
205572561,QUCHOQ,1641,1,1706240
207193977,YANGIOBOD,2033,4,1708212
202863304,QOʻRGʻON,2051,1,1708218
202862986,NURAFSHON,2070,3,1708218
206972245,BOGʻISHAMOL,7166,3,1727413
302866147,XALQOBOD,6175,2,1727206
202952914,OʻRIKZOR,10365,3,1718401
303363360,SARI-QANGLI,6295,1,1727224
202678454,JAGʻALBAYLI,10406,1,1727228
205376719,OʻZBEK,1647,1,1706240
203698643,NAVBAHOR,9731,4,1706240
202952605,PAXTAOBOD,1534,3,1706215
205682038,OYBEK,1409,1,1706207
202659367,XIZIROBOD,3662,1,1714229
202659217,YORKATAY,3668,2,1714229
202654833,GULBOGʻ,10710,3,1714229
203629054,YORDON ,7886,1,1730233
203638566,QORAYANTOQ,7909,2,1730233
202937020,MUSTAQILLIK,9948,2,1727415
207255344,KUSHEK,10576,2,1727233
202878094,DOʻSTLIK-1,6401,2,1727233
202870082,NURAFSHON,8894,4,1726264
202967980,AMIR TEMUR,9172,1,1726283
202967997,SOFDIL,9187,3,1726283
202720799,BUNYODKOR,5865,2,1722226
202725142,ELBAYON,5900,4,1722226
304978038,NAMATON,2966,2,1710405
202903009,MING CHINOR,6402,3,1727233
203007188,GEOFIZIKA,1577,4,1706219
207015999,FAROVON YULDOSHOBOD,10056,2,1718230
202806001,BOGʻDON,2144,1,1708235
207320153,NURAK,2154,3,1708235
202805984,OʻZBEKISTON,2166,4,1708235
202638930,ALISHER NAVOIY,2185,2,1708401
203632962,X.ZAYHIYEV,7930,3,1730233
203638621,ILG`OR,7952,4,1730233
202951314,KOKILON,8225,2,1730408
205091758,NOV,6898,1,1727424
202677701,JILISUV ,2517,4,1710232
202700221,BULOQBOSHI,3348,2,1714207
207074182,TOSHLOQ,6802,4,1727253
207204218,QORASUVYOQA,6218,3,1727212
202906580,BUYUK TURON,8949,4,1726266
202845405,YANGIOBOD,7129,3,1727407
202839879,8-MART,7142,4,1727407
202809392,QUM AWIL,1,2,1735401
202907896,KULOLCHI,1466,3,1706212
202805493,AKADEMIK SABIR KAMALOV,10373,1,1735211
202586672,BEHIZOR,9339,4,1726290
202586958,KATTA YANGI OBOD,9340,4,1726290
202915809,SUZUKOTA,10615,4,1726277
202915870,KOMOLON,10607,4,1726277
202117083,MAJNUNTOL,8884,1,1726264
203457903,GʻAZNOV,7740,1,1730226
202814854,NAVBAHOR,3878,3,1714237
202366843,MOVAROUNNAHR,10058,2,1726273
202899987,LATIFGUZAR,10715,2,1726262
202446774,GULISTON,9350,1,1726294
202717555,KARMAKI,10052,2,1722215
207201324,SUSAM,6217,3,1727212
202838223,CHOTQOL,7102,1,1727407
203803124,KIMYOGAR,7093,1,1727407
202838151,GULBOGʻ,7111,2,1727407
202880782,QUM-ARIQ,9201,4,1726283
202357774,MINGLOLA,8970,1,1726269
205737766,AL-FAROBIY,8984,2,1726269
202895011,MUNAVVARQORI,8979,2,1726269
202942181,OLIMPIYA,10472,3,1733401
202677796,MAKRID,2488,2,1710232
202677718,ALI QUSHCHI,2497,3,1710232
201953636,QORA KOʻRPA,7975,2,1730236
202687658,LIMONZOR,9566,1,1722203
202649743,BOGʻISTON,5657,1,1722217
202649861,YOQUTLIBOGʻ,5680,2,1722217
202918899,RAKAT,9241,2,1726287
202902183,DAMARIQ,9265,4,1726287
202906716,TIKLANISH,8906,1,1726266
202888866,IBRAT,3499,4,1714216
201870179,ALISHER NAVOIY,3815,4,1714236
202839435,YANGI YOʻL,3344,1,1714207
202271930,BUXOROYI SHARIF,1900,2,1706403
204804944,AZIZON,1676,1,1706242
204135701,GʻAZBERON,1685,2,1706242
200978519,ROMITAN,1705,3,1706242
206595912,YAKKADARAXT,2223,1,1710207
200676561,BOʻSTON,2227,2,1710207
202981349,MARKAZIY,1035,1,1703227
207241949,JARTEPA,4858,3,1718236
202835694,MUGʻOL,4864,3,1718236
202818366,OʻRTA GUZAR,4876,3,1718236
202906074,MURUVVAT,3273,4,1712401
205905042,ISTIQBOL,8652,1,1733230
205933135,TOʻQMANGʻIT,8666,2,1733230
205005466,IPAKCHI,8672,3,1733230
202904814,A.YASSAVIY,6024,4,1724220
303277436,RASULOBOD,6872,4,1727256
202918280,BOGʻIZILOL,6966,1,1727265
202431478,CHAQAR,2944,4,1710401
202461084,MAXSUMOBOD,2937,4,1710401
303870009,OLTIN BOSHOQ,2688,1,1710240
304978188,HOJIMAYDON,2795,2,1710245
202795484,BIRLIK,2124,2,1708225
201740901,OLMAZOR,2134,2,1708228
202861694,OLTINKOʻL,2143,4,1708228
201748684,SHOʻRQUDUQ,2702,4,1710240
305568515,XOʻJAOBOD,10760,2,1710240
204385716,GULOBOD,6972,1,1727265
207305684,IBRATLI,10964,4,1724401
202890382,TINCHLIK,5964,2,1724212
202945859,BOGʻISTON,6050,2,1724228
205588557,BAHORISTON,1749,3,1706246
305907266,HONTEPA,2778,1,1710245
202940153,OLTIN VODIY,9897,2,1708215
201614954,GULOBOD,2416,2,1710229
202859276,ARALIQ,2433,3,1710229
201614993,TINCHLIK,2444,3,1710229
202678154,MOZORKOʻXNA,3588,1,1714224
202670521,YETTIKON,3603,2,1714224
202540864,IPAK YOʻLI,2108,1,1708223
202779455,SAMARQAND,2121,1,1708225
204599077,XOʻJAUBBON,1719,4,1706242
202987822,MIRZAYON,1729,1,1706246
202703050,ISLOMOBOD,4427,3,1718218
207340065,MASHʻAL,15565,1,1726292
207339634,KOʻKOʻZEK,15566,1,1735212
310218544,ABAT MÁKAN,15568,2,1735401
310218552,JAN`A ZAMAN,15572,3,1735401
310207297,ÚLGILI MÁKAN,15575,1,1735225
207336741,YANGI ZAMIN,15580,1,1733221
207336647,YAKKACHIQIR,15581,1,1733221
207336608,NUROBOD,15582,1,1733221
202675965,QATAGʻON,3636,4,1714224
206986813,OYDIN,8654,1,1733230
200701823,VORI,2562,4,1710233
202668324,UZUN,2836,1,1710250
200709186,SANDAL,2849,2,1710250
303192639,AYDARALI,6289,1,1727224
303192646,PARGOS,6315,3,1727224
207108011,TARAQQIYOT,8424,3,1733212
202890485,A.NAVOIY,5959,2,1724212
207074412,DURMANSOY,4580,3,1718227
202873839,DEHQANOBOD,4460,1,1718224
202724334,QOʻSHHOVUZ,10306,4,1718215
202773685,CHAMBIL,7081,4,1727404
202912471,QOSIM OTA FARMONOV,7156,2,1727413
202863312,NAVBAXOR,2052,1,1708218
202823599,MALLAXOVUZ,3411,2,1714212
202927420,OQTOSH,1936,1,1708204
207228353,IFTIXOR,8397,1,1733212
205084385,SHIRIN,5983,4,1724212
303798001,YANGI HAYOT,6002,4,1724216
202451294,OBI-HAYOT,9773,2,1714401
207124673,TINCHLIK,2681,4,1710237
207039675,DOʻSTLIK,2293,1,1710220
201575798,QORATEPA,2324,3,1710220
202925614,MAʻRIFAT,9609,1,1727401
306239654,XURRIYAT ,9639,3,1727401
202883629,UCHQUN,9652,4,1727401
202773836,HAMID OLIMJON,7053,1,1727404
202773757,DOʻSTLIK,7062,2,1727404
202514666,YIK OTA,6562,4,1726264
202782224,DOʻSTLIK,9501,1,1708201
202780124,PARVOZ,292,4,1735236
203822393,MUXTOR,1367,1,1706204
203704168,ALIKA-XOʻJA,1596,2,1706230
202938408,BODOMTEPA,6704,4,1727249
207148707,FAYZOBOD,6709,1,1727250
202944360,QOVUNCHI,6959,4,1727259
204107030,BIRDAMLIK,6243,1,1727220
202836075,QORGʻON,6265,3,1727220
202846467,MALLABOY,6280,3,1727220
202807902,NAVBAHOR,2637,4,1710235
202593854,DOʻRMON,1801,3,1706258
202687325,CHAGʻONIYON,5453,3,1722210
202687318,OBOD TURMUSH,5440,3,1722210
206828288,HAMID OLIMJON,8484,3,1733217
204009026,QIZILOY,6213,2,1727212
203623997,MEXROBOD,5905,1,1722401
201299610,ILGʻOR,5275,3,1722202
200107643,MUSTAQILLIK,3793,2,1714236
202846672,ZARBULOQ,7120,3,1727407
202838144,KOʻK-TERAK,7133,4,1727407
205663962,QATAGʻAN,1467,3,1706212
203768064,SAʻDIY SHEROZIY,4986,1,1718401
202687182,OLOVUDDIN,5409,2,1722210
202649807,SARIJAR,5686,2,1722217
203575203,YOSHLIK,232,1,1735233
204927689,QUTLI MAKAN,107,4,1735211
202779534,QUSSHILIQ,203,3,1735228
202915894,IBN SINO,9735,1,1726277
203844002,YANGIBOGʻ,1950,3,1708204
205835336,ABDULOYI SIFATMUNIY,1842,1,1706401
202950971,SARMIJON,1498,1,1706215
202915903,JARARIQ,9081,3,1726277
202915776,ZANGI-OTA,10614,4,1726277
202855124,CHASHMA,8887,2,1726264
202638954,SANGZOR,10096,4,1708401
202782231,CHOʻLQUVAR,1916,1,1708201
202782191,OLTIN VODIY,9506,3,1708201
202687910,SINA-1,5469,4,1722210
202726189,MASHRAB,6388,1,1727233
203996494,KATTA NOVQAT,2980,4,1710405
303801384,ZARGARLIK,8848,2,1726262
202817676,OBOD,3337,1,1714207
202885499,BOYOVUL,3465,2,1714216
202724666,YANGI TURMUSH,5537,4,1722212
202330041,GULISTON,5543,1,1722214
201971266,2-CHARX KAMOLON,9362,2,1726294
202127768,KATTA CHILONZOR 3,9359,2,1726294
207326611,ORIYAT,10978,1,1726292
202650110,MADANKON,5696,3,1722217
202649989,SHARK YULDIZI,10531,4,1722217
305040707,KATLOS,2504,3,1710232
207179810,PAXLOVON MAHMUD,8737,1,1733236
207179938,QORATEPA,8743,2,1733236
303795171,BOGʻDORCHI,8472,2,1733217
202650142,BOYSUNOBOD,5693,3,1722217
202630128,XIRMONTEPA,9344,1,1726294
201318198,GULISTON,5253,1,1722202
202687174,YOSHLIK,5427,3,1722210
202814292,MULKUSH,1963,1,1708209
207079262,SARBOZOR,1970,2,1708209
202814395,JIYDALI,1973,3,1708209
207083171,SAVRUK,1986,4,1708209
207045788,BUNYODKOR,6755,1,1727253
203499677,KUCHLIK,6764,2,1727253
203331578,ROVATAK ,6772,2,1727253
304969199,BESHARIQ,7538,3,1730215
203304680,CHORBOGʻTOʻRONGʻI,7540,3,1730215
202687870,CHASHMASOR,5411,2,1722210
202687855,GULOBOD,5393,2,1722210
202687483,BOGʻI SHAMOL,5387,2,1722210
202827861,CHUQURSOY,9134,2,1726280
202694261,SHALOLA,9012,4,1726269
202895043,NODIRABEGIM,9007,4,1726269
206476030,ARIQBOSHI,7502,1,1730215
203264828,ABDUVAY,7510,1,1730215
304966234,YANGIQOʻRGʻON,7492,1,1730215
202329531,ZARGARLIK,10567,4,1710405
207193874,YOYILMA,2003,2,1708212
207223638,UCHTEPA,2010,2,1708212
207209961,SOUNGARLIK,2021,3,1708212
202664662,KUMIDON,3621,3,1714224
204767983,SHEROBOD,8436,4,1733212
205588596,BOLIOB,1733,2,1706246
203875834,KOʻLIYON,1738,2,1706246
202589960,NAVO,9963,2,1710401
202454719,BEGLAR,10005,3,1710401
203332781,ESHON SUDUR,3156,4,1712238
203579324,ITTIFOQ,7430,4,1730209
202734131,SAROYQOʻRGʻON,10196,3,1718215
203259570,CHORDARA,7313,3,1730203
203268759,FAROVON,7304,3,1730203
203253381,JAR ARIQ,7325,4,1730203
203561316,SHOʻROQYER,7402,2,1730209
203648672,YORQISHLOQ,714,2,1703211
202829653,SULUVQOʻRGʻON,4179,4,1718206
202700317,KOʻKGUMBAZ,4197,2,1718209
202960334,OLTIN VODIY,3279,2,1712408
203099336,QIPCHAQQURGʻON,1089,1,1703230
204737807,TOJIKON,3019,2,1712216
203244274,QOZIQOʻRGʻON,4712,2,1718233
203643617,CHUMCHUQLI,4722,2,1718233
203640787,MIRISHKOR,4735,3,1718233
203278097,BAHOR,8070,4,1730242
202821593,32-AL XORAZMIY,8086,1,1730401
202878450,XOʻJAMAGʻIZ,8112,2,1730401
204072045,QAVCHINON,4753,4,1718233
202911014,CHORBOG,9752,4,1703232
203135844,BESHKARAM,1227,1,1703236
203070587,BESHQAVOQ,1236,2,1703236
202706355,QORGʻONCHA,3747,3,1714234
203456484,ISTIQLOL,2081,4,1708218
203832302,TARAQQIYOT,9518,2,1708220
202794249,OYBEK,9526,3,1708220
204550914,YANGI,1135,3,1703230
202850258,XONAQA,7798,3,1730227
206855041,DOʻSTLIK,9593,4,1703209
204232565,SHAXRIOBOD,872,1,1703217
207300938,FAROVON,10911,2,1703217
202850424,CHUQURQISHLOQ,7780,2,1730227
202734084,UYSHUN,10289,3,1718215
202756358,YUQORI HOSIL,867,4,1703214
202756397,ZAXIRIDDIN MUHAMMAD BOBUR,848,4,1703214
207154874,TOJIBOY RIZAYEV ,6657,1,1727249
202938257,OʻCHOQ,6686,3,1727249
207226729,OQ TEPA,8332,3,1733204
207227687,KOʻNABIRLASHUV,8334,4,1733204
202858791,GULZOR,9130,2,1726280
202649964,DIYDOR,5707,4,1722217
202286484,TUMOR,625,4,1703206
203586252,BUGʻIRDOQ,3229,4,1712251
203826712,NODIRA,937,3,1703220
200277156,XON KOʻCHA,954,4,1703220
202832785,BALXIYON,4548,2,1718227
207326643,GULSHANOBOD,10982,3,1726292
202712444,CHEP,5237,3,1722201
202504813,TUXTAMISH,5248,4,1722201
202671322,KOFRUN,5301,2,1722204
202671243,TUZBOZOR,5326,4,1722204
205708327,OSMONSOY,2165,4,1708235
202964265,NOGʻOY QOʻRGON,9175,1,1726283
305484390,BOGʻISTON,6341,4,1727224
202911917,TUROPOBOD,6497,4,1727237
202823582,ORZU,9717,1,1714365
205301519,OʻRTA QISHLOQ,8405,2,1733212
202910729,NODIRABEGIM,10488,1,1703232
202842322,Z.M.BOBUR,4093,1,1718203
203645700,CHORBOGʻ,4107,2,1718203
202854441,PRIMKENT,4124,4,1718203
202579016,59-ISTIQBOL,8099,2,1730401
202770373,KICHIK TOSHBULOQ,3434,4,1714212
202740631,XUDDON,3225,3,1712251
202349737,MEHNATOBOD,5353,3,1722207
202660146,SERHARAKAT,5758,1,1722221
202688252,DOʻSTLIK,5764,2,1722221
304973155,BOBOTOGʻ,5782,3,1722221
202817984,BALIQCHI,3843,2,1714237
202817977,OGʻASAROY,3856,2,1714237
202849074,KOʻKTOSH,3872,3,1714237
202790111,CHAGʻATOY,3243,4,1712251
202286341,GULSHAN,567,1,1703206
202911093,QUMSHAYDON,1163,1,1703232
203826736,QIRLIK,932,3,1703220
202760909,YANGIARIQ,5864,1,1722226
202694340,PODSHOBOG,8989,3,1726269
204753598,BOʻSTONOBOD,9114,1,1726280
202820935,XOMKON,5614,1,1722215
201392021,YAKKA-TERAK,10044,2,1722215
203943884,TUT,6228,4,1727212
202839862,YANGI HAYOT,7091,1,1727407
202916878,25-SONLI MIR ALISHER,7214,2,1727419
202688205,CHAQAR,5760,1,1722221
202712372,BIBIZAYNAB,5199,1,1722201
207115834,MUSTAQILLIKNING YIGIRMA YILLIGI,3455,1,1714216
202694150,ULUGʻBEK,8982,2,1726269
302933371,SEBZOR,7757,3,1730226
203634327,SANOAT,7898,1,1730233
202945240,SAXOVAT,10477,4,1733401
207197970,OLMA BOGʻ,9783,1,1733401
202947372,AVESTO,9779,1,1733401
202952201,YANGI HAYOT,9787,2,1733401
202945193,NAVROʻZ,9794,3,1733401
202985492,DARGʻALI,1624,4,1706230
305043164,BOGʻIBALAND,2500,3,1710232
202920351,XOJIOBOD,10717,2,1726262
203783206,YASHNOBOD,9303,2,1726290
202874472,UZUN KOʻCHA,3800,2,1714236
203126554,SHOPULAT,7984,2,1730236
202754954,GULBOGʻ,9568,1,1722203
206926467,KARSH,10928,1,1722217
202649671,XUFAR,5670,1,1722217
202677883,BESHTERAK,2465,1,1710232
205241388,AVLOD,5483,2,1722212
202374335,QOʻYLIQ-OTA,10161,4,1726273
202926952,BOGʻSAROY,9268,4,1726287
202918527,SANOAT,6995,2,1727265
202918123,KOʻKTERAK,7006,3,1727265
207108992,OQ TOM,7027,4,1727265
202885539,PASTKI CHOʻJA,3486,3,1714216
202706284,ISLOMOBOD,3710,1,1714234
202810425,OʻZBEKISTON,3338,1,1714207
202243521,ULUGʻBEK,5481,1,1722212
202706291,QOʻGʻAY,3711,1,1714234
203964408,ZARTEPA,5510,3,1722212
203120911,DOʻSTLIK,2551,3,1710233
206850491,TUQBOY,2835,1,1710250
305061024,UCHTEPA,2851,2,1710250
202668253,BUNYODKOR,2842,2,1710250
306172573,BAYMURZAYEV,10592,1,1727224
305052754,QIZIL-SUV,6305,2,1727224
303209621,BARRAJ,6317,3,1727224
207107718,ARABLAR,8430,3,1733212
207108289,BAHORISTON,8419,3,1733212
207250669,MEHNATOBOD,8437,4,1733212
202832951,HOVUZAK,4570,2,1718227
202832611,ESKI JUMA,4599,3,1718227
202832477,MEHNAT,4587,3,1718227
202892238,FIDOKOR,4469,1,1718224
203564518,DOʻRMANCHA,7428,4,1730209
202671948,MIRPOʻSTIN,1295,2,1703401
202915325,OʻZBEKISTON,7149,1,1727413
207012243,SAMSARAK-NAVBAXOR,6706,4,1727249
305210827,TINCHLIK,2031,4,1708212
203832760,ANJIRZOR,3390,1,1714212
202770413,NOʻGʻAYQOʻRGʻON,3414,2,1714212
207035475,DEXQONOBOD,3431,4,1714212
202890256,SOHIL,5974,3,1724212
202890461,BUNYODKOR,5968,3,1724212
303785714,OʻZBEKISTON,5987,1,1724216
202922769,A.NAVOIY,5931,1,1724206
202770294,SHISHAKI,9724,3,1714365
202769855,MEHNATOBOD,9771,3,1714367
205187755,DARYO,2856,3,1710250
207170475,ELOBOD,2305,1,1710220
206819955,KAPTARXONA,2294,1,1710220
203291558,BALANDCHAYLA,2306,2,1710220
203294291,JONBOʻZ,2321,3,1710220
202773740,QALMOQIR,7055,1,1727404
202773718,YULDUZ,7052,1,1727404
202896263,CHIRCHIQ,6563,4,1727239
207154637,BOZORBOSHI,6671,1,1727249
308818675,SAMAROBOD,6654,1,1727249
200570860,MOZORXOJI ,6678,2,1727249
207177046,KELAJAK TONGI,9754,4,1714367
206817483,XAMID OLIMJON,8746,2,1733236
207179945,TOZADOʻRMAN,8748,2,1733236
207179874,NAVBAHOR,8755,3,1733236
207179881,YANGI YOP,8750,3,1733236
207180004,QADRIYAT,8762,4,1733236
201989923,BOGʻOLON,8756,4,1733236
207180044,MING BOGOʻLON,8759,4,1733236
207180029,ISTIQLOL,8760,4,1733236
303371605,MERGAN OVUL,8445,1,1733217
207109026,BOʻSTON,8446,1,1733217
302841115,SHERMATLAR,8458,1,1733217
303386815,ROVOT,8461,1,1733217
200064303,NAMANGAN,3806,3,1714236
202837589,OYQIRON,3807,3,1714236
203392985,20-GʻIST KOʻPRIK,9908,4,1730405
203523314,22-PARPASHABOF,9909,4,1730405
203456144,27-GʻOZIYOGʻLIK,9911,4,1730405
203477522,35-AZIZ TEPA ,9914,4,1730405
203376918,60-USTA BOZOR,10018,4,1730405
202827656,TOLMOZOR,7563,1,1730218
202824368,CHILON,7569,1,1730218
200171566,NAMUNA,7568,1,1730218
202827664,YANGI XAYOT,7565,1,1730218
202947128,QALACHA,8232,3,1730408
202505029,SUFON,8233,3,1730408
202505044,HAMDOʻSTLIK,8234,3,1730408
202505036,CHOʻLPON,8245,4,1730408
202951353,NAYMAN,8240,4,1730408
304952617,QOʻCHQORCHI,8239,4,1730408
202947143,MIRZO ULUGʻBEK,8237,4,1730408
202947150,BOʻSTON,8241,4,1730408
203236157,QUYI TOVUL,7493,1,1730215
304964696,DOʻSTLIK,7494,1,1730215
202902104,OQSAROY,10566,4,1710405
207196957,SARAYLIK,1997,1,1708212
305137924,TARAQQIYOT,1998,1,1708212
207210614,ESKI TOSHKENTLIK,2000,1,1708212
207210923,ISTIQLOL,1989,1,1708212
207193984,YAXTANLIK,2002,1,1708212
204947735,QAXRAMON,1992,1,1708212
207193898,QULPISAR,1994,1,1708212
207193945,MULKANLIK,1996,1,1708212
207194524,QANGʻLI,2004,2,1708212
204994590,TOQCHILIK,2009,2,1708212
207209939,XAVASTLIK,2025,3,1708212
207237073,FAYZIOBOD,2024,3,1708212
206125554,GULZOR,4133,1,1718206
204487730,SARQIPCHOQ,4155,2,1718206
202829510,SAMARQAND,4178,4,1718206
203274063,YOSHLIK,7274,1,1730203
203257320,BOʻSTON,7294,2,1730203
202286136,SAHOVAT,592,2,1703206
304974296,MATONAT,606,3,1703206
202731247,ETIMQUM,10437,3,1722215
202505083,GULISTON,8235,3,1730408
200107628,NURAFSHON,3795,2,1714236
202694254,UYGʻONISH,8981,2,1726269
202397171,45-YORMOZOR,8125,3,1730401
203424176,51-SOXIBKOR,8146,4,1730401
201785932,YUQORI OBRON,2409,1,1710229
203808496,AVAZMALIK,2767,1,1710245
202319797,AMIR TEMIR,908,2,1703220
202883461,ILGʻOR,9091,3,1726277
203264012,ZIYORAT,1599,2,1706230
203243781,QUYI-YANGIBOZOR,1616,3,1706230
203035050,AVSHOR,1828,1,1706401
203638961,KAFTARXONA,5029,2,1718401
203936924,DAVLATSHOX SAMARQANDIY,5017,2,1718401
202287775,BOGʻARO,5588,4,1722214
202290250,TOYFANG,5599,4,1722214
202720893,QUSHTEGIRMON,5852,1,1722226
202851976,REZAKSOY,3888,4,1714237
203631900,ZARAFSHON,1851,2,1706401
202408963,GULCHORBOGʻ,1877,4,1706401
203284272,FURKAT,1887,4,1706401
203543930,OʻRTA QALʻA,26,2,1735204
203553261,XITOY,43,3,1735204
202781906,BERUNIY,45,4,1735204
202780069,BEGJAP,321,3,1735243
202650087,AFROSIYOB,5704,4,1722217
202784553,NURAFSHON,5737,3,1722220
203629664,TURON,5913,2,1722401
202767272,MAJNUNTOL,5918,3,1722401
202314764,YUQORI XOʻJAQIYA,5260,1,1722202
201318221,MARKAZ,5281,3,1722202
202731151,ALPOMISH,5329,1,1722207
207106892,POLVONLAR YURTI,5523,3,1722212
202285160,QARSOQLI,5549,1,1722214
202630071,NAFOSAT,9373,3,1726294
202916545,XALQABOG,10571,1,1726266
202702718,CHIMBOY,4542,1,1718227
202950236,BESH CHINOR,5089,3,1718401
205054991,ABAY OFY,52,1,1735207
202649933,XAMKORLIK,5700,3,1722217
207179803,BOʻSTON,8735,1,1733236
203499455,DOʻSTLIK,5649,4,1722215
203539372,10-YOGʻ BOZORI ,8183,3,1730405
203549788,6-TOʻGʻONBOSHI,9906,4,1730405
202916861,28-QUYOSH,7223,3,1727419
202919683,31-SONLI KAMOLOT,7232,4,1727419
303902228,JAYXUN,8460,1,1733217
303228567,ADOLAT,8468,2,1733217
202630150,SHARQ,9341,1,1726294
202630111,MEHRJON,9390,4,1726294
202920296,GʻAYRATIY,8937,3,1726266
202659564,NAVOIY,3695,4,1714229
202945296,ARBAGʻISH,3770,1,1714236
202308842,QORASUV,5254,1,1722202
202305087,GʻOʻBDIN,1959,1,1708209
202814371,TOZAURUGʻ,1971,2,1708209
202793313,CHAQAR,9065,2,1726277
202915737,OLMAZOR,9079,2,1726277
203065814,INGICHKA,8034,3,1730238
202688094,QUYOSHLI YURT,5374,1,1722210
303131143,PASTKI XONOBOD,7616,4,1730218
207158931,OʻCHOQLI,6754,1,1727253
207189173,TARAQQIYOT,6768,2,1727253
202781953,BOYOVUL,32,3,1735204
202921438,XASTIMOM,9135,3,1726280
202767652,ACHAOBOD,9163,4,1726280
202426783,DILBOGʻ,9292,1,1726290
202914073,CHUSTIY,9144,3,1726280
202842837,XALQLAR DOʻSTLIGI,7541,3,1730215
202712340,QIZILTEPA,5215,2,1722201
202659826,YUQORI MACHAY,5319,3,1722204
202320212,MUXTOR ASHRAFIY ,1863,3,1706401
202908816,NAMUNA,9138,3,1726280
207226450,TOZABOZOR,8324,3,1733204
207225745,OBOD,8342,4,1733204
305591876,JUVARXOS,9821,1,1733220
205235727,YANGIBOZAR,9818,1,1733220
202851010,CHAMANBOG,9120,1,1726280
202908903,QOʻSHTUT,9149,3,1726280
202694199,A.NAVOI,8972,1,1726269
207110295,ARALXON,599,3,1703206
202286112,SORTEPA,623,4,1703206
203819854,BESHKALTAK,924,3,1703220
203819894,ESHONOBOD,944,3,1703220
200277164,BUYUK ZAMIN,946,4,1703220
204552208,ORTISH,1095,1,1703230
202912005,YANGI DARXON,10980,1,1726292
202912170,TOSHKENT,10985,4,1726292
202712475,MOʻMINQUL,5229,3,1722201
202491658,BOʻSTON,5241,4,1722201
202649695,BOGʻI SHIRIN,5658,1,1722217
203645771,BOGʻIBOLO,5299,2,1722204
202659834,OʻRTA MACHAY,5315,3,1722204
304476385,DAXNAIJOM,5309,3,1722204
202870534,VANDOB,5802,1,1722223
202659145,FAYZIOBOD,3677,2,1714229
202638923,NURLIOBOD,2183,1,1708401
202984368,YORQIN HAYOT,9178,3,1726292
202911853,MEVAZOR,6451,2,1727237
202911838,NAYMAN,6445,2,1727237
202912298,ZARAFSHON,6504,4,1727237
202911971,SAXOVAT,6488,4,1727237
202770531,MULLAKUDING,3436,4,1714212
202770524,FAROVON,3440,4,1714212
202192000,YANGI TONG,9729,3,1714365
207187034,OʻZBEKISTON,8415,2,1733212
203819823,JANNAT MAKON,913,2,1703220
203819879,NAVNIXOL,933,3,1703220
202846221,GOʻZALKENT,4099,1,1718203
202839539,A.NAVOIY,4103,2,1718203
202846214,OYTAMGʻALI,4112,3,1718203
202839507,UZUNQISHLOQ,4126,4,1718203
202650048,GAVXARBULOQ,10929,1,1722217
310236934,YANGI O‘ZBEKISTON,15921,1,1724235
310314308,"""YANGI AVLOD"" Fuqarolarning o‘zini-o‘zi boshqarish organi",2314,2,1710220
310157606,"""JALOYIR"" Fuqarolarning o‘zini-o‘zi boshqarish organi",8036,3,1730238
